,mean_fit_time,std_fit_time,mean_score_time,std_score_time,param_NN__alpha,param_NN__hidden_layer_sizes,param_ica__n_components,params,split0_test_score,split1_test_score,split2_test_score,split3_test_score,split4_test_score,mean_test_score,std_test_score,rank_test_score
0,0.23330335617065429,0.005685430183660211,0.006250762939453125,0.007655590856251494,0.1,"(32, 32)",2,"{'NN__alpha': 0.1, 'NN__hidden_layer_sizes': (32, 32), 'ica__n_components': 2}",0.14285714285714288,0.14285714285714285,0.14285714285714285,0.14285714285714285,0.14285714285714285,0.14285714285714285,1.2412670766236365e-17,118
1,0.19785847663879394,0.01581305845627473,0.003121805191040039,0.006243610382080078,0.1,"(32, 32)",3,"{'NN__alpha': 0.1, 'NN__hidden_layer_sizes': (32, 32), 'ica__n_components': 3}",0.14285714285714288,0.14285714285714285,0.14285714285714285,0.14285714285714285,0.14285714285714285,0.14285714285714285,1.2412670766236365e-17,118
2,0.17280726432800292,0.0005003218603097844,0.0,0.0,0.1,"(32, 32)",4,"{'NN__alpha': 0.1, 'NN__hidden_layer_sizes': (32, 32), 'ica__n_components': 4}",0.14285714285714288,0.14285714285714285,0.14285714285714285,0.14285714285714285,0.14285714285714285,0.14285714285714285,1.2412670766236365e-17,118
3,0.8633616924285888,0.3700231885355287,0.0016033172607421875,0.0032066345214843747,0.1,"(32, 32)",5,"{'NN__alpha': 0.1, 'NN__hidden_layer_sizes': (32, 32), 'ica__n_components': 5}",0.9104305896289016,0.14285714285714285,0.9158633299091813,0.9221513087985631,0.9054592938657025,0.7593523330118982,0.30829771383624777,62
4,0.4730130672454834,0.307568603228021,0.0031403541564941407,0.006280708312988281,0.1,"(32, 32)",6,"{'NN__alpha': 0.1, 'NN__hidden_layer_sizes': (32, 32), 'ica__n_components': 6}",0.14285714285714288,0.9102849129721815,0.14285714285714285,0.14285714285714285,0.14285714285714285,0.2963426968801505,0.30697110804601546,89
5,0.18778200149536134,0.01263318316457186,0.003125762939453125,0.00625152587890625,0.1,"(32, 32)",7,"{'NN__alpha': 0.1, 'NN__hidden_layer_sizes': (32, 32), 'ica__n_components': 7}",0.14285714285714288,0.14285714285714285,0.14285714285714285,0.14285714285714285,0.14285714285714285,0.14285714285714285,1.2412670766236365e-17,118
6,1.1859191417694093,0.5195178202881315,0.0025153160095214844,0.005030632019042969,0.1,"(32, 32)",8,"{'NN__alpha': 0.1, 'NN__hidden_layer_sizes': (32, 32), 'ica__n_components': 8}",0.9149855540141215,0.9210304284450059,0.9344783709664494,0.14285714285714285,0.9196144141066608,0.7665931820778761,0.31193548686767064,60
7,0.518261194229126,0.40682332085094425,0.0018013954162597657,0.0036027908325195314,0.1,"(32, 32)",9,"{'NN__alpha': 0.1, 'NN__hidden_layer_sizes': (32, 32), 'ica__n_components': 9}",0.9236490571242081,0.14285714285714285,0.14285714285714285,0.9059585245360765,0.14285714285714285,0.45163580204634257,0.3782164539656428,82
8,0.1867831230163574,0.014510059405266677,0.0001556873321533203,0.0003113746643066406,0.1,"(32, 32)",10,"{'NN__alpha': 0.1, 'NN__hidden_layer_sizes': (32, 32), 'ica__n_components': 10}",0.14285714285714288,0.14285714285714285,0.14285714285714285,0.14285714285714285,0.14285714285714285,0.14285714285714285,1.2412670766236365e-17,118
9,0.8665016651153564,0.327921525409238,0.0,0.0,0.1,"(32, 32)",11,"{'NN__alpha': 0.1, 'NN__hidden_layer_sizes': (32, 32), 'ica__n_components': 11}",0.9287596195043847,0.9078909371007556,0.920999176910568,0.9227313076779182,0.14285714285714285,0.7646476368101539,0.31096979126568014,61
10,0.5080541610717774,0.31610426180701,0.0031341075897216796,0.006268215179443359,0.1,"(32, 32)",12,"{'NN__alpha': 0.1, 'NN__hidden_layer_sizes': (32, 32), 'ica__n_components': 12}",0.14285714285714288,0.9134810208004752,0.9281282470238694,0.14285714285714285,0.14285714285714285,0.45403613927915465,0.3811430254444118,80
11,0.9540581703186035,0.08372504177251335,0.0009012699127197265,0.0018025398254394533,0.1,"(32, 32)",13,"{'NN__alpha': 0.1, 'NN__hidden_layer_sizes': (32, 32), 'ica__n_components': 13}",0.9200610097044796,0.9146250253609994,0.9243582240830709,0.9307066307956031,0.924402125075634,0.9228306030039575,0.005326110645809351,15
12,0.9520778179168701,0.0992884765449905,0.0031264781951904296,0.006252956390380859,0.1,"(32, 32)",14,"{'NN__alpha': 0.1, 'NN__hidden_layer_sizes': (32, 32), 'ica__n_components': 14}",0.9270534745855556,0.9115556351546387,0.9372127590167948,0.9256764580125865,0.9263382018182558,0.9255673057175663,0.008182400472163065,8
13,0.16618070602416993,0.008131082143056708,0.0,0.0,0.1,"(32,)",2,"{'NN__alpha': 0.1, 'NN__hidden_layer_sizes': (32,), 'ica__n_components': 2}",0.14285714285714288,0.14285714285714285,0.14285714285714285,0.14285714285714285,0.14285714285714285,0.14285714285714285,1.2412670766236365e-17,118
14,0.16942915916442872,0.011334059204229415,0.0,0.0,0.1,"(32,)",3,"{'NN__alpha': 0.1, 'NN__hidden_layer_sizes': (32,), 'ica__n_components': 3}",0.14285714285714288,0.14285714285714285,0.14285714285714285,0.14285714285714285,0.14285714285714285,0.14285714285714285,1.2412670766236365e-17,118
15,0.12555475234985353,0.000349645716200481,0.0,0.0,0.1,"(32,)",4,"{'NN__alpha': 0.1, 'NN__hidden_layer_sizes': (32,), 'ica__n_components': 4}",0.14285714285714288,0.14285714285714285,0.14285714285714285,0.14285714285714285,0.14285714285714285,0.14285714285714285,1.2412670766236365e-17,118
16,0.1289501667022705,0.005871623611073722,0.0031258583068847655,0.00625171661376953,0.1,"(32,)",5,"{'NN__alpha': 0.1, 'NN__hidden_layer_sizes': (32,), 'ica__n_components': 5}",0.14285714285714288,0.14285714285714285,0.14285714285714285,0.14285714285714285,0.14285714285714285,0.14285714285714285,1.2412670766236365e-17,118
17,0.25941834449768064,0.028572212771935616,0.005941581726074219,0.0072931826466531464,0.1,"(32,)",6,"{'NN__alpha': 0.1, 'NN__hidden_layer_sizes': (32,), 'ica__n_components': 6}",0.143244289585753,0.14285714285714285,0.14285714285714285,0.14363143631436315,0.14285714285714285,0.14308943089430892,0.0003097173828881194,113
18,0.14791154861450195,0.006577738869884028,0.0,0.0,0.1,"(32,)",7,"{'NN__alpha': 0.1, 'NN__hidden_layer_sizes': (32,), 'ica__n_components': 7}",0.14285714285714288,0.20753089968381722,0.2588582764331323,0.2106960211307182,0.17173938156432256,0.19833634433382663,0.0392059841062394,98
19,0.16666741371154786,0.007728193776735309,0.0,0.0,0.1,"(32,)",8,"{'NN__alpha': 0.1, 'NN__hidden_layer_sizes': (32,), 'ica__n_components': 8}",0.14256912442396316,0.14285714285714285,0.1472567499460565,0.14285714285714285,0.143244289585753,0.14375688993401164,0.001763045985360231,111
20,0.15731525421142578,0.008812558197830628,0.0,0.0,0.1,"(32,)",9,"{'NN__alpha': 0.1, 'NN__hidden_layer_sizes': (32,), 'ica__n_components': 9}",0.14256912442396316,0.14285714285714285,0.14285714285714285,0.14285714285714285,0.14285714285714285,0.1427995391705069,0.00011520737327187501,248
21,0.15018715858459472,0.011395931763251727,0.0008030891418457031,0.0016061782836914063,0.1,"(32,)",10,"{'NN__alpha': 0.1, 'NN__hidden_layer_sizes': (32,), 'ica__n_components': 10}",0.14285714285714288,0.14285714285714285,0.14285714285714285,0.14285714285714285,0.14285714285714285,0.14285714285714285,1.2412670766236365e-17,118
22,0.18236918449401857,0.038590495526361415,0.0031248092651367187,0.006249618530273437,0.1,"(32,)",11,"{'NN__alpha': 0.1, 'NN__hidden_layer_sizes': (32,), 'ica__n_components': 11}",0.14285714285714288,0.14285714285714285,0.14285714285714285,0.14285714285714285,0.14285714285714285,0.14285714285714285,1.2412670766236365e-17,118
23,0.21493864059448242,0.078337284549375,0.0,0.0,0.1,"(32,)",12,"{'NN__alpha': 0.1, 'NN__hidden_layer_sizes': (32,), 'ica__n_components': 12}",0.14285714285714288,0.14285714285714285,0.14285714285714285,0.14285714285714285,0.14285714285714285,0.14285714285714285,1.2412670766236365e-17,118
24,0.17180247306823732,0.03451830338510682,0.003290271759033203,0.006136676828939813,0.1,"(32,)",13,"{'NN__alpha': 0.1, 'NN__hidden_layer_sizes': (32,), 'ica__n_components': 13}",0.14285714285714288,0.14285714285714285,0.14285714285714285,0.14285714285714285,0.14285714285714285,0.14285714285714285,1.2412670766236365e-17,118
25,0.3250288963317871,0.2578649658228502,0.0,0.0,0.1,"(32,)",14,"{'NN__alpha': 0.1, 'NN__hidden_layer_sizes': (32,), 'ica__n_components': 14}",0.14285714285714288,0.14285714285714285,0.14285714285714285,0.14285714285714285,0.8820094551406773,0.29068760531384974,0.2956609249134138,92
26,0.15713515281677246,0.0008663298509651997,0.003146934509277344,0.006293869018554688,0.1,"(16,)",2,"{'NN__alpha': 0.1, 'NN__hidden_layer_sizes': (16,), 'ica__n_components': 2}",0.14285714285714288,0.14285714285714285,0.14285714285714285,0.14285714285714285,0.14285714285714285,0.14285714285714285,1.2412670766236365e-17,118
27,0.14771633148193358,0.013342505828454707,0.0,0.0,0.1,"(16,)",3,"{'NN__alpha': 0.1, 'NN__hidden_layer_sizes': (16,), 'ica__n_components': 3}",0.14266825271939357,0.142381972828064,0.14285714285714285,0.14285714285714285,0.1422811059907834,0.1426091234505053,0.00023904659869357212,260
28,0.11539092063903808,0.005583196127060412,0.0,0.0,0.1,"(16,)",4,"{'NN__alpha': 0.1, 'NN__hidden_layer_sizes': (16,), 'ica__n_components': 4}",0.14285714285714288,0.14285714285714285,0.14285714285714285,0.14285714285714285,0.14285714285714285,0.14285714285714285,1.2412670766236365e-17,118
29,0.1099167823791504,0.00031690457625285464,0.0,0.0,0.1,"(16,)",5,"{'NN__alpha': 0.1, 'NN__hidden_layer_sizes': (16,), 'ica__n_components': 5}",0.14285714285714288,0.14285714285714285,0.14285714285714285,0.14285714285714285,0.14285714285714285,0.14285714285714285,1.2412670766236365e-17,118
30,0.2586463451385498,0.02858861983805007,0.0,0.0,0.1,"(16,)",6,"{'NN__alpha': 0.1, 'NN__hidden_layer_sizes': (16,), 'ica__n_components': 6}",0.14285714285714288,0.14285714285714285,0.14285714285714285,0.14285714285714285,0.14285714285714285,0.14285714285714285,1.2412670766236365e-17,118
31,0.15542116165161132,0.012386192254131843,0.0,0.0,0.1,"(16,)",7,"{'NN__alpha': 0.1, 'NN__hidden_layer_sizes': (16,), 'ica__n_components': 7}",0.14285714285714288,0.14285714285714285,0.14285714285714285,0.14285714285714285,0.14285714285714285,0.14285714285714285,1.2412670766236365e-17,118
32,0.11636471748352051,0.0077297427829513135,0.0,0.0,0.1,"(16,)",8,"{'NN__alpha': 0.1, 'NN__hidden_layer_sizes': (16,), 'ica__n_components': 8}",0.14285714285714288,0.14285714285714285,0.14285714285714285,0.14285714285714285,0.14285714285714285,0.14285714285714285,1.2412670766236365e-17,118
33,0.13195910453796386,0.0076472585847380025,0.0035129547119140624,0.006103085289626051,0.1,"(16,)",9,"{'NN__alpha': 0.1, 'NN__hidden_layer_sizes': (16,), 'ica__n_components': 9}",0.14285714285714288,0.14285714285714285,0.14285714285714285,0.14285714285714285,0.14285714285714285,0.14285714285714285,1.2412670766236365e-17,118
34,0.12626924514770507,0.009915221379367982,0.006251287460327148,0.007656232711378617,0.1,"(16,)",10,"{'NN__alpha': 0.1, 'NN__hidden_layer_sizes': (16,), 'ica__n_components': 10}",0.14285714285714288,0.14285714285714285,0.14285714285714285,0.14285714285714285,0.14285714285714285,0.14285714285714285,1.2412670766236365e-17,118
35,0.2237380027770996,0.05773394404750295,0.0,0.0,0.1,"(16,)",11,"{'NN__alpha': 0.1, 'NN__hidden_layer_sizes': (16,), 'ica__n_components': 11}",0.14285714285714288,0.14285714285714285,0.14285714285714285,0.14285714285714285,0.2162097398623756,0.1575276622581894,0.0293410388020931,104
36,0.22034797668457032,0.07420341565263536,0.003111410140991211,0.006222820281982422,0.1,"(16,)",12,"{'NN__alpha': 0.1, 'NN__hidden_layer_sizes': (16,), 'ica__n_components': 12}",0.14285714285714288,0.14285714285714285,0.14285714285714285,0.14285714285714285,0.14285714285714285,0.14285714285714285,1.2412670766236365e-17,118
37,0.1634451389312744,0.030304862167709622,0.0,0.0,0.1,"(16,)",13,"{'NN__alpha': 0.1, 'NN__hidden_layer_sizes': (16,), 'ica__n_components': 13}",0.14285714285714288,0.14285714285714285,0.14285714285714285,0.14285714285714285,0.14285714285714285,0.14285714285714285,1.2412670766236365e-17,118
38,0.20763778686523438,0.015174520589408397,0.0031247615814208986,0.006249523162841797,0.1,"(16,)",14,"{'NN__alpha': 0.1, 'NN__hidden_layer_sizes': (16,), 'ica__n_components': 14}",0.2134263422127309,0.1936730721144521,0.19949195755251603,0.15776697513518914,0.2101590111523235,0.19490347163344232,0.019887260639313096,99
39,0.218056058883667,0.0074518859263036415,0.0,0.0,0.1,"(16, 16)",2,"{'NN__alpha': 0.1, 'NN__hidden_layer_sizes': (16, 16), 'ica__n_components': 2}",0.14285714285714288,0.14285714285714285,0.14285714285714285,0.14285714285714285,0.14285714285714285,0.14285714285714285,1.2412670766236365e-17,118
40,0.19667763710021974,0.01791358723973162,0.0,0.0,0.1,"(16, 16)",3,"{'NN__alpha': 0.1, 'NN__hidden_layer_sizes': (16, 16), 'ica__n_components': 3}",0.14285714285714288,0.14285714285714285,0.14285714285714285,0.14285714285714285,0.14285714285714285,0.14285714285714285,1.2412670766236365e-17,118
41,0.14485111236572265,0.006033019629352822,0.003124523162841797,0.006249046325683594,0.1,"(16, 16)",4,"{'NN__alpha': 0.1, 'NN__hidden_layer_sizes': (16, 16), 'ica__n_components': 4}",0.14285714285714288,0.14285714285714285,0.14285714285714285,0.14285714285714285,0.14285714285714285,0.14285714285714285,1.2412670766236365e-17,118
42,0.16336026191711425,0.009652029358558847,0.0,0.0,0.1,"(16, 16)",5,"{'NN__alpha': 0.1, 'NN__hidden_layer_sizes': (16, 16), 'ica__n_components': 5}",0.14256912442396316,0.14285714285714285,0.14256970393791318,0.14285714285714285,0.14285714285714285,0.142742051386661,0.0001409578073402136,256
43,0.27527413368225095,0.02976327207703083,0.0062350273132324215,0.00763634648924535,0.1,"(16, 16)",6,"{'NN__alpha': 0.1, 'NN__hidden_layer_sizes': (16, 16), 'ica__n_components': 6}",0.14285714285714288,0.14285714285714285,0.14285714285714285,0.14285714285714285,0.14285714285714285,0.14285714285714285,1.2412670766236365e-17,118
44,0.17926425933837892,0.0073731772710344,0.0012175559997558594,0.002435111999511719,0.1,"(16, 16)",7,"{'NN__alpha': 0.1, 'NN__hidden_layer_sizes': (16, 16), 'ica__n_components': 7}",0.14285714285714288,0.14285714285714285,0.14285714285714285,0.14285714285714285,0.14285714285714285,0.14285714285714285,1.2412670766236365e-17,118
45,0.15141029357910157,0.006213166855301964,0.0,0.0,0.1,"(16, 16)",8,"{'NN__alpha': 0.1, 'NN__hidden_layer_sizes': (16, 16), 'ica__n_components': 8}",0.14285714285714288,0.14285714285714285,0.14285714285714285,0.14285714285714285,0.14285714285714285,0.14285714285714285,1.2412670766236365e-17,118
46,0.2658084869384766,0.16186274418333962,0.007234621047973633,0.006831716875722865,0.1,"(16, 16)",9,"{'NN__alpha': 0.1, 'NN__hidden_layer_sizes': (16, 16), 'ica__n_components': 9}",0.14285714285714288,0.14838980975801902,0.3860306762500412,0.14285714285714285,0.14391534391534389,0.19281002312753798,0.09663192671033786,102
47,0.18181071281433106,0.008259767942346499,0.0015224456787109376,0.000382809806444082,0.1,"(16, 16)",10,"{'NN__alpha': 0.1, 'NN__hidden_layer_sizes': (16, 16), 'ica__n_components': 10}",0.14256912442396316,0.14285714285714285,0.14285714285714285,0.14285714285714285,0.14285714285714285,0.1427995391705069,0.00011520737327187501,248
48,0.2398015022277832,0.05808364557737531,0.0013216018676757812,0.0004000246971981041,0.1,"(16, 16)",11,"{'NN__alpha': 0.1, 'NN__hidden_layer_sizes': (16, 16), 'ica__n_components': 11}",0.14285714285714288,0.14285714285714285,0.14285714285714285,0.14285714285714285,0.14285714285714285,0.14285714285714285,1.2412670766236365e-17,118
49,0.23425655364990233,0.09658405334072516,0.0022319793701171876,0.0005816736650978117,0.1,"(16, 16)",12,"{'NN__alpha': 0.1, 'NN__hidden_layer_sizes': (16, 16), 'ica__n_components': 12}",0.14285714285714288,0.14285714285714285,0.14285714285714285,0.14285714285714285,0.14285714285714285,0.14285714285714285,1.2412670766236365e-17,118
50,0.5780152320861817,0.4859202561093752,0.002047109603881836,0.0007514121734497717,0.1,"(16, 16)",13,"{'NN__alpha': 0.1, 'NN__hidden_layer_sizes': (16, 16), 'ica__n_components': 13}",0.14285714285714288,0.14285714285714285,0.14285714285714285,0.9210043745970293,0.9207638807893647,0.45406793679156454,0.3811538313800174,79
51,0.2375654697418213,0.012864044015205172,0.0010715007781982421,0.00018164550612621456,0.1,"(16, 16)",14,"{'NN__alpha': 0.1, 'NN__hidden_layer_sizes': (16, 16), 'ica__n_components': 14}",0.14285714285714288,0.16057786907274074,0.25915602013162986,0.143244289585753,0.14285714285714285,0.1697384929008819,0.04522514339310314,103
52,0.2619959831237793,0.0009213241996955357,0.0015964508056640625,0.0004980530905350337,0.1,"(32, 16, 32)",2,"{'NN__alpha': 0.1, 'NN__hidden_layer_sizes': (32, 16, 32), 'ica__n_components': 2}",0.14285714285714288,0.14285714285714285,0.14285714285714285,0.14285714285714285,0.14285714285714285,0.14285714285714285,1.2412670766236365e-17,118
53,0.34537506103515625,0.24915646455629575,0.0017135143280029297,0.0006513399048572846,0.1,"(32, 16, 32)",3,"{'NN__alpha': 0.1, 'NN__hidden_layer_sizes': (32, 16, 32), 'ica__n_components': 3}",0.14285714285714288,0.14285714285714285,0.14285714285714285,0.6183356341528039,0.14285714285714285,0.23795284111627507,0.19019139651826442,93
54,0.23293075561523438,0.012328581084751607,0.0,0.0,0.1,"(32, 16, 32)",4,"{'NN__alpha': 0.1, 'NN__hidden_layer_sizes': (32, 16, 32), 'ica__n_components': 4}",0.14285714285714288,0.14285714285714285,0.14285714285714285,0.14285714285714285,0.14285714285714285,0.14285714285714285,1.2412670766236365e-17,118
55,1.0544117927551269,0.21695411478679827,0.009370565414428711,0.007651054933001199,0.1,"(32, 16, 32)",5,"{'NN__alpha': 0.1, 'NN__hidden_layer_sizes': (32, 16, 32), 'ica__n_components': 5}",0.9155358680625979,0.6319467647358658,0.9319293781844644,0.6103321830137362,0.9096308097392457,0.7998750007471821,0.14627953010603462,55
56,1.548647689819336,0.26569658856789724,0.0019016742706298828,0.0038033485412597655,0.1,"(32, 16, 32)",6,"{'NN__alpha': 0.1, 'NN__hidden_layer_sizes': (32, 16, 32), 'ica__n_components': 6}",0.9010595079068773,0.9107481487489391,0.9213440013901808,0.9070613734130494,0.914234894625458,0.910889585216901,0.006808693595305581,40
57,1.2002705574035644,0.40719966304886007,0.0,0.0,0.1,"(32, 16, 32)",7,"{'NN__alpha': 0.1, 'NN__hidden_layer_sizes': (32, 16, 32), 'ica__n_components': 7}",0.9129007854809879,0.8813009946065139,0.9178895596779382,0.8771514098229405,0.8714203653722054,0.892132622992117,0.019315770229629683,47
58,0.7149714469909668,0.27678309240209903,0.0,0.0,0.1,"(32, 16, 32)",8,"{'NN__alpha': 0.1, 'NN__hidden_layer_sizes': (32, 16, 32), 'ica__n_components': 8}",0.9185564369308163,0.9049051957895261,0.5101050486634195,0.6850740722706485,0.20986630949258803,0.6457014126293996,0.2651510071130577,64
59,1.2505125999450684,0.6646756843228806,0.0,0.0,0.1,"(32, 16, 32)",9,"{'NN__alpha': 0.1, 'NN__hidden_layer_sizes': (32, 16, 32), 'ica__n_components': 9}",0.925091877920321,0.7918861580739065,0.8848811949193224,0.14285714285714285,0.8524598863955668,0.7194352520332519,0.2915661197406692,63
60,0.637779712677002,0.850395502298198,0.003125762939453125,0.00625152587890625,0.1,"(32, 16, 32)",10,"{'NN__alpha': 0.1, 'NN__hidden_layer_sizes': (32, 16, 32), 'ica__n_components': 10}",0.14285714285714288,0.8934086102972458,0.14285714285714285,0.14285714285714285,0.14285714285714285,0.2929674363451634,0.3002205869760412,91
61,1.4784308910369872,0.2980856054116272,0.0,0.0,0.1,"(32, 16, 32)",11,"{'NN__alpha': 0.1, 'NN__hidden_layer_sizes': (32, 16, 32), 'ica__n_components': 11}",0.9168346873495868,0.8987548864404915,0.9033304055131753,0.928743996906666,0.9149429086377091,0.9125213769695257,0.010598415706860105,39
62,0.9997048854827881,0.6280786637083171,0.0,0.0,0.1,"(32, 16, 32)",12,"{'NN__alpha': 0.1, 'NN__hidden_layer_sizes': (32, 16, 32), 'ica__n_components': 12}",0.9251401085694538,0.14285714285714285,0.14285714285714285,0.9191843905885477,0.9184080941250832,0.609689375799474,0.3811740398969633,70
63,0.9625111103057862,0.23550829045521687,0.007887649536132812,0.007010344050413723,0.1,"(32, 16, 32)",13,"{'NN__alpha': 0.1, 'NN__hidden_layer_sizes': (32, 16, 32), 'ica__n_components': 13}",0.9305261558938522,0.8981805295154219,0.9122623178466861,0.9182714489892406,0.9240771091005372,0.9166635122691476,0.011051795605770168,30
64,1.4002399921417237,0.2181569456527096,0.003847694396972656,0.00606698434268709,0.1,"(32, 16, 32)",14,"{'NN__alpha': 0.1, 'NN__hidden_layer_sizes': (32, 16, 32), 'ica__n_components': 14}",0.8879027345605224,0.8741791948298401,0.9288197219178973,0.8937141320779917,0.9079029513357321,0.8985037469443968,0.01862476357696569,46
65,0.23596749305725098,0.0004123903384909122,0.0,0.0,0.01,"(32, 32)",2,"{'NN__alpha': 0.01, 'NN__hidden_layer_sizes': (32, 32), 'ica__n_components': 2}",0.14285714285714288,0.14285714285714285,0.14285714285714285,0.14285714285714285,0.14285714285714285,0.14285714285714285,1.2412670766236365e-17,118
66,0.19168853759765625,0.011289611997012167,0.003156089782714844,0.0063121795654296885,0.01,"(32, 32)",3,"{'NN__alpha': 0.01, 'NN__hidden_layer_sizes': (32, 32), 'ica__n_components': 3}",0.14285714285714288,0.14285714285714285,0.14285714285714285,0.14285714285714285,0.14285714285714285,0.14285714285714285,1.2412670766236365e-17,118
67,0.16985855102539063,0.006666276214838559,0.0,0.0,0.01,"(32, 32)",4,"{'NN__alpha': 0.01, 'NN__hidden_layer_sizes': (32, 32), 'ica__n_components': 4}",0.14285714285714288,0.14285714285714285,0.14285714285714285,0.14285714285714285,0.14285714285714285,0.14285714285714285,1.2412670766236365e-17,118
68,0.9929858207702636,0.06531726108623832,0.0,0.0,0.01,"(32, 32)",5,"{'NN__alpha': 0.01, 'NN__hidden_layer_sizes': (32, 32), 'ica__n_components': 5}",0.9154312830915535,0.9039792975374371,0.9244276831494203,0.9173732561444721,0.9173627915921413,0.9157148623030048,0.006620922680610964,32
69,0.6469141483306885,0.41554070588810943,0.0007033824920654296,0.001406764984130859,0.01,"(32, 32)",6,"{'NN__alpha': 0.01, 'NN__hidden_layer_sizes': (32, 32), 'ica__n_components': 6}",0.14285714285714288,0.9164442334148634,0.9309516539214263,0.14285714285714285,0.14285714285714285,0.45519346318154363,0.3825598149514079,77
70,0.18896818161010742,0.01150407187190184,0.0,0.0,0.01,"(32, 32)",7,"{'NN__alpha': 0.01, 'NN__hidden_layer_sizes': (32, 32), 'ica__n_components': 7}",0.14285714285714288,0.14285714285714285,0.14285714285714285,0.14285714285714285,0.14285714285714285,0.14285714285714285,1.2412670766236365e-17,118
71,0.9981958389282226,0.41427486488337734,0.0,0.0,0.01,"(32, 32)",8,"{'NN__alpha': 0.01, 'NN__hidden_layer_sizes': (32, 32), 'ica__n_components': 8}",0.9207694582110622,0.9219095637533374,0.9354923937958316,0.14285714285714285,0.920510819220785,0.7683078755676318,0.3127756483601644,59
72,0.5768164157867431,0.3294463182980807,0.003117275238037109,0.006234550476074218,0.01,"(32, 32)",9,"{'NN__alpha': 0.01, 'NN__hidden_layer_sizes': (32, 32), 'ica__n_components': 9}",0.9265957799566524,0.14285714285714285,0.9061051826141611,0.9154061531953547,0.14285714285714285,0.6067642802960908,0.37883416794583974,71
73,0.367124080657959,0.3657192823154842,0.003109455108642578,0.006218910217285156,0.01,"(32, 32)",10,"{'NN__alpha': 0.01, 'NN__hidden_layer_sizes': (32, 32), 'ica__n_components': 10}",0.14285714285714288,0.14285714285714285,0.14285714285714285,0.14285714285714285,0.9255641817694787,0.2993985506396101,0.31308281556493434,86
74,0.9546020030975342,0.11350412527203035,0.0031251430511474608,0.0062502861022949215,0.01,"(32, 32)",11,"{'NN__alpha': 0.01, 'NN__hidden_layer_sizes': (32, 32), 'ica__n_components': 11}",0.9279521072488288,0.9126021268648817,0.9229143211623249,0.931088095580835,0.9208700120317347,0.9230853325777211,0.0063649698102460515,14
75,0.8574297428131104,0.256447906264124,0.006297874450683594,0.007713671286409638,0.01,"(32, 32)",12,"{'NN__alpha': 0.01, 'NN__hidden_layer_sizes': (32, 32), 'ica__n_components': 12}",0.14285714285714288,0.9216009259411442,0.9349106025643424,0.9253266200730142,0.9284615510595311,0.770631368499035,0.31391748590553026,58
76,0.9116333961486817,0.07448156797133369,0.0,0.0,0.01,"(32, 32)",13,"{'NN__alpha': 0.01, 'NN__hidden_layer_sizes': (32, 32), 'ica__n_components': 13}",0.9296861853254211,0.9243076166954483,0.9298396401380724,0.9351800674637633,0.9251693613683039,0.9288365741982018,0.00389686523141262,6
77,0.8711235046386718,0.14006077234493658,0.003124570846557617,0.006249141693115234,0.01,"(32, 32)",14,"{'NN__alpha': 0.01, 'NN__hidden_layer_sizes': (32, 32), 'ica__n_components': 14}",0.9266301804777074,0.9201493903782088,0.9393752737757146,0.9285158544776632,0.9202618936826501,0.9269865185583889,0.007041505556174189,7
78,0.16454319953918456,0.007182563199369501,0.0,0.0,0.01,"(32,)",2,"{'NN__alpha': 0.01, 'NN__hidden_layer_sizes': (32,), 'ica__n_components': 2}",0.14285714285714288,0.14285714285714285,0.14285714285714285,0.14285714285714285,0.14285714285714285,0.14285714285714285,1.2412670766236365e-17,118
79,0.166420316696167,0.0159906458134885,0.003128385543823242,0.006256771087646484,0.01,"(32,)",3,"{'NN__alpha': 0.01, 'NN__hidden_layer_sizes': (32,), 'ica__n_components': 3}",0.14285714285714288,0.14285714285714285,0.14285714285714285,0.14285714285714285,0.14285714285714285,0.14285714285714285,1.2412670766236365e-17,118
80,0.12645263671875,0.0015254958044373925,0.0,0.0,0.01,"(32,)",4,"{'NN__alpha': 0.01, 'NN__hidden_layer_sizes': (32,), 'ica__n_components': 4}",0.14285714285714288,0.14285714285714285,0.14285714285714285,0.14285714285714285,0.14285714285714285,0.14285714285714285,1.2412670766236365e-17,118
81,0.13002924919128417,0.006291498076218578,0.0,0.0,0.01,"(32,)",5,"{'NN__alpha': 0.01, 'NN__hidden_layer_sizes': (32,), 'ica__n_components': 5}",0.14285714285714288,0.14285714285714285,0.14285714285714285,0.14285714285714285,0.14285714285714285,0.14285714285714285,1.2412670766236365e-17,118
82,0.2645836353302002,0.03002608283350162,0.0,0.0,0.01,"(32,)",6,"{'NN__alpha': 0.01, 'NN__hidden_layer_sizes': (32,), 'ica__n_components': 6}",0.143244289585753,0.14285714285714285,0.14285714285714285,0.14363143631436315,0.14285714285714285,0.14308943089430892,0.0003097173828881194,113
83,0.14535179138183593,0.013046112542945796,0.0,0.0,0.01,"(32,)",7,"{'NN__alpha': 0.01, 'NN__hidden_layer_sizes': (32,), 'ica__n_components': 7}",0.14285714285714288,0.21241736131072148,0.2588582764331323,0.21224460804515877,0.17080230750707587,0.19943593923064626,0.03971054907548447,97
84,0.16360740661621093,0.010081154639284757,0.0031246662139892576,0.006249332427978515,0.01,"(32,)",8,"{'NN__alpha': 0.01, 'NN__hidden_layer_sizes': (32,), 'ica__n_components': 8}",0.14373056460979358,0.14285714285714285,0.1501311391383532,0.14285714285714285,0.1444057297715834,0.14479634384680315,0.0027301833820146185,110
85,0.15120515823364258,0.007748182767432113,0.0,0.0,0.01,"(32,)",9,"{'NN__alpha': 0.01, 'NN__hidden_layer_sizes': (32,), 'ica__n_components': 9}",0.14256912442396316,0.14285714285714285,0.14285714285714285,0.14285714285714285,0.14285714285714285,0.1427995391705069,0.00011520737327187501,248
86,0.14811277389526367,0.0079732265563578,0.0,0.0,0.01,"(32,)",10,"{'NN__alpha': 0.01, 'NN__hidden_layer_sizes': (32,), 'ica__n_components': 10}",0.14285714285714288,0.14285714285714285,0.14285714285714285,0.14285714285714285,0.14285714285714285,0.14285714285714285,1.2412670766236365e-17,118
87,0.19521574974060057,0.04510051049232604,0.0008804798126220703,0.0017609596252441406,0.01,"(32,)",11,"{'NN__alpha': 0.01, 'NN__hidden_layer_sizes': (32,), 'ica__n_components': 11}",0.14285714285714288,0.14285714285714285,0.14285714285714285,0.14285714285714285,0.14285714285714285,0.14285714285714285,1.2412670766236365e-17,118
88,0.21377139091491698,0.08195824279006436,0.0,0.0,0.01,"(32,)",12,"{'NN__alpha': 0.01, 'NN__hidden_layer_sizes': (32,), 'ica__n_components': 12}",0.14285714285714288,0.14285714285714285,0.14285714285714285,0.14285714285714285,0.14285714285714285,0.14285714285714285,1.2412670766236365e-17,118
89,0.16522617340087892,0.03441674785498604,0.006251907348632813,0.007656991461653424,0.01,"(32,)",13,"{'NN__alpha': 0.01, 'NN__hidden_layer_sizes': (32,), 'ica__n_components': 13}",0.14285714285714288,0.14285714285714285,0.14285714285714285,0.14285714285714285,0.14285714285714285,0.14285714285714285,1.2412670766236365e-17,118
90,0.49675569534301756,0.377805163883789,0.0031251907348632812,0.0062503814697265625,0.01,"(32,)",14,"{'NN__alpha': 0.01, 'NN__hidden_layer_sizes': (32,), 'ica__n_components': 14}",0.9123090515996984,0.14285714285714285,0.14285714285714285,0.14285714285714285,0.9094286278624714,0.45006182160671965,0.37624845734240114,83
91,0.16335663795471192,0.007587699106619393,0.0,0.0,0.01,"(16,)",2,"{'NN__alpha': 0.01, 'NN__hidden_layer_sizes': (16,), 'ica__n_components': 2}",0.14285714285714288,0.14285714285714285,0.14285714285714285,0.14285714285714285,0.14285714285714285,0.14285714285714285,1.2412670766236365e-17,118
92,0.1499627113342285,0.008815069300086163,0.0,0.0,0.01,"(16,)",3,"{'NN__alpha': 0.01, 'NN__hidden_layer_sizes': (16,), 'ica__n_components': 3}",0.14285714285714288,0.14276911955667412,0.14285714285714285,0.14285714285714285,0.14266825271939354,0.14280176016949925,7.495515340684313e-05,247
93,0.11350669860839843,0.00409666066445407,0.0,0.0,0.01,"(16,)",4,"{'NN__alpha': 0.01, 'NN__hidden_layer_sizes': (16,), 'ica__n_components': 4}",0.14285714285714288,0.14285714285714285,0.14285714285714285,0.14285714285714285,0.14285714285714285,0.14285714285714285,1.2412670766236365e-17,118
94,0.10819149017333984,0.0042851809041532666,0.0,0.0,0.01,"(16,)",5,"{'NN__alpha': 0.01, 'NN__hidden_layer_sizes': (16,), 'ica__n_components': 5}",0.14285714285714288,0.14285714285714285,0.14285714285714285,0.14285714285714285,0.14285714285714285,0.14285714285714285,1.2412670766236365e-17,118
95,0.2515124320983887,0.01689981835654206,0.003122901916503906,0.006245803833007812,0.01,"(16,)",6,"{'NN__alpha': 0.01, 'NN__hidden_layer_sizes': (16,), 'ica__n_components': 6}",0.14285714285714288,0.14285714285714285,0.14285714285714285,0.14285714285714285,0.14285714285714285,0.14285714285714285,1.2412670766236365e-17,118
96,0.1444714069366455,0.006023416825296116,0.003123903274536133,0.006247806549072267,0.01,"(16,)",7,"{'NN__alpha': 0.01, 'NN__hidden_layer_sizes': (16,), 'ica__n_components': 7}",0.14285714285714288,0.14285714285714285,0.14285714285714285,0.14285714285714285,0.14285714285714285,0.14285714285714285,1.2412670766236365e-17,118
97,0.1146763801574707,0.00922307992940249,0.0,0.0,0.01,"(16,)",8,"{'NN__alpha': 0.01, 'NN__hidden_layer_sizes': (16,), 'ica__n_components': 8}",0.14285714285714288,0.14285714285714285,0.14285714285714285,0.14285714285714285,0.14285714285714285,0.14285714285714285,1.2412670766236365e-17,118
98,0.13198285102844237,0.008034398206589551,0.003110933303833008,0.006221866607666016,0.01,"(16,)",9,"{'NN__alpha': 0.01, 'NN__hidden_layer_sizes': (16,), 'ica__n_components': 9}",0.14285714285714288,0.14285714285714285,0.14285714285714285,0.14285714285714285,0.14285714285714285,0.14285714285714285,1.2412670766236365e-17,118
99,0.12824878692626954,0.012179085958306806,0.0041256904602050785,0.0060638432875162905,0.01,"(16,)",10,"{'NN__alpha': 0.01, 'NN__hidden_layer_sizes': (16,), 'ica__n_components': 10}",0.14285714285714288,0.14285714285714285,0.14285714285714285,0.14285714285714285,0.14285714285714285,0.14285714285714285,1.2412670766236365e-17,118
100,0.22027158737182617,0.05104498043723725,0.0,0.0,0.01,"(16,)",11,"{'NN__alpha': 0.01, 'NN__hidden_layer_sizes': (16,), 'ica__n_components': 11}",0.14285714285714288,0.14285714285714285,0.14285714285714285,0.14285714285714285,0.20514561712437399,0.15531483771058907,0.02491538970689245,105
101,0.22893233299255372,0.07705303819029916,0.0,0.0,0.01,"(16,)",12,"{'NN__alpha': 0.01, 'NN__hidden_layer_sizes': (16,), 'ica__n_components': 12}",0.14285714285714288,0.14285714285714285,0.14285714285714285,0.14285714285714285,0.14285714285714285,0.14285714285714285,1.2412670766236365e-17,118
102,0.1590129852294922,0.035574337914413376,0.0031111717224121095,0.006222343444824218,0.01,"(16,)",13,"{'NN__alpha': 0.01, 'NN__hidden_layer_sizes': (16,), 'ica__n_components': 13}",0.14285714285714288,0.14285714285714285,0.14285714285714285,0.14285714285714285,0.14285714285714285,0.14285714285714285,1.2412670766236365e-17,118
103,0.210723352432251,0.02118216692191021,0.0,0.0,0.01,"(16,)",14,"{'NN__alpha': 0.01, 'NN__hidden_layer_sizes': (16,), 'ica__n_components': 14}",0.23707975847039578,0.20500003505352674,0.21014433484375084,0.17239815543316725,0.21443635807325812,0.2078117283748197,0.020822925467295035,96
104,0.21351523399353028,0.008133797040974338,0.0,0.0,0.01,"(16, 16)",2,"{'NN__alpha': 0.01, 'NN__hidden_layer_sizes': (16, 16), 'ica__n_components': 2}",0.14285714285714288,0.14285714285714285,0.14285714285714285,0.14285714285714285,0.14285714285714285,0.14285714285714285,1.2412670766236365e-17,118
105,0.1925506114959717,0.014091265206525316,0.0,0.0,0.01,"(16, 16)",3,"{'NN__alpha': 0.01, 'NN__hidden_layer_sizes': (16, 16), 'ica__n_components': 3}",0.14285714285714288,0.14285714285714285,0.14285714285714285,0.14285714285714285,0.14285714285714285,0.14285714285714285,1.2412670766236365e-17,118
106,0.1412405014038086,0.0005691010751087058,0.003123950958251953,0.006247901916503906,0.01,"(16, 16)",4,"{'NN__alpha': 0.01, 'NN__hidden_layer_sizes': (16, 16), 'ica__n_components': 4}",0.14285714285714288,0.14285714285714285,0.14285714285714285,0.14285714285714285,0.14285714285714285,0.14285714285714285,1.2412670766236365e-17,118
107,0.167185640335083,0.008027673841073238,0.0,0.0,0.01,"(16, 16)",5,"{'NN__alpha': 0.01, 'NN__hidden_layer_sizes': (16, 16), 'ica__n_components': 5}",0.14256912442396316,0.14285714285714285,0.14256970393791318,0.14285714285714285,0.14285714285714285,0.142742051386661,0.0001409578073402136,256
108,0.2806080341339111,0.030670462533065455,0.00315399169921875,0.0063079833984375,0.01,"(16, 16)",6,"{'NN__alpha': 0.01, 'NN__hidden_layer_sizes': (16, 16), 'ica__n_components': 6}",0.14285714285714288,0.14285714285714285,0.14285714285714285,0.14285714285714285,0.14285714285714285,0.14285714285714285,1.2412670766236365e-17,118
109,0.18267202377319336,0.008075101538453013,0.0,0.0,0.01,"(16, 16)",7,"{'NN__alpha': 0.01, 'NN__hidden_layer_sizes': (16, 16), 'ica__n_components': 7}",0.14285714285714288,0.14285714285714285,0.14285714285714285,0.14285714285714285,0.14285714285714285,0.14285714285714285,1.2412670766236365e-17,118
110,0.15182619094848632,0.006626408623024088,0.0,0.0,0.01,"(16, 16)",8,"{'NN__alpha': 0.01, 'NN__hidden_layer_sizes': (16, 16), 'ica__n_components': 8}",0.14285714285714288,0.14285714285714285,0.14285714285714285,0.14285714285714285,0.14285714285714285,0.14285714285714285,1.2412670766236365e-17,118
111,0.36318173408508303,0.3616980415953949,0.0031246185302734376,0.006249237060546876,0.01,"(16, 16)",9,"{'NN__alpha': 0.01, 'NN__hidden_layer_sizes': (16, 16), 'ica__n_components': 9}",0.14391534391534394,0.15844271981092906,0.8759432325914827,0.14285714285714285,0.1455026455026455,0.2933322169355088,0.2913597446629322,90
112,0.16919431686401368,0.005504010618552556,0.0,0.0,0.01,"(16, 16)",10,"{'NN__alpha': 0.01, 'NN__hidden_layer_sizes': (16, 16), 'ica__n_components': 10}",0.14256912442396316,0.14285714285714285,0.14285714285714285,0.14285714285714285,0.14285714285714285,0.1427995391705069,0.00011520737327187501,248
113,0.2279825210571289,0.041120481072205325,0.001115131378173828,0.002230262756347656,0.01,"(16, 16)",11,"{'NN__alpha': 0.01, 'NN__hidden_layer_sizes': (16, 16), 'ica__n_components': 11}",0.14285714285714288,0.14285714285714285,0.14285714285714285,0.14285714285714285,0.14285714285714285,0.14285714285714285,1.2412670766236365e-17,118
114,0.21517472267150878,0.0741964564372227,0.0,0.0,0.01,"(16, 16)",12,"{'NN__alpha': 0.01, 'NN__hidden_layer_sizes': (16, 16), 'ica__n_components': 12}",0.14285714285714288,0.14285714285714285,0.14285714285714285,0.14285714285714285,0.14285714285714285,0.14285714285714285,1.2412670766236365e-17,118
115,0.6150575637817383,0.35345815112606227,0.0,0.0,0.01,"(16, 16)",13,"{'NN__alpha': 0.01, 'NN__hidden_layer_sizes': (16, 16), 'ica__n_components': 13}",0.9303498016726697,0.14285714285714285,0.14285714285714285,0.9318856942004481,0.9217181282077515,0.6139335819590309,0.3846479220378056,67
116,0.6291309356689453,0.4916136977799595,0.0031248092651367187,0.006249618530273437,0.01,"(16, 16)",14,"{'NN__alpha': 0.01, 'NN__hidden_layer_sizes': (16, 16), 'ica__n_components': 14}",0.14411771133840373,0.9138047199527763,0.2589624467673248,0.14363143631436315,0.920048537583117,0.476112970391197,0.36237329589748357,74
117,0.24859914779663086,0.006265625056592362,0.0,0.0,0.01,"(32, 16, 32)",2,"{'NN__alpha': 0.01, 'NN__hidden_layer_sizes': (32, 16, 32), 'ica__n_components': 2}",0.14285714285714288,0.14285714285714285,0.14285714285714285,0.14285714285714285,0.14285714285714285,0.14285714285714285,1.2412670766236365e-17,118
118,1.4847113609313964,0.25656261053587515,0.0,0.0,0.01,"(32, 16, 32)",3,"{'NN__alpha': 0.01, 'NN__hidden_layer_sizes': (32, 16, 32), 'ica__n_components': 3}",0.8734058400282836,0.8632485021660898,0.8750897839061995,0.8640555385545299,0.8698895008665221,0.869137833104325,0.004790000890742099,51
119,0.2264735221862793,0.006015121882920794,0.003124380111694336,0.006248760223388672,0.01,"(32, 16, 32)",4,"{'NN__alpha': 0.01, 'NN__hidden_layer_sizes': (32, 16, 32), 'ica__n_components': 4}",0.14285714285714288,0.14285714285714285,0.14285714285714285,0.14285714285714285,0.14285714285714285,0.14285714285714285,1.2412670766236365e-17,118
120,1.3860735416412353,0.40852304738974227,0.0,0.0,0.01,"(32, 16, 32)",5,"{'NN__alpha': 0.01, 'NN__hidden_layer_sizes': (32, 16, 32), 'ica__n_components': 5}",0.9166504359718277,0.909156031230713,0.9357447087417151,0.9117268385860375,0.9143567995122297,0.9175269628085045,0.009449004582320718,27
121,1.335361623764038,0.2541739578668015,0.0,0.0,0.01,"(32, 16, 32)",6,"{'NN__alpha': 0.01, 'NN__hidden_layer_sizes': (32, 16, 32), 'ica__n_components': 6}",0.9121040961212219,0.9132238403728706,0.9336263518321566,0.9138874134161206,0.9155501190087577,0.9176783641502256,0.008051761199834596,25
122,1.0576053142547608,0.3461719109039634,0.0,0.0,0.01,"(32, 16, 32)",7,"{'NN__alpha': 0.01, 'NN__hidden_layer_sizes': (32, 16, 32), 'ica__n_components': 7}",0.9168466103548508,0.8862128843065937,0.8767694726115008,0.8726359895180227,0.8836911610184957,0.8872312235618928,0.015576323586070823,49
123,1.5184430122375487,0.4446101687785815,0.0,0.0,0.01,"(32, 16, 32)",8,"{'NN__alpha': 0.01, 'NN__hidden_layer_sizes': (32, 16, 32), 'ica__n_components': 8}",0.9071038016321288,0.9093243978940702,0.9139109286736228,0.9340945277706848,0.8478381510265827,0.9024543613994179,0.028927835014445968,43
124,1.7231635093688964,0.41360826730126365,0.0031165122985839845,0.006233024597167969,0.01,"(32, 16, 32)",9,"{'NN__alpha': 0.01, 'NN__hidden_layer_sizes': (32, 16, 32), 'ica__n_components': 9}",0.9260213761400061,0.9049889360860734,0.9172460116680042,0.9222126679988494,0.9154612041069116,0.917186039199969,0.0071425227068856205,28
125,1.2151623249053956,0.14682454053381266,0.003125429153442383,0.006250858306884766,0.01,"(32, 16, 32)",10,"{'NN__alpha': 0.01, 'NN__hidden_layer_sizes': (32, 16, 32), 'ica__n_components': 10}",0.8699980147650083,0.898285700474471,0.9285177932501255,0.9109808005753673,0.9071528335944335,0.9029870285318811,0.019201311336547202,42
126,1.3506886959075928,0.23831332930424334,0.0031230926513671877,0.0062461853027343745,0.01,"(32, 16, 32)",11,"{'NN__alpha': 0.01, 'NN__hidden_layer_sizes': (32, 16, 32), 'ica__n_components': 11}",0.9067735844530239,0.9097634977965018,0.9132642593566591,0.9312715071615396,0.9093905091362996,0.9140926715808048,0.008834248948453896,36
127,1.2120907306671143,0.10427059924288068,0.0,0.0,0.01,"(32, 16, 32)",12,"{'NN__alpha': 0.01, 'NN__hidden_layer_sizes': (32, 16, 32), 'ica__n_components': 12}",0.9260165546594993,0.9154703465504084,0.9250225894651108,0.926080155283625,0.9163258064790287,0.9217830904875344,0.004827297860046409,17
128,1.0490163803100585,0.4162065408861034,0.0,0.0,0.01,"(32, 16, 32)",13,"{'NN__alpha': 0.01, 'NN__hidden_layer_sizes': (32, 16, 32), 'ica__n_components': 13}",0.9206112500369222,0.9251079500974247,0.9113733133313331,0.9234016107646142,0.9260474840642825,0.9213083216589153,0.00530035838732683,18
129,1.2454183578491211,0.1340440083938476,0.0035355091094970703,0.005857825396409747,0.01,"(32, 16, 32)",14,"{'NN__alpha': 0.01, 'NN__hidden_layer_sizes': (32, 16, 32), 'ica__n_components': 14}",0.8930197377682557,0.9127609817015829,0.9299625120646419,0.9156204015867305,0.9239495053868545,0.9150626277016132,0.012589526056643697,33
130,0.23425474166870117,0.008041223392337133,0.0031249523162841797,0.006249904632568359,0.001,"(32, 32)",2,"{'NN__alpha': 0.001, 'NN__hidden_layer_sizes': (32, 32), 'ica__n_components': 2}",0.14285714285714288,0.14285714285714285,0.14285714285714285,0.14285714285714285,0.14285714285714285,0.14285714285714285,1.2412670766236365e-17,118
131,0.18952603340148927,0.015537625378242579,0.0,0.0,0.001,"(32, 32)",3,"{'NN__alpha': 0.001, 'NN__hidden_layer_sizes': (32, 32), 'ica__n_components': 3}",0.14285714285714288,0.14285714285714285,0.14285714285714285,0.14285714285714285,0.14285714285714285,0.14285714285714285,1.2412670766236365e-17,118
132,0.16503825187683105,0.007255454645303694,0.007537555694580078,0.006991676910707252,0.001,"(32, 32)",4,"{'NN__alpha': 0.001, 'NN__hidden_layer_sizes': (32, 32), 'ica__n_components': 4}",0.14285714285714288,0.14285714285714285,0.14285714285714285,0.14285714285714285,0.14285714285714285,0.14285714285714285,1.2412670766236365e-17,118
133,0.9623725414276123,0.07498809693778345,0.0,0.0,0.001,"(32, 32)",5,"{'NN__alpha': 0.001, 'NN__hidden_layer_sizes': (32, 32), 'ica__n_components': 5}",0.9128504310731334,0.903730912228625,0.9244276831494203,0.918424238877423,0.9149973604004501,0.9148861251458105,0.006814026368913226,34
134,0.5811868190765381,0.3456591596684958,0.006235551834106445,0.007637004425331661,0.001,"(32, 32)",6,"{'NN__alpha': 0.001, 'NN__hidden_layer_sizes': (32, 32), 'ica__n_components': 6}",0.14285714285714288,0.9142747040876511,0.9253922927469881,0.14285714285714285,0.14285714285714285,0.4536476850812135,0.3806553582726212,81
135,0.18537020683288574,0.006647927912572623,0.00311131477355957,0.00622262954711914,0.001,"(32, 32)",7,"{'NN__alpha': 0.001, 'NN__hidden_layer_sizes': (32, 32), 'ica__n_components': 7}",0.14285714285714288,0.14285714285714285,0.14285714285714285,0.14285714285714285,0.14285714285714285,0.14285714285714285,1.2412670766236365e-17,118
136,1.2483551979064942,0.12989517922026636,0.0,0.0,0.001,"(32, 32)",8,"{'NN__alpha': 0.001, 'NN__hidden_layer_sizes': (32, 32), 'ica__n_components': 8}",0.9282265676852215,0.9249830065606908,0.9392654714626905,0.93659982120508,0.9199352126309542,0.9298020159089274,0.0071948014982019,4
137,0.6350568771362305,0.3834577824860516,0.0031276226043701174,0.006255245208740234,0.001,"(32, 32)",9,"{'NN__alpha': 0.001, 'NN__hidden_layer_sizes': (32, 32), 'ica__n_components': 9}",0.9266275954996244,0.14285714285714285,0.930287325359158,0.9271637150038823,0.14285714285714285,0.61395858431539,0.3846547473106069,66
138,0.31359257698059084,0.2599866332119986,0.0,0.0,0.001,"(32, 32)",10,"{'NN__alpha': 0.001, 'NN__hidden_layer_sizes': (32, 32), 'ica__n_components': 10}",0.14285714285714288,0.14285714285714285,0.14285714285714285,0.14285714285714285,0.918847094121686,0.2980551331100515,0.3103959805058173,88
139,0.9801595687866211,0.0826246781107194,0.0016171455383300782,0.0032342910766601568,0.001,"(32, 32)",11,"{'NN__alpha': 0.001, 'NN__hidden_layer_sizes': (32, 32), 'ica__n_components': 11}",0.9277538506579679,0.9117302182833005,0.9287296955348033,0.9320390065259578,0.9180217862244835,0.9236549114453025,0.007573350557144054,13
140,0.8810596466064453,0.31784028361791505,0.0,0.0,0.001,"(32, 32)",12,"{'NN__alpha': 0.001, 'NN__hidden_layer_sizes': (32, 32), 'ica__n_components': 12}",0.14285714285714288,0.928036654845934,0.9275654869680484,0.928486924952708,0.9286317070827638,0.7711155833413195,0.31412944193936265,57
141,0.9644929885864257,0.06587323094006671,0.006792926788330078,0.007284665387977594,0.001,"(32, 32)",13,"{'NN__alpha': 0.001, 'NN__hidden_layer_sizes': (32, 32), 'ica__n_components': 13}",0.9333654342182693,0.9242822178060333,0.9320527048522025,0.9353080379562808,0.9261598392123928,0.9302336468090358,0.004263377195804475,3
142,0.874715518951416,0.21337714413605258,0.006438446044921875,0.007889335221367217,0.001,"(32, 32)",14,"{'NN__alpha': 0.001, 'NN__hidden_layer_sizes': (32, 32), 'ica__n_components': 14}",0.9346693038575612,0.9170598982598064,0.9341105190382262,0.9376629610326974,0.9304827300450533,0.9307970824466689,0.007237710912650704,1
143,0.1615762233734131,0.0039028889632658345,0.003124570846557617,0.006249141693115233,0.001,"(32,)",2,"{'NN__alpha': 0.001, 'NN__hidden_layer_sizes': (32,), 'ica__n_components': 2}",0.14285714285714288,0.14285714285714285,0.14285714285714285,0.14285714285714285,0.14285714285714285,0.14285714285714285,1.2412670766236365e-17,118
144,0.16042037010192872,0.018450826102433163,0.0,0.0,0.001,"(32,)",3,"{'NN__alpha': 0.001, 'NN__hidden_layer_sizes': (32,), 'ica__n_components': 3}",0.14285714285714288,0.14285714285714285,0.14285714285714285,0.14285714285714285,0.14285714285714285,0.14285714285714285,1.2412670766236365e-17,118
145,0.12728004455566405,0.006164355940693337,0.0,0.0,0.001,"(32,)",4,"{'NN__alpha': 0.001, 'NN__hidden_layer_sizes': (32,), 'ica__n_components': 4}",0.14285714285714288,0.14285714285714285,0.14285714285714285,0.14285714285714285,0.14285714285714285,0.14285714285714285,1.2412670766236365e-17,118
146,0.12737488746643066,0.008580325773121041,0.0,0.0,0.001,"(32,)",5,"{'NN__alpha': 0.001, 'NN__hidden_layer_sizes': (32,), 'ica__n_components': 5}",0.14285714285714288,0.14285714285714285,0.14285714285714285,0.14285714285714285,0.14285714285714285,0.14285714285714285,1.2412670766236365e-17,118
147,0.2694427490234375,0.033862359549808464,0.0,0.0,0.001,"(32,)",6,"{'NN__alpha': 0.001, 'NN__hidden_layer_sizes': (32,), 'ica__n_components': 6}",0.143244289585753,0.14285714285714285,0.14285714285714285,0.14363143631436315,0.14285714285714285,0.14308943089430892,0.0003097173828881194,113
148,0.15215654373168946,0.01745085785453056,0.0,0.0,0.001,"(32,)",7,"{'NN__alpha': 0.001, 'NN__hidden_layer_sizes': (32,), 'ica__n_components': 7}",0.14285714285714288,0.21212992239149178,0.2588582764331323,0.21166857117879934,0.14285714285714285,0.19367421114354183,0.04489570468735922,100
149,0.16433353424072267,0.010931045329044079,0.0,0.0,0.001,"(32,)",8,"{'NN__alpha': 0.001, 'NN__hidden_layer_sizes': (32,), 'ica__n_components': 8}",0.14373056460979358,0.14285714285714285,0.15041857805758285,0.14285714285714285,0.14479287650019357,0.14493126097637116,0.0028346217639304023,108
150,0.1522069454193115,0.006331720988208027,0.0,0.0,0.001,"(32,)",9,"{'NN__alpha': 0.001, 'NN__hidden_layer_sizes': (32,), 'ica__n_components': 9}",0.14256912442396316,0.14285714285714285,0.14285714285714285,0.14285714285714285,0.14285714285714285,0.1427995391705069,0.00011520737327187501,248
151,0.14384980201721193,0.012071489510600632,0.00019803047180175782,0.0003960609436035156,0.001,"(32,)",10,"{'NN__alpha': 0.001, 'NN__hidden_layer_sizes': (32,), 'ica__n_components': 10}",0.14285714285714288,0.14285714285714285,0.14285714285714285,0.14285714285714285,0.14285714285714285,0.14285714285714285,1.2412670766236365e-17,118
152,0.18862838745117189,0.049443176839398806,0.0,0.0,0.001,"(32,)",11,"{'NN__alpha': 0.001, 'NN__hidden_layer_sizes': (32,), 'ica__n_components': 11}",0.14285714285714288,0.14285714285714285,0.14285714285714285,0.14285714285714285,0.14285714285714285,0.14285714285714285,1.2412670766236365e-17,118
153,0.2113525390625,0.0747034108479182,0.0,0.0,0.001,"(32,)",12,"{'NN__alpha': 0.001, 'NN__hidden_layer_sizes': (32,), 'ica__n_components': 12}",0.14285714285714288,0.14285714285714285,0.14285714285714285,0.14285714285714285,0.14285714285714285,0.14285714285714285,1.2412670766236365e-17,118
154,0.17359261512756347,0.0384762592705754,0.0,0.0,0.001,"(32,)",13,"{'NN__alpha': 0.001, 'NN__hidden_layer_sizes': (32,), 'ica__n_components': 13}",0.14285714285714288,0.14285714285714285,0.14285714285714285,0.14285714285714285,0.14285714285714285,0.14285714285714285,1.2412670766236365e-17,118
155,0.5724241256713867,0.3111463238820752,0.003125905990600586,0.006251811981201172,0.001,"(32,)",14,"{'NN__alpha': 0.001, 'NN__hidden_layer_sizes': (32,), 'ica__n_components': 14}",0.9084612901925941,0.911411466634618,0.14285714285714285,0.14285714285714285,0.906077471289817,0.602332902766263,0.3751641931279843,72
156,0.16228985786437988,0.0071150997706122855,0.0,0.0,0.001,"(16,)",2,"{'NN__alpha': 0.001, 'NN__hidden_layer_sizes': (16,), 'ica__n_components': 2}",0.14285714285714288,0.14285714285714285,0.14285714285714285,0.14285714285714285,0.14285714285714285,0.14285714285714285,1.2412670766236365e-17,118
157,0.14749650955200194,0.015767168769555247,0.003123188018798828,0.0062463760375976556,0.001,"(16,)",3,"{'NN__alpha': 0.001, 'NN__hidden_layer_sizes': (16,), 'ica__n_components': 3}",0.14285714285714288,0.14315626628528427,0.14285714285714285,0.14285714285714285,0.14266825271939354,0.14287918951522127,0.00015666782295027564,116
158,0.11612672805786133,0.009354947312875323,0.0,0.0,0.001,"(16,)",4,"{'NN__alpha': 0.001, 'NN__hidden_layer_sizes': (16,), 'ica__n_components': 4}",0.14285714285714288,0.14285714285714285,0.14285714285714285,0.14285714285714285,0.14285714285714285,0.14285714285714285,1.2412670766236365e-17,118
159,0.0987217903137207,0.006415785248061401,0.0031246662139892576,0.006249332427978514,0.001,"(16,)",5,"{'NN__alpha': 0.001, 'NN__hidden_layer_sizes': (16,), 'ica__n_components': 5}",0.14285714285714288,0.14285714285714285,0.14285714285714285,0.14285714285714285,0.14285714285714285,0.14285714285714285,1.2412670766236365e-17,118
160,0.2553553104400635,0.023097332984874767,0.0,0.0,0.001,"(16,)",6,"{'NN__alpha': 0.001, 'NN__hidden_layer_sizes': (16,), 'ica__n_components': 6}",0.14285714285714288,0.14285714285714285,0.14285714285714285,0.14285714285714285,0.14285714285714285,0.14285714285714285,1.2412670766236365e-17,118
161,0.14133081436157227,0.010348818353654242,0.0,0.0,0.001,"(16,)",7,"{'NN__alpha': 0.001, 'NN__hidden_layer_sizes': (16,), 'ica__n_components': 7}",0.14285714285714288,0.14285714285714285,0.14285714285714285,0.14285714285714285,0.14285714285714285,0.14285714285714285,1.2412670766236365e-17,118
162,0.12663421630859376,0.010883271778215024,0.0014119148254394531,0.0012512804971485923,0.001,"(16,)",8,"{'NN__alpha': 0.001, 'NN__hidden_layer_sizes': (16,), 'ica__n_components': 8}",0.14285714285714288,0.14285714285714285,0.14285714285714285,0.14285714285714285,0.14285714285714285,0.14285714285714285,1.2412670766236365e-17,118
163,0.12996382713317872,0.005910305634553352,0.0,0.0,0.001,"(16,)",9,"{'NN__alpha': 0.001, 'NN__hidden_layer_sizes': (16,), 'ica__n_components': 9}",0.14285714285714288,0.14285714285714285,0.14285714285714285,0.14285714285714285,0.14285714285714285,0.14285714285714285,1.2412670766236365e-17,118
164,0.13016462326049805,0.014437506738705126,0.0,0.0,0.001,"(16,)",10,"{'NN__alpha': 0.001, 'NN__hidden_layer_sizes': (16,), 'ica__n_components': 10}",0.14285714285714288,0.14285714285714285,0.14285714285714285,0.14285714285714285,0.14285714285714285,0.14285714285714285,1.2412670766236365e-17,118
165,0.2167985439300537,0.05183722423594794,0.0,0.0,0.001,"(16,)",11,"{'NN__alpha': 0.001, 'NN__hidden_layer_sizes': (16,), 'ica__n_components': 11}",0.14285714285714288,0.14285714285714285,0.14285714285714285,0.14285714285714285,0.2011227255129694,0.15451025938830815,0.023306233062330615,106
166,0.216455078125,0.0686170397779506,0.0,0.0,0.001,"(16,)",12,"{'NN__alpha': 0.001, 'NN__hidden_layer_sizes': (16,), 'ica__n_components': 12}",0.14285714285714288,0.14285714285714285,0.14285714285714285,0.14285714285714285,0.14285714285714285,0.14285714285714285,1.2412670766236365e-17,118
167,0.1584075927734375,0.03250713250009933,0.0031111717224121095,0.006222343444824218,0.001,"(16,)",13,"{'NN__alpha': 0.001, 'NN__hidden_layer_sizes': (16,), 'ica__n_components': 13}",0.14285714285714288,0.14285714285714285,0.14285714285714285,0.14285714285714285,0.14285714285714285,0.14285714285714285,1.2412670766236365e-17,118
168,0.21011204719543458,0.013622445875613764,0.0031244754791259766,0.006248950958251953,0.001,"(16,)",14,"{'NN__alpha': 0.001, 'NN__hidden_layer_sizes': (16,), 'ica__n_components': 14}",0.24239912329998875,0.2073229154251876,0.18883958026128123,0.17327157718581793,0.24506622082349858,0.21137988339915484,0.02854375528983778,95
169,0.21680827140808107,0.006216328408849152,0.0,0.0,0.001,"(16, 16)",2,"{'NN__alpha': 0.001, 'NN__hidden_layer_sizes': (16, 16), 'ica__n_components': 2}",0.14285714285714288,0.14285714285714285,0.14285714285714285,0.14285714285714285,0.14285714285714285,0.14285714285714285,1.2412670766236365e-17,118
170,0.1914304256439209,0.011358216383907624,0.003124904632568359,0.0062498092651367175,0.001,"(16, 16)",3,"{'NN__alpha': 0.001, 'NN__hidden_layer_sizes': (16, 16), 'ica__n_components': 3}",0.14285714285714288,0.14285714285714285,0.14285714285714285,0.14285714285714285,0.14285714285714285,0.14285714285714285,1.2412670766236365e-17,118
171,0.14774656295776367,0.007522194941944507,0.0,0.0,0.001,"(16, 16)",4,"{'NN__alpha': 0.001, 'NN__hidden_layer_sizes': (16, 16), 'ica__n_components': 4}",0.14285714285714288,0.14285714285714285,0.14285714285714285,0.14285714285714285,0.14285714285714285,0.14285714285714285,1.2412670766236365e-17,118
172,0.17091140747070313,0.004170437632730933,0.0,0.0,0.001,"(16, 16)",5,"{'NN__alpha': 0.001, 'NN__hidden_layer_sizes': (16, 16), 'ica__n_components': 5}",0.14256912442396316,0.14285714285714285,0.14256970393791318,0.14285714285714285,0.14285714285714285,0.142742051386661,0.0001409578073402136,256
173,0.2758091926574707,0.020189608629999693,0.0,0.0,0.001,"(16, 16)",6,"{'NN__alpha': 0.001, 'NN__hidden_layer_sizes': (16, 16), 'ica__n_components': 6}",0.14285714285714288,0.14285714285714285,0.14285714285714285,0.14285714285714285,0.14285714285714285,0.14285714285714285,1.2412670766236365e-17,118
174,0.17840328216552734,0.010793318345132119,0.0,0.0,0.001,"(16, 16)",7,"{'NN__alpha': 0.001, 'NN__hidden_layer_sizes': (16, 16), 'ica__n_components': 7}",0.14285714285714288,0.14285714285714285,0.14285714285714285,0.14285714285714285,0.14285714285714285,0.14285714285714285,1.2412670766236365e-17,118
175,0.14787325859069825,0.007656169784635765,0.0,0.0,0.001,"(16, 16)",8,"{'NN__alpha': 0.001, 'NN__hidden_layer_sizes': (16, 16), 'ica__n_components': 8}",0.14285714285714288,0.14285714285714285,0.14285714285714285,0.14285714285714285,0.14285714285714285,0.14285714285714285,1.2412670766236365e-17,118
176,0.41551847457885743,0.4757553798110116,0.002603626251220703,0.005207252502441406,0.001,"(16, 16)",9,"{'NN__alpha': 0.001, 'NN__hidden_layer_sizes': (16, 16), 'ica__n_components': 9}",0.14444444444444446,0.16003002139823067,0.9089997711115428,0.14285714285714285,0.146031746031746,0.30047262516862133,0.30432509948940856,85
177,0.17433805465698243,0.010391430997372098,0.0031270503997802733,0.0062541007995605465,0.001,"(16, 16)",10,"{'NN__alpha': 0.001, 'NN__hidden_layer_sizes': (16, 16), 'ica__n_components': 10}",0.14256912442396316,0.14285714285714285,0.14285714285714285,0.14285714285714285,0.14285714285714285,0.1427995391705069,0.00011520737327187501,248
178,0.22233667373657226,0.04178010416059608,0.0004175662994384766,0.0008351325988769532,0.001,"(16, 16)",11,"{'NN__alpha': 0.001, 'NN__hidden_layer_sizes': (16, 16), 'ica__n_components': 11}",0.14285714285714288,0.14285714285714285,0.14285714285714285,0.14285714285714285,0.14285714285714285,0.14285714285714285,1.2412670766236365e-17,118
179,0.22029528617858887,0.0803023334069533,0.0,0.0,0.001,"(16, 16)",12,"{'NN__alpha': 0.001, 'NN__hidden_layer_sizes': (16, 16), 'ica__n_components': 12}",0.14285714285714288,0.14285714285714285,0.14285714285714285,0.14285714285714285,0.14285714285714285,0.14285714285714285,1.2412670766236365e-17,118
180,0.5786708354949951,0.3305827018539597,0.003123569488525391,0.006247138977050782,0.001,"(16, 16)",13,"{'NN__alpha': 0.001, 'NN__hidden_layer_sizes': (16, 16), 'ica__n_components': 13}",0.929828152312909,0.14285714285714285,0.14285714285714285,0.9262287713105538,0.919520114410396,0.6122582647496289,0.383278693172966,69
181,0.7301661491394043,0.3966987458916319,0.0,0.0,0.001,"(16, 16)",14,"{'NN__alpha': 0.001, 'NN__hidden_layer_sizes': (16, 16), 'ica__n_components': 14}",0.144892004795624,0.908525055874751,0.19370812564118745,0.9273496409535943,0.9229769601388431,0.6194903574808001,0.36795560020491325,65
182,0.25096907615661623,0.004127466244922265,0.0,0.0,0.001,"(32, 16, 32)",2,"{'NN__alpha': 0.001, 'NN__hidden_layer_sizes': (32, 16, 32), 'ica__n_components': 2}",0.14285714285714288,0.14285714285714285,0.14285714285714285,0.14285714285714285,0.14285714285714285,0.14285714285714285,1.2412670766236365e-17,118
183,1.359477424621582,0.5146287830013678,0.0028150081634521484,0.005630016326904297,0.001,"(32, 16, 32)",3,"{'NN__alpha': 0.001, 'NN__hidden_layer_sizes': (32, 16, 32), 'ica__n_components': 3}",0.8753124657051975,0.6132213777341847,0.8753749809029884,0.8663561022990053,0.8706837876874953,0.8201897428657743,0.10353821569012582,54
184,0.22396407127380372,0.006193512157137228,0.00626220703125,0.007669633361752405,0.001,"(32, 16, 32)",4,"{'NN__alpha': 0.001, 'NN__hidden_layer_sizes': (32, 16, 32), 'ica__n_components': 4}",0.14285714285714288,0.14285714285714285,0.14285714285714285,0.14285714285714285,0.14285714285714285,0.14285714285714285,1.2412670766236365e-17,118
185,1.4661684036254883,0.42980146324091156,0.0,0.0,0.001,"(32, 16, 32)",5,"{'NN__alpha': 0.001, 'NN__hidden_layer_sizes': (32, 16, 32), 'ica__n_components': 5}",0.9312543359977131,0.9087429659454879,0.9351099535770693,0.9110091753323086,0.9156259544071726,0.9203484770519502,0.010780089177086394,20
186,1.3122625827789307,0.3162381649255645,0.0031247615814208986,0.006249523162841797,0.001,"(32, 16, 32)",6,"{'NN__alpha': 0.001, 'NN__hidden_layer_sizes': (32, 16, 32), 'ica__n_components': 6}",0.9079430390476175,0.912786443699909,0.9312023577719368,0.9116783707571627,0.9151679994283027,0.9157556421409858,0.008067507622005435,31
187,1.0803196430206299,0.28236172744601223,0.005562019348144531,0.006907703133005759,0.001,"(32, 16, 32)",7,"{'NN__alpha': 0.001, 'NN__hidden_layer_sizes': (32, 16, 32), 'ica__n_components': 7}",0.9171850609452057,0.8818653465067374,0.8987641401822551,0.8767785550404827,0.8734539800547267,0.8896094165458817,0.016308432695130364,48
188,1.1962754249572753,0.3187079153788251,0.00041379928588867185,0.0008275985717773437,0.001,"(32, 16, 32)",8,"{'NN__alpha': 0.001, 'NN__hidden_layer_sizes': (32, 16, 32), 'ica__n_components': 8}",0.8277825525843322,0.914236608488771,0.9173355155666945,0.9165303363418159,0.8534419003660975,0.8858653826695424,0.037843182895105326,50
189,1.648835039138794,0.256809183704873,0.00032448768615722656,0.0006489753723144531,0.001,"(32, 16, 32)",9,"{'NN__alpha': 0.001, 'NN__hidden_layer_sizes': (32, 16, 32), 'ica__n_components': 9}",0.9274746145558317,0.912989600619387,0.919548642398527,0.9229934988331636,0.9156343336884503,0.919728138019072,0.005154994060965316,22
190,1.1942436218261718,0.17997696613746586,0.0031402587890625,0.006280517578125,0.001,"(32, 16, 32)",10,"{'NN__alpha': 0.001, 'NN__hidden_layer_sizes': (32, 16, 32), 'ica__n_components': 10}",0.9192187243770535,0.9002761804647856,0.9285752459931242,0.9095080357519617,0.9119812219406053,0.913911881705506,0.009510315305062118,37
191,1.2683160305023193,0.23223851664846948,0.0,0.0,0.001,"(32, 16, 32)",11,"{'NN__alpha': 0.001, 'NN__hidden_layer_sizes': (32, 16, 32), 'ica__n_components': 11}",0.9195212588158564,0.8865917546232913,0.9182243787323295,0.932196671500835,0.912139337088173,0.9137346801520971,0.015058356725008179,38
192,1.1869853019714356,0.2489825432485151,0.0,0.0,0.001,"(32, 16, 32)",12,"{'NN__alpha': 0.001, 'NN__hidden_layer_sizes': (32, 16, 32), 'ica__n_components': 12}",0.9258681842054519,0.919254419453302,0.9312471542380131,0.928833751555778,0.9178702080234302,0.924614743495195,0.005245604778380306,10
193,0.8810065746307373,0.060964228418759356,0.0004086494445800781,0.0008172988891601562,0.001,"(32, 16, 32)",13,"{'NN__alpha': 0.001, 'NN__hidden_layer_sizes': (32, 16, 32), 'ica__n_components': 13}",0.9216570515215277,0.8984980570700564,0.9195880774005076,0.9261193690267803,0.9309110836567922,0.9193547277351328,0.011132525249088136,24
194,1.1108119487762451,0.37136438288902707,0.0031253337860107423,0.0062506675720214845,0.001,"(32, 16, 32)",14,"{'NN__alpha': 0.001, 'NN__hidden_layer_sizes': (32, 16, 32), 'ica__n_components': 14}",0.8924425953120938,0.9233563647997902,0.9203037155178134,0.9134692516944496,0.9229810533874571,0.9145105961423209,0.011589974634000452,35
195,0.23330888748168946,0.0039547940930349116,0.003124856948852539,0.006249713897705078,0.0001,"(32, 32)",2,"{'NN__alpha': 0.0001, 'NN__hidden_layer_sizes': (32, 32), 'ica__n_components': 2}",0.14285714285714288,0.14285714285714285,0.14285714285714285,0.14285714285714285,0.14285714285714285,0.14285714285714285,1.2412670766236365e-17,118
196,0.18552441596984864,0.006061599799466564,0.003110980987548828,0.006221961975097656,0.0001,"(32, 32)",3,"{'NN__alpha': 0.0001, 'NN__hidden_layer_sizes': (32, 32), 'ica__n_components': 3}",0.14285714285714288,0.14285714285714285,0.14285714285714285,0.14285714285714285,0.14285714285714285,0.14285714285714285,1.2412670766236365e-17,118
197,0.16809654235839844,0.006104389025737405,0.0031241893768310545,0.006248378753662109,0.0001,"(32, 32)",4,"{'NN__alpha': 0.0001, 'NN__hidden_layer_sizes': (32, 32), 'ica__n_components': 4}",0.14285714285714288,0.14285714285714285,0.14285714285714285,0.14285714285714285,0.14285714285714285,0.14285714285714285,1.2412670766236365e-17,118
198,0.9904149532318115,0.12851620648536163,0.0065078258514404295,0.007541778062215436,0.0001,"(32, 32)",5,"{'NN__alpha': 0.0001, 'NN__hidden_layer_sizes': (32, 32), 'ica__n_components': 5}",0.9123641560490927,0.9026712725371946,0.9218996251281978,0.9265956695062907,0.924136639637041,0.9175334725715633,0.008858841232320103,26
199,0.7336508750915527,0.5133351921859005,0.003114652633666992,0.006229305267333984,0.0001,"(32, 32)",6,"{'NN__alpha': 0.0001, 'NN__hidden_layer_sizes': (32, 32), 'ica__n_components': 6}",0.14285714285714288,0.917305111539323,0.14285714285714285,0.14285714285714285,0.9247110252437362,0.45411751307089754,0.3812217358102567,78
200,0.18367271423339843,0.006190573311708605,0.0031246185302734376,0.006249237060546875,0.0001,"(32, 32)",7,"{'NN__alpha': 0.0001, 'NN__hidden_layer_sizes': (32, 32), 'ica__n_components': 7}",0.14285714285714288,0.14285714285714285,0.14285714285714285,0.14285714285714285,0.14285714285714285,0.14285714285714285,1.2412670766236365e-17,118
201,1.1376329421997071,0.08089805185114818,0.0,0.0,0.0001,"(32, 32)",8,"{'NN__alpha': 0.0001, 'NN__hidden_layer_sizes': (32, 32), 'ica__n_components': 8}",0.9202939983469561,0.9202233576458668,0.9345110626612577,0.9343113194561058,0.9158374706703752,0.9250354417561123,0.007823930084345435,9
202,0.5737529277801514,0.485405103836349,0.004640436172485352,0.0062272583200078625,0.0001,"(32, 32)",9,"{'NN__alpha': 0.0001, 'NN__hidden_layer_sizes': (32, 32), 'ica__n_components': 9}",0.9318989395212004,0.14285714285714285,0.14285714285714285,0.9320443152322927,0.14285714285714285,0.4585029366649843,0.3865855698759116,76
203,0.3266914844512939,0.2842637447220443,0.003138160705566406,0.006276321411132813,0.0001,"(32, 32)",10,"{'NN__alpha': 0.0001, 'NN__hidden_layer_sizes': (32, 32), 'ica__n_components': 10}",0.14285714285714288,0.14285714285714285,0.14285714285714285,0.14285714285714285,0.9193747735204613,0.29816066898980653,0.31060705226532737,87
204,1.1124417304992675,0.19583750506797026,0.0069332122802734375,0.00609219610265129,0.0001,"(32, 32)",11,"{'NN__alpha': 0.0001, 'NN__hidden_layer_sizes': (32, 32), 'ica__n_components': 11}",0.9259213561425466,0.9120213377582005,0.9345445232960876,0.9336654184474918,0.9166914054780969,0.9245688082244847,0.00898426495313723,11
205,0.8750491619110108,0.27879268432029136,0.0,0.0,0.0001,"(32, 32)",12,"{'NN__alpha': 0.0001, 'NN__hidden_layer_sizes': (32, 32), 'ica__n_components': 12}",0.14285714285714288,0.9200540752065846,0.9353363147283923,0.9293023815064974,0.9292713962537192,0.7713642621104673,0.3142915226607603,56
206,0.9489229202270508,0.1524961794281145,0.0,0.0,0.0001,"(32, 32)",13,"{'NN__alpha': 0.0001, 'NN__hidden_layer_sizes': (32, 32), 'ica__n_components': 13}",0.936596265645403,0.9231787442528422,0.933013440023464,0.9275058155990935,0.9309506435754847,0.9302489818192576,0.004602951021021268,2
207,0.8876587867736816,0.16400016923593252,0.0013171672821044923,0.0026343345642089845,0.0001,"(32, 32)",14,"{'NN__alpha': 0.0001, 'NN__hidden_layer_sizes': (32, 32), 'ica__n_components': 14}",0.9329756273240114,0.9186454341879834,0.9392355862457188,0.9364936723960626,0.9207681349531693,0.9296236910213891,0.008363774832529787,5
208,0.16515579223632812,0.008998606771891342,0.0,0.0,0.0001,"(32,)",2,"{'NN__alpha': 0.0001, 'NN__hidden_layer_sizes': (32,), 'ica__n_components': 2}",0.14285714285714288,0.14285714285714285,0.14285714285714285,0.14285714285714285,0.14285714285714285,0.14285714285714285,1.2412670766236365e-17,118
209,0.16556425094604493,0.01763215642748607,0.0,0.0,0.0001,"(32,)",3,"{'NN__alpha': 0.0001, 'NN__hidden_layer_sizes': (32,), 'ica__n_components': 3}",0.14285714285714288,0.14285714285714285,0.14285714285714285,0.14285714285714285,0.14285714285714285,0.14285714285714285,1.2412670766236365e-17,118
210,0.12295780181884766,0.006285124255942375,0.0031263351440429686,0.006252670288085937,0.0001,"(32,)",4,"{'NN__alpha': 0.0001, 'NN__hidden_layer_sizes': (32,), 'ica__n_components': 4}",0.14285714285714288,0.14285714285714285,0.14285714285714285,0.14285714285714285,0.14285714285714285,0.14285714285714285,1.2412670766236365e-17,118
211,0.12901668548583983,0.006428315208079626,0.0031247615814208986,0.006249523162841797,0.0001,"(32,)",5,"{'NN__alpha': 0.0001, 'NN__hidden_layer_sizes': (32,), 'ica__n_components': 5}",0.14285714285714288,0.14285714285714285,0.14285714285714285,0.14285714285714285,0.14285714285714285,0.14285714285714285,1.2412670766236365e-17,118
212,0.2598304271697998,0.029331840997313913,0.009374189376831054,0.00765399358901462,0.0001,"(32,)",6,"{'NN__alpha': 0.0001, 'NN__hidden_layer_sizes': (32,), 'ica__n_components': 6}",0.143244289585753,0.14285714285714285,0.14285714285714285,0.14401858304297327,0.14285714285714285,0.14316686024003097,0.0004514867901544914,112
213,0.14671998023986815,0.018839020560190777,0.0,0.0,0.0001,"(32,)",7,"{'NN__alpha': 0.0001, 'NN__hidden_layer_sizes': (32,), 'ica__n_components': 7}",0.14285714285714288,0.21212992239149178,0.2588582764331323,0.21166857117879934,0.14285714285714285,0.19367421114354183,0.04489570468735922,100
214,0.16349554061889648,0.00764471212613593,0.0,0.0,0.0001,"(32,)",8,"{'NN__alpha': 0.0001, 'NN__hidden_layer_sizes': (32,), 'ica__n_components': 8}",0.14373056460979358,0.14285714285714285,0.15041857805758285,0.14285714285714285,0.14479287650019357,0.14493126097637116,0.0028346217639304023,108
215,0.15159130096435547,0.006800991153716559,0.003124380111694336,0.006248760223388672,0.0001,"(32,)",9,"{'NN__alpha': 0.0001, 'NN__hidden_layer_sizes': (32,), 'ica__n_components': 9}",0.14256912442396316,0.14285714285714285,0.14285714285714285,0.14285714285714285,0.14285714285714285,0.1427995391705069,0.00011520737327187501,248
216,0.14772377014160157,0.00772725220942603,0.0,0.0,0.0001,"(32,)",10,"{'NN__alpha': 0.0001, 'NN__hidden_layer_sizes': (32,), 'ica__n_components': 10}",0.14285714285714288,0.14285714285714285,0.14285714285714285,0.14285714285714285,0.14285714285714285,0.14285714285714285,1.2412670766236365e-17,118
217,0.18988780975341796,0.040959176764840934,0.0,0.0,0.0001,"(32,)",11,"{'NN__alpha': 0.0001, 'NN__hidden_layer_sizes': (32,), 'ica__n_components': 11}",0.14285714285714288,0.14285714285714285,0.14285714285714285,0.14285714285714285,0.14285714285714285,0.14285714285714285,1.2412670766236365e-17,118
218,0.20679335594177245,0.07045076687319361,0.0031276226043701174,0.006255245208740234,0.0001,"(32,)",12,"{'NN__alpha': 0.0001, 'NN__hidden_layer_sizes': (32,), 'ica__n_components': 12}",0.14285714285714288,0.14285714285714285,0.14285714285714285,0.14285714285714285,0.14285714285714285,0.14285714285714285,1.2412670766236365e-17,118
219,0.1695323944091797,0.03308845378685864,0.006253862380981445,0.007659386189565969,0.0001,"(32,)",13,"{'NN__alpha': 0.0001, 'NN__hidden_layer_sizes': (32,), 'ica__n_components': 13}",0.14285714285714288,0.14285714285714285,0.14285714285714285,0.14285714285714285,0.14285714285714285,0.14285714285714285,1.2412670766236365e-17,118
220,0.5255755424499512,0.2681237450253102,0.0,0.0,0.0001,"(32,)",14,"{'NN__alpha': 0.0001, 'NN__hidden_layer_sizes': (32,), 'ica__n_components': 14}",0.9081247402491054,0.8830776168925698,0.14285714285714285,0.14285714285714285,0.906077471289817,0.5965988228291556,0.3705829339872671,73
221,0.1600950241088867,0.006096288573533865,0.003124570846557617,0.006249141693115233,0.0001,"(16,)",2,"{'NN__alpha': 0.0001, 'NN__hidden_layer_sizes': (16,), 'ica__n_components': 2}",0.14285714285714288,0.14285714285714285,0.14285714285714285,0.14285714285714285,0.14285714285714285,0.14285714285714285,1.2412670766236365e-17,118
222,0.14580874443054198,0.006473048091397136,0.0,0.0,0.0001,"(16,)",3,"{'NN__alpha': 0.0001, 'NN__hidden_layer_sizes': (16,), 'ica__n_components': 3}",0.14285714285714288,0.14315626628528427,0.14285714285714285,0.14285714285714285,0.14266825271939354,0.14287918951522127,0.00015666782295027564,116
223,0.11499500274658203,0.006542183190284416,0.0,0.0,0.0001,"(16,)",4,"{'NN__alpha': 0.0001, 'NN__hidden_layer_sizes': (16,), 'ica__n_components': 4}",0.14285714285714288,0.14285714285714285,0.14285714285714285,0.14285714285714285,0.14285714285714285,0.14285714285714285,1.2412670766236365e-17,118
224,0.10730648040771484,0.003637466545605249,0.0,0.0,0.0001,"(16,)",5,"{'NN__alpha': 0.0001, 'NN__hidden_layer_sizes': (16,), 'ica__n_components': 5}",0.14285714285714288,0.14285714285714285,0.14285714285714285,0.14285714285714285,0.14285714285714285,0.14285714285714285,1.2412670766236365e-17,118
225,0.25578975677490234,0.026866667490931216,0.0,0.0,0.0001,"(16,)",6,"{'NN__alpha': 0.0001, 'NN__hidden_layer_sizes': (16,), 'ica__n_components': 6}",0.14285714285714288,0.14285714285714285,0.14285714285714285,0.14285714285714285,0.14285714285714285,0.14285714285714285,1.2412670766236365e-17,118
226,0.14768877029418945,0.007823401594581062,0.0,0.0,0.0001,"(16,)",7,"{'NN__alpha': 0.0001, 'NN__hidden_layer_sizes': (16,), 'ica__n_components': 7}",0.14285714285714288,0.14285714285714285,0.14285714285714285,0.14285714285714285,0.14285714285714285,0.14285714285714285,1.2412670766236365e-17,118
227,0.11955389976501465,0.006201547232836804,0.0,0.0,0.0001,"(16,)",8,"{'NN__alpha': 0.0001, 'NN__hidden_layer_sizes': (16,), 'ica__n_components': 8}",0.14285714285714288,0.14285714285714285,0.14285714285714285,0.14285714285714285,0.14285714285714285,0.14285714285714285,1.2412670766236365e-17,118
228,0.129378080368042,0.004827204178669017,0.00311126708984375,0.006222534179687499,0.0001,"(16,)",9,"{'NN__alpha': 0.0001, 'NN__hidden_layer_sizes': (16,), 'ica__n_components': 9}",0.14285714285714288,0.14285714285714285,0.14285714285714285,0.14285714285714285,0.14285714285714285,0.14285714285714285,1.2412670766236365e-17,118
229,0.1289362907409668,0.01179606579010601,0.0,0.0,0.0001,"(16,)",10,"{'NN__alpha': 0.0001, 'NN__hidden_layer_sizes': (16,), 'ica__n_components': 10}",0.14285714285714288,0.14285714285714285,0.14285714285714285,0.14285714285714285,0.14285714285714285,0.14285714285714285,1.2412670766236365e-17,118
230,0.22024111747741698,0.0418570499122071,0.0,0.0,0.0001,"(16,)",11,"{'NN__alpha': 0.0001, 'NN__hidden_layer_sizes': (16,), 'ica__n_components': 11}",0.14285714285714288,0.14285714285714285,0.14285714285714285,0.14285714285714285,0.20054668864661,0.15439505201503628,0.023075818315786853,107
231,0.2270500659942627,0.07541981795045719,0.0,0.0,0.0001,"(16,)",12,"{'NN__alpha': 0.0001, 'NN__hidden_layer_sizes': (16,), 'ica__n_components': 12}",0.14285714285714288,0.14285714285714285,0.14285714285714285,0.14285714285714285,0.14285714285714285,0.14285714285714285,1.2412670766236365e-17,118
232,0.1607133388519287,0.03603621502271169,0.0017033100128173828,0.0034066200256347655,0.0001,"(16,)",13,"{'NN__alpha': 0.0001, 'NN__hidden_layer_sizes': (16,), 'ica__n_components': 13}",0.14285714285714288,0.14285714285714285,0.14285714285714285,0.14285714285714285,0.14285714285714285,0.14285714285714285,1.2412670766236365e-17,118
233,0.20658884048461915,0.01551172068673759,0.0,0.0,0.0001,"(16,)",14,"{'NN__alpha': 0.0001, 'NN__hidden_layer_sizes': (16,), 'ica__n_components': 14}",0.23370627427472432,0.2073229154251876,0.19736849279961616,0.17327157718581793,0.2502411861676221,0.21238208917059365,0.027087515790392282,94
234,0.2102813720703125,0.0077130443407647225,0.0031247615814208986,0.006249523162841797,0.0001,"(16, 16)",2,"{'NN__alpha': 0.0001, 'NN__hidden_layer_sizes': (16, 16), 'ica__n_components': 2}",0.14285714285714288,0.14285714285714285,0.14285714285714285,0.14285714285714285,0.14285714285714285,0.14285714285714285,1.2412670766236365e-17,118
235,0.19514169692993164,0.01911946752548193,0.0,0.0,0.0001,"(16, 16)",3,"{'NN__alpha': 0.0001, 'NN__hidden_layer_sizes': (16, 16), 'ica__n_components': 3}",0.14285714285714288,0.14285714285714285,0.14285714285714285,0.14285714285714285,0.14285714285714285,0.14285714285714285,1.2412670766236365e-17,118
236,0.14473333358764648,0.006034226379180701,0.0031414031982421875,0.006282806396484375,0.0001,"(16, 16)",4,"{'NN__alpha': 0.0001, 'NN__hidden_layer_sizes': (16, 16), 'ica__n_components': 4}",0.14285714285714288,0.14285714285714285,0.14285714285714285,0.14285714285714285,0.14285714285714285,0.14285714285714285,1.2412670766236365e-17,118
237,0.1699000358581543,0.005167446338299172,0.0,0.0,0.0001,"(16, 16)",5,"{'NN__alpha': 0.0001, 'NN__hidden_layer_sizes': (16, 16), 'ica__n_components': 5}",0.14256912442396316,0.14285714285714285,0.14256970393791318,0.14285714285714285,0.14285714285714285,0.142742051386661,0.0001409578073402136,256
238,0.27103290557861326,0.026443265997375755,0.0031253814697265623,0.006250762939453125,0.0001,"(16, 16)",6,"{'NN__alpha': 0.0001, 'NN__hidden_layer_sizes': (16, 16), 'ica__n_components': 6}",0.14285714285714288,0.14285714285714285,0.14285714285714285,0.14285714285714285,0.14285714285714285,0.14285714285714285,1.2412670766236365e-17,118
239,0.18199825286865234,0.007988823015875958,0.0,0.0,0.0001,"(16, 16)",7,"{'NN__alpha': 0.0001, 'NN__hidden_layer_sizes': (16, 16), 'ica__n_components': 7}",0.14285714285714288,0.14285714285714285,0.14285714285714285,0.14285714285714285,0.14285714285714285,0.14285714285714285,1.2412670766236365e-17,118
240,0.14798083305358886,0.007530674285827932,0.0031378746032714845,0.006275749206542969,0.0001,"(16, 16)",8,"{'NN__alpha': 0.0001, 'NN__hidden_layer_sizes': (16, 16), 'ica__n_components': 8}",0.14285714285714288,0.14285714285714285,0.14285714285714285,0.14285714285714285,0.14285714285714285,0.14285714285714285,1.2412670766236365e-17,118
241,0.4676248550415039,0.5664034546266762,0.0,0.0,0.0001,"(16, 16)",9,"{'NN__alpha': 0.0001, 'NN__hidden_layer_sizes': (16, 16), 'ica__n_components': 9}",0.14444444444444446,0.15897182034002957,0.9116088965058905,0.14285714285714285,0.146031746031746,0.3007828100358506,0.30546651450882384,84
242,0.1670760154724121,0.008782701850408737,0.006245756149291992,0.007649543060583081,0.0001,"(16, 16)",10,"{'NN__alpha': 0.0001, 'NN__hidden_layer_sizes': (16, 16), 'ica__n_components': 10}",0.14256912442396316,0.14285714285714285,0.14285714285714285,0.14285714285714285,0.14285714285714285,0.1427995391705069,0.00011520737327187501,248
243,0.2180638313293457,0.04083163394301963,0.0017866134643554688,0.003573226928710938,0.0001,"(16, 16)",11,"{'NN__alpha': 0.0001, 'NN__hidden_layer_sizes': (16, 16), 'ica__n_components': 11}",0.14285714285714288,0.14285714285714285,0.14285714285714285,0.14285714285714285,0.14285714285714285,0.14285714285714285,1.2412670766236365e-17,118
244,0.21791324615478516,0.08558311228703226,0.003126096725463867,0.006252193450927733,0.0001,"(16, 16)",12,"{'NN__alpha': 0.0001, 'NN__hidden_layer_sizes': (16, 16), 'ica__n_components': 12}",0.14285714285714288,0.14285714285714285,0.14285714285714285,0.14285714285714285,0.14285714285714285,0.14285714285714285,1.2412670766236365e-17,118
245,0.5990273952484131,0.3424048387305142,0.003122854232788086,0.006245708465576172,0.0001,"(16, 16)",13,"{'NN__alpha': 0.0001, 'NN__hidden_layer_sizes': (16, 16), 'ica__n_components': 13}",0.929828152312909,0.14285714285714285,0.14285714285714285,0.9241887282890002,0.9216087397974522,0.6122679812227294,0.38328156490469384,68
246,0.5400348663330078,0.3732552229494576,0.0031603336334228515,0.006320667266845703,0.0001,"(16, 16)",14,"{'NN__alpha': 0.0001, 'NN__hidden_layer_sizes': (16, 16), 'ica__n_components': 14}",0.14566629825284427,0.1751367671768123,0.19884074092249976,0.9290839115132022,0.9174787023238301,0.4732412840378378,0.3678604945291147,75
247,0.24835376739501952,0.009931945064765963,0.003124713897705078,0.006249427795410156,0.0001,"(32, 16, 32)",2,"{'NN__alpha': 0.0001, 'NN__hidden_layer_sizes': (32, 16, 32), 'ica__n_components': 2}",0.14285714285714288,0.14285714285714285,0.14285714285714285,0.14285714285714285,0.14285714285714285,0.14285714285714285,1.2412670766236365e-17,118
248,1.5143805503845216,0.2438872741510515,0.0,0.0,0.0001,"(32, 16, 32)",3,"{'NN__alpha': 0.0001, 'NN__hidden_layer_sizes': (32, 16, 32), 'ica__n_components': 3}",0.8800042684836746,0.8611424839529023,0.8605659095119138,0.8677565187702715,0.868919152373675,0.8676776666184874,0.007025358634268808,52
249,0.2264789581298828,0.00772549637435202,0.0031246185302734376,0.006249237060546876,0.0001,"(32, 16, 32)",4,"{'NN__alpha': 0.0001, 'NN__hidden_layer_sizes': (32, 16, 32), 'ica__n_components': 4}",0.14285714285714288,0.14285714285714285,0.14285714285714285,0.14285714285714285,0.14285714285714285,0.14285714285714285,1.2412670766236365e-17,118
250,1.181559419631958,0.33574475462841136,0.002417325973510742,0.004834651947021484,0.0001,"(32, 16, 32)",5,"{'NN__alpha': 0.0001, 'NN__hidden_layer_sizes': (32, 16, 32), 'ica__n_components': 5}",0.9298760981389307,0.9079089653310329,0.9347439695017845,0.6324208359916955,0.921154527310492,0.8652208792547873,0.11675655290168378,53
251,1.3669718742370605,0.24241671790672256,0.0,0.0,0.0001,"(32, 16, 32)",6,"{'NN__alpha': 0.0001, 'NN__hidden_layer_sizes': (32, 16, 32), 'ica__n_components': 6}",0.9115375944806798,0.9160170513517811,0.9319838303490253,0.9116466769771129,0.9129878625063557,0.9168346031329909,0.007745163239959567,29
252,1.2599063873291017,0.1796926640657265,0.0031290054321289062,0.0062580108642578125,0.0001,"(32, 16, 32)",7,"{'NN__alpha': 0.0001, 'NN__hidden_layer_sizes': (32, 16, 32), 'ica__n_components': 7}",0.9209037423866054,0.8843506538606094,0.9081342376913437,0.9017329929097133,0.8779262642009352,0.8986095782098416,0.015675592594569385,45
253,1.3573084354400635,0.49489550132353016,0.0,0.0,0.0001,"(32, 16, 32)",8,"{'NN__alpha': 0.0001, 'NN__hidden_layer_sizes': (32, 16, 32), 'ica__n_components': 8}",0.8381244894931941,0.9157675884161887,0.9187379633106056,0.9163907827153985,0.9141037030449386,0.9006249053960651,0.03128554483400551,44
254,1.679825496673584,0.37201251187311407,0.005432844161987305,0.0067727557901184655,0.0001,"(32, 16, 32)",9,"{'NN__alpha': 0.0001, 'NN__hidden_layer_sizes': (32, 16, 32), 'ica__n_components': 9}",0.9251487579076881,0.9124204960216175,0.9185710272298039,0.9273800218208947,0.9181544325895432,0.9203349471139095,0.005353698628538986,21
255,1.1060799598693847,0.1215987963803012,0.0,0.0,0.0001,"(32, 16, 32)",10,"{'NN__alpha': 0.0001, 'NN__hidden_layer_sizes': (32, 16, 32), 'ica__n_components': 10}",0.9114852101573421,0.8981358980894343,0.9246320333416077,0.9179652241712448,0.899822195655458,0.9104081122830173,0.010229945085501624,41
256,1.3750993251800536,0.2796089893408312,0.0031244754791259766,0.006248950958251953,0.0001,"(32, 16, 32)",11,"{'NN__alpha': 0.0001, 'NN__hidden_layer_sizes': (32, 16, 32), 'ica__n_components': 11}",0.9276133587512981,0.9058537226342518,0.9286982420305696,0.9347129124450099,0.9010491064330701,0.9195854684588399,0.013479516213971207,23
257,1.1614501953125,0.10991361488805317,0.0,0.0,0.0001,"(32, 16, 32)",12,"{'NN__alpha': 0.0001, 'NN__hidden_layer_sizes': (32, 16, 32), 'ica__n_components': 12}",0.925193019043662,0.9195418583725318,0.9230313873121991,0.9184487265884888,0.9169933314731159,0.9206416645579996,0.0030250450369563473,19
258,0.9393683433532715,0.32530057857928907,0.0,0.0,0.0001,"(32, 16, 32)",13,"{'NN__alpha': 0.0001, 'NN__hidden_layer_sizes': (32, 16, 32), 'ica__n_components': 13}",0.9300372361453414,0.8922727477721394,0.9295495786756752,0.9297513730687629,0.9273336173462148,0.9217889106016267,0.014789261596384681,16
259,1.3553432464599608,0.20994675702684798,0.0,0.0,0.0001,"(32, 16, 32)",14,"{'NN__alpha': 0.0001, 'NN__hidden_layer_sizes': (32, 16, 32), 'ica__n_components': 14}",0.9292379641633824,0.9182321202585562,0.9271725289078829,0.9254392833794687,0.9221655968336676,0.9244494987085916,0.0038780399981930957,12
