,mean_fit_time,std_fit_time,mean_score_time,std_score_time,param_NN__alpha,param_NN__hidden_layer_sizes,param_filter__n,params,split0_test_score,split1_test_score,split2_test_score,split3_test_score,split4_test_score,mean_test_score,std_test_score,rank_test_score
0,1.804223108291626,0.10033003595191445,0.003124904632568359,0.0062498092651367175,0.1,"(32, 32)",2,"{'NN__alpha': 0.1, 'NN__hidden_layer_sizes': (32, 32), 'filter__n': 2}",0.878632304322863,0.8760943393310122,0.8908479738475992,0.894359122613493,0.879029966526088,0.8837927413282112,0.007348527016769661,252
1,2.053016757965088,0.19814927662366477,0.004527425765991211,0.00617940773658263,0.1,"(32, 32)",3,"{'NN__alpha': 0.1, 'NN__hidden_layer_sizes': (32, 32), 'filter__n': 3}",0.9244632224691874,0.8738267995415502,0.8907085716542816,0.9288191145706898,0.8834266328868503,0.9002488682245119,0.022247357153867473,172
2,1.9464613437652587,0.18643178180309747,0.004356527328491211,0.006141858378393725,0.1,"(32, 32)",4,"{'NN__alpha': 0.1, 'NN__hidden_layer_sizes': (32, 32), 'filter__n': 4}",0.922133343921976,0.8833266125338198,0.8940680293740476,0.8977441765679194,0.8888978542758913,0.8972340033347308,0.013365386111502169,195
3,2.2202432632446287,0.22037391700916306,0.007843875885009765,0.0057785500552278825,0.1,"(32, 32)",5,"{'NN__alpha': 0.1, 'NN__hidden_layer_sizes': (32, 32), 'filter__n': 5}",0.9223745276730112,0.9143531005864185,0.9312974438445724,0.8851389616266536,0.9176915168553204,0.9141711101171953,0.015594225832955912,111
4,2.19785099029541,0.06470421900567974,0.008486366271972657,0.007129264481244487,0.1,"(32, 32)",6,"{'NN__alpha': 0.1, 'NN__hidden_layer_sizes': (32, 32), 'filter__n': 6}",0.9200730644848807,0.9131550384127465,0.9232258779547077,0.9295065379894002,0.9091772691051435,0.9190275575893757,0.007211694301411872,97
5,2.143199062347412,0.2328695795741495,0.006268501281738281,0.007677372264859165,0.1,"(32, 32)",7,"{'NN__alpha': 0.1, 'NN__hidden_layer_sizes': (32, 32), 'filter__n': 7}",0.9273507348036252,0.9121360568417751,0.9180808784681933,0.8914250521048128,0.9148951588479017,0.9127775762132616,0.011843377518490742,120
6,2.314334774017334,0.26129069817521333,0.009250116348266602,0.0075560469828988034,0.1,"(32, 32)",8,"{'NN__alpha': 0.1, 'NN__hidden_layer_sizes': (32, 32), 'filter__n': 8}",0.9193908177476995,0.9118160796585647,0.927350606474443,0.8925721821095808,0.9174032029094263,0.9137065777799428,0.011682224136470484,115
7,1.9940077781677246,0.2685701470588486,0.006265449523925781,0.0076736096228953036,0.1,"(32, 32)",9,"{'NN__alpha': 0.1, 'NN__hidden_layer_sizes': (32, 32), 'filter__n': 9}",0.8878151358006049,0.9091322080738683,0.886464637759131,0.9218629797878387,0.9008629093731672,0.9012275741589221,0.013313707049992853,167
8,2.0138226985931396,0.19170065376267525,0.012510013580322266,0.0062553548481203,0.1,"(32, 32)",10,"{'NN__alpha': 0.1, 'NN__hidden_layer_sizes': (32, 32), 'filter__n': 10}",0.923616363248049,0.9137459020333933,0.9360904789458034,0.9185607967946208,0.9215932439857379,0.9227213570015209,0.0074656031215023285,59
9,1.883798313140869,0.12270460294944188,0.0031709671020507812,0.0063419342041015625,0.1,"(32, 32)",11,"{'NN__alpha': 0.1, 'NN__hidden_layer_sizes': (32, 32), 'filter__n': 11}",0.9231133722566713,0.9157915608104547,0.9305159434844398,0.8903587012053031,0.9225246050282692,0.9164608365570276,0.013858866836747816,104
10,1.9981942176818848,0.21045091292855259,0.01130366325378418,0.006135633547732902,0.1,"(32, 32)",12,"{'NN__alpha': 0.1, 'NN__hidden_layer_sizes': (32, 32), 'filter__n': 12}",0.9215178490049718,0.9127325159146382,0.9301669485009317,0.9247690727136755,0.9235044048902071,0.9225381582048848,0.005679801143899111,62
11,1.8592673778533935,0.09058606032185837,0.0058062076568603516,0.007223405060263989,0.1,"(32, 32)",13,"{'NN__alpha': 0.1, 'NN__hidden_layer_sizes': (32, 32), 'filter__n': 13}",0.9252845539187808,0.9098040024408246,0.9365928721338509,0.9404984427500213,0.9232149653267024,0.927078967314036,0.01083671119906206,21
12,1.9111966609954834,0.19561934151030702,0.009392786026000976,0.007669229572795364,0.1,"(32, 32)",14,"{'NN__alpha': 0.1, 'NN__hidden_layer_sizes': (32, 32), 'filter__n': 14}",0.9302916694571913,0.925183722785149,0.9336980598441945,0.9383154658422267,0.9310814769280231,0.9317140789713569,0.004303102945843606,10
13,1.7244976997375487,0.00923331558357911,0.0062656402587890625,0.007673854093100922,0.1,"(32,)",2,"{'NN__alpha': 0.1, 'NN__hidden_layer_sizes': (32,), 'filter__n': 2}",0.8924910940104824,0.8761933930886026,0.8847230227879875,0.8895787383909104,0.8788028809008794,0.8843578258357725,0.0061815325484350266,250
14,1.7825050830841065,0.06871372645774901,0.0031219959259033204,0.00624399185180664,0.1,"(32,)",3,"{'NN__alpha': 0.1, 'NN__hidden_layer_sizes': (32,), 'filter__n': 3}",0.8873418352916296,0.8739828687717562,0.8865612397133744,0.8983748693363177,0.8804662741237823,0.885345417447372,0.008101161354961346,242
15,1.8998591899871826,0.1064720435914643,0.0012056350708007813,0.0024112701416015626,0.1,"(32,)",4,"{'NN__alpha': 0.1, 'NN__hidden_layer_sizes': (32,), 'filter__n': 4}",0.8969230560599751,0.8827280434347743,0.8896037850265035,0.8926677741418887,0.9024129197534594,0.8928671156833202,0.006649253759205757,213
16,2.1280688762664797,0.31614559674849074,0.003208494186401367,0.006416988372802734,0.1,"(32,)",5,"{'NN__alpha': 0.1, 'NN__hidden_layer_sizes': (32,), 'filter__n': 5}",0.9236224014456565,0.8808370040448003,0.8866753707105366,0.9180030445732532,0.9125590492069742,0.9043393739962442,0.017265413445577985,158
17,1.910677146911621,0.24278863699594003,0.006247997283935547,0.007652205127387386,0.1,"(32,)",6,"{'NN__alpha': 0.1, 'NN__hidden_layer_sizes': (32,), 'filter__n': 6}",0.9184235759506242,0.8858066054310273,0.8948663661535448,0.8856072299129383,0.9082329802974857,0.8985873515491241,0.012901090758516717,185
18,1.7152481079101562,0.03548773801984387,0.0031209945678710937,0.006241989135742187,0.1,"(32,)",7,"{'NN__alpha': 0.1, 'NN__hidden_layer_sizes': (32,), 'filter__n': 7}",0.8974344739233674,0.8817368766091913,0.8920264037944807,0.8872612682798445,0.8848988020679858,0.8886715649349739,0.005520074205911792,228
19,1.8305832386016845,0.07727624425128213,0.006248569488525391,0.007652903436090976,0.1,"(32,)",8,"{'NN__alpha': 0.1, 'NN__hidden_layer_sizes': (32,), 'filter__n': 8}",0.9008582166440388,0.8828114272261828,0.8930578035837059,0.8982967205670472,0.8975024348952001,0.8945053205832348,0.0063648903165042705,205
20,1.9735981941223144,0.34354173480107814,0.003124237060546875,0.00624847412109375,0.1,"(32,)",9,"{'NN__alpha': 0.1, 'NN__hidden_layer_sizes': (32,), 'filter__n': 9}",0.8858970860315558,0.88256689477661,0.8958000986873114,0.9194214989516105,0.8974790812702389,0.8962329319434653,0.012907673339716175,200
21,1.9817868709564208,0.09452652025486968,0.0041409492492675785,0.006069299869015273,0.1,"(32,)",10,"{'NN__alpha': 0.1, 'NN__hidden_layer_sizes': (32,), 'filter__n': 10}",0.9269192060343814,0.9136297369616412,0.9319341814497497,0.8980709555661754,0.9199890066645187,0.9181086173352933,0.011780295572794102,99
22,1.7727288722991943,0.07164173284429473,0.012480926513671876,0.006240503658080767,0.1,"(32,)",11,"{'NN__alpha': 0.1, 'NN__hidden_layer_sizes': (32,), 'filter__n': 11}",0.9231655642148427,0.9109394268745756,0.9134960608649105,0.8888397835361455,0.9198786864181037,0.9112639043817156,0.012031566649715981,132
23,1.8548656940460204,0.11644605423962737,0.001559305191040039,0.0031186103820800776,0.1,"(32,)",12,"{'NN__alpha': 0.1, 'NN__hidden_layer_sizes': (32,), 'filter__n': 12}",0.9170575398709647,0.9154423540165463,0.9252535915089618,0.925991103004068,0.9221019336799654,0.9211693044161013,0.00425453895451071,84
24,1.8096841812133788,0.11628593881593006,0.009388208389282227,0.007665478463809329,0.1,"(32,)",13,"{'NN__alpha': 0.1, 'NN__hidden_layer_sizes': (32,), 'filter__n': 13}",0.9214541695831014,0.912449101918137,0.9377299523808926,0.9340969008274835,0.9154015385331791,0.9242263326485588,0.010040327733377983,38
25,1.8476064205169678,0.08173014042622538,0.006249380111694336,0.007653896250457645,0.1,"(32,)",14,"{'NN__alpha': 0.1, 'NN__hidden_layer_sizes': (32,), 'filter__n': 14}",0.9355423490029021,0.9231819199941437,0.9327876351218817,0.9345334645065055,0.9283363877642178,0.9308763512779302,0.0045706608996974795,16
26,1.814891529083252,0.087362744301864,0.00634455680847168,0.0077719219534480195,0.1,"(16,)",2,"{'NN__alpha': 0.1, 'NN__hidden_layer_sizes': (16,), 'filter__n': 2}",0.8843684589746593,0.8655135582363749,0.8873770617689276,0.8880702999623171,0.8806909501580065,0.8812040658200571,0.00826703998096336,259
27,1.9301041603088378,0.12919406592937868,0.0031409263610839844,0.006281852722167969,0.1,"(16,)",3,"{'NN__alpha': 0.1, 'NN__hidden_layer_sizes': (16,), 'filter__n': 3}",0.8913698296305201,0.8818009149573633,0.8912882408877376,0.8929779411853419,0.8810675444546481,0.8877008942231221,0.005157294877056341,233
28,1.8024577617645263,0.06217935175405542,0.0062656402587890625,0.0076738468264237565,0.1,"(16,)",4,"{'NN__alpha': 0.1, 'NN__hidden_layer_sizes': (16,), 'filter__n': 4}",0.8963958612814691,0.8800947735164356,0.8751833997188633,0.8900417152638506,0.8897806564734623,0.886299281250816,0.0076174202005213,238
29,2.023724174499512,0.27919604546297666,0.007902717590332032,0.00386527088922983,0.1,"(16,)",5,"{'NN__alpha': 0.1, 'NN__hidden_layer_sizes': (16,), 'filter__n': 5}",0.8942701672497955,0.8914896974844594,0.9091776094339354,0.8912271013083642,0.9078374022066615,0.8988003955366433,0.00800847198450933,182
30,1.9571187496185303,0.16458941649367476,0.005324029922485351,0.0057803267990841735,0.1,"(16,)",6,"{'NN__alpha': 0.1, 'NN__hidden_layer_sizes': (16,), 'filter__n': 6}",0.9060913635150821,0.8922654244962936,0.8992361515021428,0.8929562395208827,0.8975591209207577,0.8976216599910318,0.004996033999052651,190
31,1.7750343799591064,0.07803812322040152,0.003124713897705078,0.006249427795410156,0.1,"(16,)",7,"{'NN__alpha': 0.1, 'NN__hidden_layer_sizes': (16,), 'filter__n': 7}",0.8910494340817408,0.8837960093222089,0.8934809622123078,0.89394475829464,0.891455942654845,0.8907454213131484,0.0036499460952841645,216
32,1.8740316390991212,0.1558244436707173,0.0062581062316894535,0.007664699799749565,0.1,"(16,)",8,"{'NN__alpha': 0.1, 'NN__hidden_layer_sizes': (16,), 'filter__n': 8}",0.8974290304347508,0.8846255114653696,0.8916761423158416,0.8773997314992193,0.9083912159249076,0.8919043263280179,0.010637258753482608,214
33,1.7814514636993408,0.09318764348443824,0.006250762939453125,0.007655591671525868,0.1,"(16,)",9,"{'NN__alpha': 0.1, 'NN__hidden_layer_sizes': (16,), 'filter__n': 9}",0.8854848264115353,0.881597804858292,0.8964245039706692,0.8953785911212541,0.8829749578395947,0.888372136840269,0.006281539532208879,229
34,1.8282615184783935,0.0565125560359838,0.00627751350402832,0.0076275196370461954,0.1,"(16,)",10,"{'NN__alpha': 0.1, 'NN__hidden_layer_sizes': (16,), 'filter__n': 10}",0.9192121240603225,0.914577646098995,0.9243385149965737,0.8912056987906254,0.9185569901221455,0.9135781948137325,0.01160897526133529,117
35,1.8715466022491456,0.11260800343506283,0.012530374526977538,0.006265380330696434,0.1,"(16,)",11,"{'NN__alpha': 0.1, 'NN__hidden_layer_sizes': (16,), 'filter__n': 11}",0.9182155842768123,0.9100143577479998,0.9291400926307514,0.8855605440562663,0.9198799185500659,0.9125620994523791,0.01480484519628832,122
36,1.8567135810852051,0.0556362590025425,0.0050432682037353516,0.006464743673944086,0.1,"(16,)",12,"{'NN__alpha': 0.1, 'NN__hidden_layer_sizes': (16,), 'filter__n': 12}",0.9226258616621464,0.9124546861604639,0.9260574939217472,0.9174336598645677,0.9197808775978839,0.9196705158413618,0.00461760674552743,94
37,1.8966647148132325,0.0713917431282613,0.006049156188964844,0.0074154306830016056,0.1,"(16,)",13,"{'NN__alpha': 0.1, 'NN__hidden_layer_sizes': (16,), 'filter__n': 13}",0.9234672459523972,0.9141268325921816,0.9314744951032404,0.9298821988418293,0.9228199243468151,0.9243541393672927,0.006148123402976465,37
38,1.8073905467987061,0.044892013682451,0.0,0.0,0.1,"(16,)",14,"{'NN__alpha': 0.1, 'NN__hidden_layer_sizes': (16,), 'filter__n': 14}",0.9318966694349331,0.9149245051369246,0.9366884029466921,0.9293472729585269,0.9294913711783247,0.9284696443310804,0.007274303372712435,17
39,1.9188372135162353,0.13063649010992062,0.006263446807861328,0.007671174529932034,0.1,"(16, 16)",2,"{'NN__alpha': 0.1, 'NN__hidden_layer_sizes': (16, 16), 'filter__n': 2}",0.8966171845732003,0.8814450157303167,0.8898395047812164,0.8941147866946104,0.8824121178867664,0.888885721933222,0.006087692382201008,227
40,1.9269641876220702,0.03928541863620444,0.006435108184814453,0.007881561089699252,0.1,"(16, 16)",3,"{'NN__alpha': 0.1, 'NN__hidden_layer_sizes': (16, 16), 'filter__n': 3}",0.9175620408170749,0.8802315647241428,0.8910971632550037,0.8946974987838572,0.882333638160555,0.8931843811481267,0.013314881682867192,211
41,1.8225706100463868,0.07319699902123947,0.003124904632568359,0.0062498092651367175,0.1,"(16, 16)",4,"{'NN__alpha': 0.1, 'NN__hidden_layer_sizes': (16, 16), 'filter__n': 4}",0.8921665815562303,0.8819920169381507,0.8913389566535243,0.8910133939908285,0.889555682667102,0.8892133263611672,0.003707958507898067,223
42,1.9902313709259034,0.2038564020461006,0.0031420230865478516,0.006284046173095703,0.1,"(16, 16)",5,"{'NN__alpha': 0.1, 'NN__hidden_layer_sizes': (16, 16), 'filter__n': 5}",0.8999722773699991,0.9125633568764756,0.9265973625896705,0.9134522063759266,0.8857179459153235,0.9076606298254791,0.013833084109621793,146
43,2.0300926208496093,0.20831189480092616,0.006264829635620117,0.007672863602438195,0.1,"(16, 16)",6,"{'NN__alpha': 0.1, 'NN__hidden_layer_sizes': (16, 16), 'filter__n': 6}",0.9192651392465782,0.9133888453067972,0.8963745126326105,0.8905544451163138,0.9140634452489287,0.9067292775102457,0.011172591890616486,154
44,2.0707630634307863,0.3407519164224898,0.003925943374633789,0.006051023781497779,0.1,"(16, 16)",7,"{'NN__alpha': 0.1, 'NN__hidden_layer_sizes': (16, 16), 'filter__n': 7}",0.9236597132170795,0.8785171723013149,0.8913905246523445,0.8952064584018751,0.9156465328205665,0.9008840802786361,0.016488183780334214,168
45,2.0398834705352784,0.18052249375648383,0.009389162063598633,0.007666289149560466,0.1,"(16, 16)",8,"{'NN__alpha': 0.1, 'NN__hidden_layer_sizes': (16, 16), 'filter__n': 8}",0.9095064549377911,0.8869094596147543,0.9133514452127592,0.8953717939399609,0.9157570185990137,0.9041792344608558,0.011156791164139748,159
46,2.0355358600616453,0.16842938070509553,0.011312770843505859,0.005870746491806219,0.1,"(16, 16)",9,"{'NN__alpha': 0.1, 'NN__hidden_layer_sizes': (16, 16), 'filter__n': 9}",0.917490737496731,0.8864821136878384,0.9179735201479013,0.9004006048915598,0.9163272810163897,0.9077348514480841,0.012484450569270219,145
47,1.9742743492126464,0.2623738882042807,0.0031232833862304688,0.0062465667724609375,0.1,"(16, 16)",10,"{'NN__alpha': 0.1, 'NN__hidden_layer_sizes': (16, 16), 'filter__n': 10}",0.9239688153542263,0.9170328486863125,0.9296575198608293,0.9242228864557217,0.9226923525504767,0.9235148845815132,0.004028216386038593,46
48,1.9171299934387207,0.029544590026067283,0.0058419227600097655,0.007184048516463586,0.1,"(16, 16)",11,"{'NN__alpha': 0.1, 'NN__hidden_layer_sizes': (16, 16), 'filter__n': 11}",0.9218584464700886,0.9149590307968046,0.934000121043392,0.8929569242010426,0.9239380214078085,0.9175425087838273,0.013722304681853276,101
49,1.8390153408050538,0.04809672723648916,0.003179597854614258,0.006359195709228516,0.1,"(16, 16)",12,"{'NN__alpha': 0.1, 'NN__hidden_layer_sizes': (16, 16), 'filter__n': 12}",0.9154084155860193,0.9138917029681386,0.9297500791372777,0.926521303028865,0.9188438637666115,0.9208830728973826,0.006219693540960302,86
50,1.826579475402832,0.06009650005557622,0.00720977783203125,0.007088523807538896,0.1,"(16, 16)",13,"{'NN__alpha': 0.1, 'NN__hidden_layer_sizes': (16, 16), 'filter__n': 13}",0.9249087646731875,0.9142279504837394,0.9383456487871216,0.9370261579681192,0.9195069441277912,0.9268030932079917,0.00951523125226772,25
51,1.9251025199890137,0.10840807222498856,0.00572500228881836,0.0057469467172590735,0.1,"(16, 16)",14,"{'NN__alpha': 0.1, 'NN__hidden_layer_sizes': (16, 16), 'filter__n': 14}",0.936212620755798,0.9231418873744225,0.9382563695141704,0.9389527499968094,0.9295558700441693,0.9332238995370739,0.006036213147202644,5
52,1.8279461860656738,0.08046967314822975,0.003124380111694336,0.006248760223388672,0.1,"(32, 16, 32)",2,"{'NN__alpha': 0.1, 'NN__hidden_layer_sizes': (32, 16, 32), 'filter__n': 2}",0.8959471472795751,0.8728979737170085,0.8918146050143011,0.8927096645560514,0.8844195308290794,0.8875577842792032,0.008243815683849263,234
53,1.8414068698883057,0.09219478267596114,0.014490079879760743,0.002457319045420785,0.1,"(32, 16, 32)",3,"{'NN__alpha': 0.1, 'NN__hidden_layer_sizes': (32, 16, 32), 'filter__n': 3}",0.9196279093546462,0.8833646904960538,0.8895171260147302,0.890627757051209,0.8830501705582119,0.8932375306949701,0.013552562085501452,210
54,2.1713492393493654,0.245201774645659,0.0032183170318603516,0.006436634063720703,0.1,"(32, 16, 32)",4,"{'NN__alpha': 0.1, 'NN__hidden_layer_sizes': (32, 16, 32), 'filter__n': 4}",0.9271311934540958,0.8814017648936017,0.8940703059788147,0.9280521324468246,0.918805624450363,0.90989220424474,0.018806660523257943,141
55,2.384817934036255,0.17716228831510417,0.0019350051879882812,0.0026165566723127254,0.1,"(32, 16, 32)",5,"{'NN__alpha': 0.1, 'NN__hidden_layer_sizes': (32, 16, 32), 'filter__n': 5}",0.9207117848158924,0.9127008380419734,0.9316828952619355,0.9239572341230368,0.9194579836738203,0.9217021471833317,0.006192598857486958,74
56,2.412047290802002,0.13827243906352424,0.006365489959716797,0.007798325027997731,0.1,"(32, 16, 32)",6,"{'NN__alpha': 0.1, 'NN__hidden_layer_sizes': (32, 16, 32), 'filter__n': 6}",0.923043428069673,0.914653961122632,0.9336183807686351,0.9212172075516134,0.9179213963223969,0.92209087476699,0.006438109689485039,70
57,2.4211955070495605,0.13181630279830767,0.0,0.0,0.1,"(32, 16, 32)",7,"{'NN__alpha': 0.1, 'NN__hidden_layer_sizes': (32, 16, 32), 'filter__n': 7}",0.9221176710882382,0.9146419781388774,0.9292700113163896,0.9240055241714396,0.9176042222116507,0.921527881385319,0.005084051659244449,76
58,2.1150092124938964,0.2176086462935412,0.0031246185302734376,0.006249237060546876,0.1,"(32, 16, 32)",8,"{'NN__alpha': 0.1, 'NN__hidden_layer_sizes': (32, 16, 32), 'filter__n': 8}",0.9192872355030495,0.9132244832147716,0.9310833172130195,0.8715249061782269,0.9128413817427127,0.909592264770356,0.020143144514751677,143
59,2.540217638015747,0.1866349061529423,0.004840183258056641,0.00633144444452562,0.1,"(32, 16, 32)",9,"{'NN__alpha': 0.1, 'NN__hidden_layer_sizes': (32, 16, 32), 'filter__n': 9}",0.9221321828893316,0.9105483996775262,0.9303660328907989,0.9254212450613634,0.918365319904466,0.9213666360846972,0.006694134694082253,80
60,1.8655250072479248,0.12686425049014155,0.0031219482421875,0.006243896484375,0.1,"(32, 16, 32)",10,"{'NN__alpha': 0.1, 'NN__hidden_layer_sizes': (32, 16, 32), 'filter__n': 10}",0.9227181778010904,0.9120952494838946,0.9310948003534121,0.8904809972903711,0.9220637193583978,0.9156905888574333,0.013969563362862788,106
61,2.077459287643433,0.32947928956496414,0.003933906555175781,0.006058822233329583,0.1,"(32, 16, 32)",11,"{'NN__alpha': 0.1, 'NN__hidden_layer_sizes': (32, 16, 32), 'filter__n': 11}",0.9232818479372846,0.9130548479132925,0.9256849969995594,0.9278270273443651,0.925959952006324,0.9231617344401652,0.005255956923195793,50
62,1.8390761852264403,0.0716417497338064,0.003124713897705078,0.006249427795410156,0.1,"(32, 16, 32)",12,"{'NN__alpha': 0.1, 'NN__hidden_layer_sizes': (32, 16, 32), 'filter__n': 12}",0.9246982934847748,0.9119863927797537,0.9223369481258998,0.9261225671814419,0.9195525637264834,0.9209393530596708,0.005000545893183514,85
63,1.9033061981201171,0.09259203992105194,0.008680963516235351,0.007208177284798578,0.1,"(32, 16, 32)",13,"{'NN__alpha': 0.1, 'NN__hidden_layer_sizes': (32, 16, 32), 'filter__n': 13}",0.9260327378382783,0.913618673170335,0.9388065917753877,0.9339847526405457,0.9192286649349214,0.9263342840718936,0.009234236761326002,29
64,1.9296823024749756,0.11542919949557166,0.010577392578125,0.006468962496189299,0.1,"(32, 16, 32)",14,"{'NN__alpha': 0.1, 'NN__hidden_layer_sizes': (32, 16, 32), 'filter__n': 14}",0.9316768853876112,0.9249052641137137,0.9435356575747108,0.9398020675535083,0.9306456572950472,0.9341131063849183,0.006691658767927958,4
65,1.7265985012054443,0.0494488004361539,0.0093841552734375,0.00766214136232545,0.01,"(32, 32)",2,"{'NN__alpha': 0.01, 'NN__hidden_layer_sizes': (32, 32), 'filter__n': 2}",0.879703338688178,0.8759967242066514,0.8885546136986795,0.8850538476203471,0.8778473128208817,0.8814311674069476,0.00467396785766572,256
66,2.0233405590057374,0.273797769977496,0.012587833404541015,0.0062967508984910344,0.01,"(32, 32)",3,"{'NN__alpha': 0.01, 'NN__hidden_layer_sizes': (32, 32), 'filter__n': 3}",0.9255733278113815,0.8726972150168582,0.8896733973814633,0.9248615493286542,0.879929395012221,0.8985469769101156,0.022434104947258754,186
67,1.89392147064209,0.09900420367510926,0.0,0.0,0.01,"(32, 32)",4,"{'NN__alpha': 0.01, 'NN__hidden_layer_sizes': (32, 32), 'filter__n': 4}",0.9201571651330633,0.8835421917232421,0.8950300539411171,0.8959067813412049,0.8898422021012299,0.8968956788479714,0.01243882929676759,198
68,2.097705364227295,0.25769568717316865,0.0031762123107910156,0.006352424621582031,0.01,"(32, 32)",5,"{'NN__alpha': 0.01, 'NN__hidden_layer_sizes': (32, 32), 'filter__n': 5}",0.9170928380643896,0.9131775895149462,0.8987966358678332,0.8867650648508405,0.9198486347432532,0.9071361526082526,0.012504163331359987,151
69,2.201891374588013,0.1490369096820805,0.009357213973999023,0.007640168780910438,0.01,"(32, 32)",6,"{'NN__alpha': 0.01, 'NN__hidden_layer_sizes': (32, 32), 'filter__n': 6}",0.9242691783656399,0.9138574388059748,0.9227728343154764,0.9242148841617427,0.9169029904696284,0.9204034652236924,0.004247077764193905,88
70,2.159576416015625,0.2923180653529494,0.0031151771545410156,0.006230354309082031,0.01,"(32, 32)",7,"{'NN__alpha': 0.01, 'NN__hidden_layer_sizes': (32, 32), 'filter__n': 7}",0.9249466493487876,0.91207378893586,0.9288731463385032,0.8912998413889338,0.9087306566502699,0.9131848165324709,0.013300304228939276,118
71,2.1774829387664796,0.25645108629339725,0.00792832374572754,0.0070088909949623975,0.01,"(32, 32)",8,"{'NN__alpha': 0.01, 'NN__hidden_layer_sizes': (32, 32), 'filter__n': 8}",0.9218731775811572,0.911049801364475,0.924112189998966,0.8931012826386814,0.9093784789340812,0.9119029861034722,0.011036978677958343,127
72,2.1329291343688963,0.27605671041454977,0.007342195510864258,0.00628544650053498,0.01,"(32, 32)",9,"{'NN__alpha': 0.01, 'NN__hidden_layer_sizes': (32, 32), 'filter__n': 9}",0.9222061887422563,0.9116986316177613,0.885959842201332,0.926446757851712,0.9038930342573812,0.9100408909340885,0.01440547183566871,140
73,1.9814647674560546,0.21373879136095725,0.003124427795410156,0.006248855590820312,0.01,"(32, 32)",10,"{'NN__alpha': 0.01, 'NN__hidden_layer_sizes': (32, 32), 'filter__n': 10}",0.9223173677681056,0.9137459020333933,0.9337614831010117,0.9239098994096558,0.9204375770405975,0.9228344458705529,0.006467932003084374,56
74,1.8392486572265625,0.11445103680986152,0.0009676933288574219,0.0019353866577148438,0.01,"(32, 32)",11,"{'NN__alpha': 0.01, 'NN__hidden_layer_sizes': (32, 32), 'filter__n': 11}",0.9239769967143522,0.9165637615826554,0.9299433075684214,0.8912246873087732,0.9230965581797039,0.9169610622707813,0.013549355579914851,103
75,1.8743082523345946,0.09122090637079261,0.0027018070220947267,0.0054036140441894535,0.01,"(32, 32)",12,"{'NN__alpha': 0.01, 'NN__hidden_layer_sizes': (32, 32), 'filter__n': 12}",0.9215178490049718,0.913891863415449,0.9292483212932481,0.9260631273641592,0.9212600517724472,0.922396242570055,0.005191993769470694,65
76,1.9260531902313232,0.14945773786335748,0.012523031234741211,0.006261594352962037,0.01,"(32, 32)",13,"{'NN__alpha': 0.01, 'NN__hidden_layer_sizes': (32, 32), 'filter__n': 13}",0.9221003025248882,0.913773267422893,0.9390375130294801,0.9377097258464984,0.9217648080357236,0.9268771233718966,0.009857841338042867,22
77,1.9056318759918214,0.10988194255123739,0.004224729537963867,0.0060821902403880865,0.01,"(32, 32)",14,"{'NN__alpha': 0.01, 'NN__hidden_layer_sizes': (32, 32), 'filter__n': 14}",0.9296144116103819,0.9240061190286573,0.9341095115441059,0.9354088170630871,0.9321800678729844,0.9310637854238433,0.00403269571003878,14
78,1.7020647525787354,0.012525155086870523,0.003124713897705078,0.006249427795410156,0.01,"(32,)",2,"{'NN__alpha': 0.01, 'NN__hidden_layer_sizes': (32,), 'filter__n': 2}",0.8924910940104824,0.8773527405894135,0.8847230227879875,0.8902089853626207,0.8791900276294896,0.8847931740759988,0.005921979482952642,246
79,1.8045815467834472,0.08585481954460723,0.0063594341278076175,0.007790609437951871,0.01,"(32,)",3,"{'NN__alpha': 0.01, 'NN__hidden_layer_sizes': (32,), 'filter__n': 3}",0.8822577028528302,0.8776507350690576,0.8877146647360742,0.8978718512276659,0.8804307223868145,0.8851851352544886,0.007145526851381777,243
80,1.9588494300842285,0.21331896052088528,0.0,0.0,0.01,"(32,)",4,"{'NN__alpha': 0.01, 'NN__hidden_layer_sizes': (32,), 'filter__n': 4}",0.8941939081253477,0.883500244206975,0.889244623824865,0.919028084828864,0.8986954575635966,0.8969324637099296,0.012151968643173456,197
81,1.970271682739258,0.220225837470154,0.009230947494506836,0.007552640751606943,0.01,"(32,)",5,"{'NN__alpha': 0.01, 'NN__hidden_layer_sizes': (32,), 'filter__n': 5}",0.9189891222746119,0.8813217658977713,0.8874475714827373,0.915769985061592,0.900456419536847,0.9007969728507119,0.014918120355000503,170
82,1.8993003368377686,0.23045599384766716,0.006249284744262696,0.007653779440772776,0.01,"(32,)",6,"{'NN__alpha': 0.01, 'NN__hidden_layer_sizes': (32,), 'filter__n': 6}",0.9194368588187457,0.8858066054310273,0.8951337713679465,0.8844224835227125,0.9015437002064242,0.8972686838693711,0.012733151237067185,194
83,1.7125572681427002,0.03594357350611865,0.0,0.0,0.01,"(32,)",7,"{'NN__alpha': 0.01, 'NN__hidden_layer_sizes': (32,), 'filter__n': 7}",0.8974344739233674,0.8817368766091913,0.8920264037944807,0.8872612682798445,0.8872401349740904,0.8891398315161949,0.005273992421701269,224
84,1.8933701992034913,0.22035301715790026,0.004119682312011719,0.005065316182825214,0.01,"(32,)",8,"{'NN__alpha': 0.01, 'NN__hidden_layer_sizes': (32,), 'filter__n': 8}",0.9008582166440388,0.8830988661454124,0.8931975154617554,0.898971885728837,0.913669770844761,0.897959250964961,0.009997549980416492,187
85,1.98990740776062,0.2450823883778887,0.0031246662139892576,0.006249332427978515,0.01,"(32,)",9,"{'NN__alpha': 0.01, 'NN__hidden_layer_sizes': (32,), 'filter__n': 9}",0.8948056080459733,0.8817503553282799,0.9114430708279343,0.9215560558303203,0.900060502163686,0.9019231184392389,0.013690510503295441,164
86,1.9699710369110108,0.13961808622660074,0.006247854232788086,0.007652027473752127,0.01,"(32,)",10,"{'NN__alpha': 0.01, 'NN__hidden_layer_sizes': (32,), 'filter__n': 10}",0.9269192060343814,0.9136297369616412,0.9320796665684891,0.8972722420969974,0.9202561982981623,0.9180314099919343,0.012096395260540798,100
87,1.7595201492309571,0.07893092129838832,0.006249570846557617,0.00765412984606176,0.01,"(32,)",11,"{'NN__alpha': 0.01, 'NN__hidden_layer_sizes': (32,), 'filter__n': 11}",0.9236996326906773,0.9122423160465277,0.9134960608649105,0.8893464977206268,0.9195360276030443,0.9116641069851573,0.011904512398607512,130
88,1.9078818321228028,0.09983542749765886,0.0,0.0,0.01,"(32,)",12,"{'NN__alpha': 0.01, 'NN__hidden_layer_sizes': (32,), 'filter__n': 12}",0.925726474019462,0.9138817889014835,0.9265326805239813,0.9261872669099094,0.9210882205353152,0.9226832861780302,0.00482425742994478,60
89,1.857853603363037,0.10524861239474621,0.0019012928009033204,0.003802585601806641,0.01,"(32,)",13,"{'NN__alpha': 0.01, 'NN__hidden_layer_sizes': (32,), 'filter__n': 13}",0.921661477835621,0.9129338637711081,0.9385464918292228,0.9337097540988735,0.9196727102624629,0.9253048595594577,0.009423586899593755,31
90,1.8577520370483398,0.11542219167310608,0.006250238418579102,0.007654947582163492,0.01,"(32,)",14,"{'NN__alpha': 0.01, 'NN__hidden_layer_sizes': (32,), 'filter__n': 14}",0.934045096932098,0.9219067011132909,0.9327876351218817,0.9349206112351157,0.9307289185199157,0.9308777925844604,0.004701624052634986,15
91,1.8692906379699707,0.14134626573194656,0.007464694976806641,0.007019268998557235,0.01,"(16,)",2,"{'NN__alpha': 0.01, 'NN__hidden_layer_sizes': (16,), 'filter__n': 2}",0.885211389809101,0.8656511774294048,0.8892569848053454,0.8863651833856343,0.8803038034293963,0.8813577077717764,0.008368154691208553,257
92,1.9117872714996338,0.16691274187212757,0.00626521110534668,0.0076733238126345015,0.01,"(16,)",3,"{'NN__alpha': 0.01, 'NN__hidden_layer_sizes': (16,), 'filter__n': 3}",0.8922880950354103,0.88038006172035,0.8906435842144677,0.8919083555268499,0.8803617993203707,0.8871163791634897,0.005534495090798072,237
93,1.7731506824493408,0.046672811271171885,0.0,0.0,0.01,"(16,)",4,"{'NN__alpha': 0.01, 'NN__hidden_layer_sizes': (16,), 'filter__n': 4}",0.8932232638278611,0.8808669742886364,0.8751833997188633,0.8900417152638506,0.8876994503553395,0.8854029606909102,0.006526310581386816,241
94,2.098750686645508,0.2424329939508442,0.003137063980102539,0.006274127960205078,0.01,"(16,)",5,"{'NN__alpha': 0.01, 'NN__hidden_layer_sizes': (16,), 'filter__n': 5}",0.8942701672497955,0.89124818511201,0.9078489245263547,0.9027792987593816,0.9042997911145574,0.9000892733524198,0.00628018662087103,173
95,1.9219634056091308,0.13567027013726488,0.011288928985595702,0.006107342703712607,0.01,"(16,)",6,"{'NN__alpha': 0.01, 'NN__hidden_layer_sizes': (16,), 'filter__n': 6}",0.9064785102436923,0.892840302334753,0.8987313559443436,0.8925690927922725,0.8975126148600274,0.8976263752350178,0.005061162267998336,189
96,1.8632043838500976,0.18431413269342645,0.011811447143554688,0.006065212031432583,0.01,"(16,)",7,"{'NN__alpha': 0.01, 'NN__hidden_layer_sizes': (16,), 'filter__n': 7}",0.8918052077690765,0.8837960093222089,0.8970948867996983,0.89394475829464,0.8988734572545015,0.8931028638880252,0.005258255114250984,212
97,1.9094643115997314,0.20240684842261433,0.007966136932373047,0.006993409146353614,0.01,"(16,)",8,"{'NN__alpha': 0.01, 'NN__hidden_layer_sizes': (16,), 'filter__n': 8}",0.8970418837061406,0.8856851511568001,0.8910015566680017,0.8917627344624455,0.9104868666086828,0.8951956385204142,0.00845050058260089,203
98,1.8402275562286377,0.10932973021407286,0.009406137466430663,0.007680337984470857,0.01,"(16,)",9,"{'NN__alpha': 0.01, 'NN__hidden_layer_sizes': (16,), 'filter__n': 9}",0.8854848264115353,0.883142355640115,0.9001438983982407,0.8953634359072935,0.8841363980254252,0.8896541828765219,0.006824413217968152,220
99,1.8928883075714111,0.10017694669513634,0.006250619888305664,0.007655415159479433,0.01,"(16,)",10,"{'NN__alpha': 0.01, 'NN__hidden_layer_sizes': (16,), 'filter__n': 10}",0.9201260654966752,0.9149908752480537,0.9238337194387746,0.8913382861380044,0.9185569901221455,0.9137691872887308,0.01156949101581545,114
100,1.843743133544922,0.12444802517137878,0.0,0.0,0.01,"(16,)",11,"{'NN__alpha': 0.01, 'NN__hidden_layer_sizes': (16,), 'filter__n': 11}",0.9167297913441391,0.9104511003691711,0.9297689009692324,0.8836322460623962,0.9200688086878152,0.9121301694865508,0.01555798363868991,126
101,1.9315709114074706,0.07560787932435353,0.006249189376831055,0.007653662657824678,0.01,"(16,)",12,"{'NN__alpha': 0.01, 'NN__hidden_layer_sizes': (16,), 'filter__n': 12}",0.9240324947760965,0.9124089200609943,0.9254883893239777,0.9176784225161587,0.9210376909856346,0.9201291835325722,0.004698744700467984,90
102,1.8843124389648438,0.06745185790430674,0.0031248092651367187,0.006249618530273437,0.01,"(16,)",13,"{'NN__alpha': 0.01, 'NN__hidden_layer_sizes': (16,), 'filter__n': 13}",0.9238543926810073,0.9148990333643826,0.932065328717085,0.9300282634745186,0.9198595077151926,0.9241413051904372,0.006344795088939335,39
103,1.7864319801330566,0.07836834446685507,0.008571386337280273,0.007152125968638748,0.01,"(16,)",14,"{'NN__alpha': 0.01, 'NN__hidden_layer_sizes': (16,), 'filter__n': 14}",0.9279589230577884,0.9142499194890847,0.9375049423950222,0.9301174555835483,0.9303063974555853,0.9280275275962058,0.00760538795635292,18
104,1.917081880569458,0.12340389047316962,0.0,0.0,0.01,"(16, 16)",2,"{'NN__alpha': 0.01, 'NN__hidden_layer_sizes': (16, 16), 'filter__n': 2}",0.89431530719403,0.8807724768752812,0.8913262952699261,0.8922828241108323,0.882270164086276,0.888193413507269,0.005552855008634783,231
105,1.9570176601409912,0.06514502749830613,0.012078046798706055,0.006142063496148878,0.01,"(16, 16)",3,"{'NN__alpha': 0.01, 'NN__hidden_layer_sizes': (16, 16), 'filter__n': 3}",0.9182394372623827,0.8809520769187628,0.8910971632550037,0.8948095867448208,0.8822438763182362,0.8934684280998413,0.01344376515706887,207
106,1.8647459030151368,0.1069299015410917,0.0009013175964355469,0.0018026351928710938,0.01,"(16, 16)",4,"{'NN__alpha': 0.01, 'NN__hidden_layer_sizes': (16, 16), 'filter__n': 4}",0.8940873146693076,0.8813612651520716,0.8917240106971149,0.8910133939908285,0.8901198417159168,0.8896611652450479,0.0043536967814541295,219
107,2.2009579658508303,0.27318559786553565,0.0031246662139892576,0.006249332427978514,0.01,"(16, 16)",5,"{'NN__alpha': 0.01, 'NN__hidden_layer_sizes': (16, 16), 'filter__n': 5}",0.9241283301549518,0.9138681894960258,0.9259704343578008,0.9198488241208402,0.8890473450606197,0.9145726246380477,0.013424574344767059,110
108,2.0194697856903074,0.17506736978095028,0.004725933074951172,0.006268673484473424,0.01,"(16, 16)",6,"{'NN__alpha': 0.01, 'NN__hidden_layer_sizes': (16, 16), 'filter__n': 6}",0.9181447074733298,0.9090946189329816,0.8962288782764498,0.8909880979056543,0.9139178108927679,0.9056748226962366,0.010392936429315797,156
109,1.9169759273529052,0.1824774310914394,0.0031247615814208986,0.006249523162841797,0.01,"(16, 16)",7,"{'NN__alpha': 0.01, 'NN__hidden_layer_sizes': (16, 16), 'filter__n': 7}",0.8880890196803469,0.882563975034459,0.8895950948631935,0.8988145366445137,0.9166581532801972,0.8951441559005421,0.011959529707832284,204
110,1.9780819416046143,0.19893472883438604,0.006249380111694336,0.0076538962415455694,0.01,"(16, 16)",8,"{'NN__alpha': 0.01, 'NN__hidden_layer_sizes': (16, 16), 'filter__n': 8}",0.909396383350384,0.8847884084414951,0.9160033452330804,0.895338436543127,0.9172382738614814,0.9045529694859136,0.01257801415444341,157
111,1.9509153842926026,0.203799818257218,0.003126668930053711,0.006253337860107422,0.01,"(16, 16)",9,"{'NN__alpha': 0.01, 'NN__hidden_layer_sizes': (16, 16), 'filter__n': 9}",0.9168457655875888,0.8854167293067704,0.8953125207742513,0.8998715043624592,0.9177427912892421,0.9030378622640622,0.012546746048447998,161
112,2.045665216445923,0.26289032810438406,0.004541540145874023,0.006182956592588703,0.01,"(16, 16)",10,"{'NN__alpha': 0.01, 'NN__hidden_layer_sizes': (16, 16), 'filter__n': 10}",0.9235667709590505,0.9151747765648113,0.9296575198608293,0.9272403060780339,0.9195658779224118,0.9230410502770274,0.005208510080262036,51
113,1.9837936878204345,0.25036508580691214,0.004926347732543945,0.006383383794202692,0.01,"(16, 16)",11,"{'NN__alpha': 0.01, 'NN__hidden_layer_sizes': (16, 16), 'filter__n': 11}",0.9229204423607424,0.9143127980429067,0.9278909110461401,0.919227994375587,0.92366674605924,0.9216037783769233,0.004567717608542052,75
114,1.8425309658050537,0.03271104596898,0.004135990142822265,0.0060848648883330995,0.01,"(16, 16)",12,"{'NN__alpha': 0.01, 'NN__hidden_layer_sizes': (16, 16), 'filter__n': 12}",0.9172127349959724,0.9138917029681385,0.9335851380252315,0.9257736239237364,0.9186982294104509,0.921832285864706,0.0070410098200082835,73
115,1.8825692176818847,0.1321051889391477,0.004440689086914062,0.006166540159192544,0.01,"(16, 16)",13,"{'NN__alpha': 0.01, 'NN__hidden_layer_sizes': (16, 16), 'filter__n': 13}",0.9249087646731875,0.9127378064652546,0.9393868947754727,0.9364970574390187,0.9195069441277912,0.9266074934961448,0.010067653860949868,27
116,1.932975959777832,0.08514742409932109,0.003140687942504883,0.006281375885009766,0.01,"(16, 16)",14,"{'NN__alpha': 0.01, 'NN__hidden_layer_sizes': (16, 16), 'filter__n': 14}",0.935174112581763,0.9243137291001136,0.9354794595533199,0.9374124592846069,0.9306124086938795,0.9325984338427367,0.0047051014788423605,6
117,1.771499013900757,0.05341524537525185,0.0019189834594726563,0.003837966918945313,0.01,"(32, 16, 32)",2,"{'NN__alpha': 0.01, 'NN__hidden_layer_sizes': (32, 16, 32), 'filter__n': 2}",0.8792596029750896,0.8740552285327999,0.8892076455908019,0.8911326070234283,0.8840788901611997,0.883546794856664,0.006298297360183557,253
118,2.0094674110412596,0.2770330746083915,0.009369325637817384,0.007650023796831169,0.01,"(32, 16, 32)",3,"{'NN__alpha': 0.01, 'NN__hidden_layer_sizes': (32, 16, 32), 'filter__n': 3}",0.9221021635741113,0.8799149835463996,0.8906037537312734,0.9270711202852491,0.8830501705582119,0.9005484383390492,0.01999420572609058,171
119,2.20607213973999,0.2315211059304705,0.0,0.0,0.01,"(32, 16, 32)",4,"{'NN__alpha': 0.01, 'NN__hidden_layer_sizes': (32, 16, 32), 'filter__n': 4}",0.9269818359048313,0.882198782458363,0.8938286443689437,0.9311920572429255,0.9204111516868687,0.9109224943323865,0.019370305011073688,135
120,2.1492507457733154,0.21253207911630884,0.005828714370727539,0.007170345848191755,0.01,"(32, 16, 32)",5,"{'NN__alpha': 0.01, 'NN__hidden_layer_sizes': (32, 16, 32), 'filter__n': 5}",0.9218711323167033,0.883965661964851,0.9290781999743133,0.9265762958946514,0.9207273890712434,0.9164437358443525,0.01652228832445961,105
121,2.403560161590576,0.1408762611657867,0.004341554641723633,0.006139683760807199,0.01,"(32, 16, 32)",6,"{'NN__alpha': 0.01, 'NN__hidden_layer_sizes': (32, 16, 32), 'filter__n': 6}",0.9216972085782922,0.9144662300127828,0.9324271658166631,0.9252842737032132,0.9206758519393137,0.9229101460100531,0.005898697362633572,53
122,2.4391639709472654,0.10997141675259944,0.006938409805297851,0.0050050719728064325,0.01,"(32, 16, 32)",7,"{'NN__alpha': 0.01, 'NN__hidden_layer_sizes': (32, 16, 32), 'filter__n': 7}",0.9222617175737481,0.9148813978263074,0.930693594529183,0.92460066520287,0.9187349643304649,0.9222344678925147,0.00535668965483729,68
123,2.1053364753723143,0.2343189607409882,0.006250143051147461,0.007654830843769652,0.01,"(32, 16, 32)",8,"{'NN__alpha': 0.01, 'NN__hidden_layer_sizes': (32, 16, 32), 'filter__n': 8}",0.9209849403534881,0.9136095372583621,0.9315151560600892,0.8731770906737362,0.916933909511519,0.9112441267714388,0.019964298682028946,133
124,2.48278751373291,0.24177622384932096,0.003125619888305664,0.006251239776611328,0.01,"(32, 16, 32)",9,"{'NN__alpha': 0.01, 'NN__hidden_layer_sizes': (32, 16, 32), 'filter__n': 9}",0.9233767077070197,0.9115225802336916,0.9291421228504005,0.926992159302742,0.9085489506018374,0.9199165041391382,0.00832861545858417,91
125,1.8707967281341553,0.12785828661224882,0.006249380111694336,0.007653896303930099,0.01,"(32, 16, 32)",10,"{'NN__alpha': 0.01, 'NN__hidden_layer_sizes': (32, 16, 32), 'filter__n': 10}",0.9202836114194269,0.9111812441486248,0.9296204810896709,0.8874621685140731,0.9212482628046084,0.9139591535952809,0.014479047330601619,112
126,2.0779582023620606,0.41530722631855677,0.005002927780151367,0.006127310196809102,0.01,"(32, 16, 32)",11,"{'NN__alpha': 0.01, 'NN__hidden_layer_sizes': (32, 16, 32), 'filter__n': 11}",0.9231575436051463,0.9138453049411742,0.9256849969995594,0.9291527757748984,0.9254325138857145,0.9234546270412987,0.005172674652483484,47
127,1.8777469158172608,0.16728672412753692,0.009374284744262695,0.007654072195386555,0.01,"(32, 16, 32)",12,"{'NN__alpha': 0.01, 'NN__hidden_layer_sizes': (32, 16, 32), 'filter__n': 12}",0.9246982934847748,0.9122279051522032,0.9223369481258998,0.9247290994598405,0.9227096016577502,0.9213403695760938,0.004661847624655531,81
128,1.9298789501190186,0.16800135932189894,0.009487581253051759,0.007749127122961431,0.01,"(32, 16, 32)",13,"{'NN__alpha': 0.01, 'NN__hidden_layer_sizes': (32, 16, 32), 'filter__n': 13}",0.9207215972494323,0.9145088380075969,0.9338422945275613,0.9342727710737254,0.9186020985188812,0.9243895198754395,0.00814382440128044,36
129,1.900984287261963,0.10213238063999303,0.012520027160644532,0.006260138276562818,0.01,"(32, 16, 32)",14,"{'NN__alpha': 0.01, 'NN__hidden_layer_sizes': (32, 16, 32), 'filter__n': 14}",0.9332909284091954,0.9236498893591925,0.94466701954855,0.9409635077393388,0.9312216941614067,0.9347586078435366,0.007412757555919507,3
130,1.7282046794891357,0.05472130780257058,0.003845024108886719,0.006055144254810269,0.001,"(32, 32)",2,"{'NN__alpha': 0.001, 'NN__hidden_layer_sizes': (32, 32), 'filter__n': 2}",0.876771628528337,0.8765733391531828,0.8889099451072262,0.8882113053801537,0.8772937922798234,0.8815520020897447,0.00573161500050322,255
131,1.9957670211791991,0.23585363254117672,0.006249284744262696,0.007653779443743514,0.001,"(32, 32)",3,"{'NN__alpha': 0.001, 'NN__hidden_layer_sizes': (32, 32), 'filter__n': 3}",0.924317157836498,0.8788470003178019,0.8893859584622337,0.9248615493286542,0.8796413765790414,0.8994106085048459,0.020891456193910307,179
132,1.9399143695831298,0.12449003889993146,0.012501382827758789,0.0062506923530560796,0.001,"(32, 32)",4,"{'NN__alpha': 0.001, 'NN__hidden_layer_sizes': (32, 32), 'filter__n': 4}",0.9197888541740841,0.8831550449946319,0.8946429072125068,0.9194909802597954,0.8890700013290291,0.9012295575940094,0.015465146781327852,166
133,2.0802868843078612,0.23958949304766938,0.0031246662139892576,0.006249332427978514,0.001,"(32, 32)",5,"{'NN__alpha': 0.001, 'NN__hidden_layer_sizes': (32, 32), 'filter__n': 5}",0.9183513138606308,0.9131775895149462,0.8987966358678332,0.8867650648508405,0.9180160859932833,0.907021338017507,0.012370243297605686,153
134,2.1588258743286133,0.06705576193734707,0.00021519660949707032,0.00043039321899414064,0.001,"(32, 32)",6,"{'NN__alpha': 0.001, 'NN__hidden_layer_sizes': (32, 32), 'filter__n': 6}",0.9242691783656399,0.9136798043343866,0.9218588289802067,0.9220164246268667,0.9129011904022563,0.9189450853418712,0.004701507070038748,98
135,2.1393094062805176,0.20938993933699632,0.008005428314208984,0.006997518549508187,0.001,"(32, 32)",7,"{'NN__alpha': 0.001, 'NN__hidden_layer_sizes': (32, 32), 'filter__n': 7}",0.9274498630990555,0.9115928568759806,0.9228115489883374,0.892074134846154,0.90911780337888,0.9126092414376815,0.01232270190076283,121
136,2.22654275894165,0.2276079868675053,0.010727739334106446,0.007307739545095134,0.001,"(32, 32)",8,"{'NN__alpha': 0.001, 'NN__hidden_layer_sizes': (32, 32), 'filter__n': 8}",0.9220128255602894,0.9120635145091254,0.9230525503075356,0.8938734834108821,0.9182010542971965,0.9138406856170059,0.010700491936760143,113
137,2.2336308479309084,0.3594903101601778,0.0036391735076904295,0.006071479897543298,0.001,"(32, 32)",9,"{'NN__alpha': 0.001, 'NN__hidden_layer_sizes': (32, 32), 'filter__n': 9}",0.9197861982223445,0.9129775198443951,0.885959842201332,0.9271219230135019,0.904665235029582,0.9101021436622311,0.014171325170123386,138
138,2.086565923690796,0.21599079178676278,0.00939192771911621,0.0076686915731976075,0.001,"(32, 32)",10,"{'NN__alpha': 0.001, 'NN__hidden_layer_sizes': (32, 32), 'filter__n': 10}",0.9246988567514948,0.914662149291104,0.9366453230794347,0.9241979178428356,0.9201495586074177,0.9240707611144574,0.007244695813043517,43
139,2.0323433876037598,0.3632517040312118,0.009378767013549805,0.00765773348963211,0.001,"(32, 32)",11,"{'NN__alpha': 0.001, 'NN__hidden_layer_sizes': (32, 32), 'filter__n': 11}",0.9234522946916291,0.9162763226634258,0.9299433075684214,0.930204769452004,0.9223708634682335,0.9244495115687428,0.005204248727658433,35
140,1.8634321212768554,0.10637156378443996,0.012514019012451172,0.006394094821437179,0.001,"(32, 32)",12,"{'NN__alpha': 0.001, 'NN__hidden_layer_sizes': (32, 32), 'filter__n': 12}",0.9215178490049718,0.913504716686839,0.9308415341487716,0.9264502740927694,0.921548070205627,0.9227724888277956,0.005789654900790597,57
141,1.924971580505371,0.1438170760105592,0.011994647979736327,0.0060773589615511206,0.001,"(32, 32)",13,"{'NN__alpha': 0.001, 'NN__hidden_layer_sizes': (32, 32), 'filter__n': 13}",0.9221003025248882,0.9111738830372842,0.9400512261741303,0.9374217074133187,0.9233140936221328,0.9268122425543508,0.010647339057780786,24
142,1.8645083427429199,0.1144583952022994,0.006235837936401367,0.007637337460022106,0.001,"(32, 32)",14,"{'NN__alpha': 0.001, 'NN__hidden_layer_sizes': (32, 32), 'filter__n': 14}",0.9299024300435618,0.9236210649850666,0.9344966582727162,0.9392101011142533,0.9334202398312379,0.9321300988493672,0.00519148658748744,8
143,1.7188207626342773,0.024135764458768107,0.006278514862060547,0.007689581242789546,0.001,"(32,)",2,"{'NN__alpha': 0.001, 'NN__hidden_layer_sizes': (32,), 'filter__n': 2}",0.8924910940104824,0.8773527405894135,0.8847230227879875,0.8902089853626207,0.8791900276294896,0.8847931740759988,0.005921979482952642,246
144,1.795531415939331,0.08740081476570305,0.003124713897705078,0.006249427795410156,0.001,"(32,)",3,"{'NN__alpha': 0.001, 'NN__hidden_layer_sizes': (32,), 'filter__n': 3}",0.8816984090710821,0.8776507350690576,0.8877146647360742,0.8978718512276659,0.8804307223868145,0.8850732764981389,0.007194687026188178,244
145,1.951038646697998,0.22077603753525255,0.006249332427978515,0.00765383785415605,0.001,"(32,)",4,"{'NN__alpha': 0.001, 'NN__hidden_layer_sizes': (32,), 'filter__n': 4}",0.8941939081253477,0.8827280434347743,0.8896037850265035,0.9184989842997635,0.8986954575635966,0.896744035689997,0.012091486305449064,199
146,2.034628963470459,0.27933081039179597,0.0,0.0,0.001,"(32,)",5,"{'NN__alpha': 0.001, 'NN__hidden_layer_sizes': (32,), 'filter__n': 5}",0.9249706390842168,0.8813217658977713,0.8874475714827373,0.915769985061592,0.900456419536847,0.9019932762126329,0.016486404729170484,163
147,1.9060091972351074,0.23794821387984882,0.00625004768371582,0.007654861681071183,0.001,"(32,)",6,"{'NN__alpha': 0.001, 'NN__hidden_layer_sizes': (32,), 'filter__n': 6}",0.9202090595909466,0.8858066054310273,0.8951337713679465,0.8844224835227125,0.9017135758578775,0.897457099154102,0.013013856909470871,191
148,1.7069116592407227,0.03738925971462138,0.006958436965942383,0.006383007709087783,0.001,"(32,)",7,"{'NN__alpha': 0.001, 'NN__hidden_layer_sizes': (32,), 'filter__n': 7}",0.8974344739233674,0.8817368766091913,0.8917389648752511,0.8872612682798445,0.8872401349740904,0.8890823437323491,0.005243694323561297,225
149,1.9191455364227294,0.22874302304232835,0.0057411670684814455,0.007077256796175127,0.001,"(32,)",8,"{'NN__alpha': 0.001, 'NN__hidden_layer_sizes': (32,), 'filter__n': 8}",0.9008582166440388,0.8868659354377255,0.8931975154617554,0.898971885728837,0.9139577892779408,0.8987702685100596,0.009031386232714976,183
150,2.146994161605835,0.2773497145192057,0.003124713897705078,0.006249427795410156,0.001,"(32,)",9,"{'NN__alpha': 0.001, 'NN__hidden_layer_sizes': (32,), 'filter__n': 9}",0.9231547490549084,0.8817503553282799,0.9110559240993242,0.9207838550581195,0.8998189897912368,0.9073127746663736,0.015205547811878703,149
151,2.0817015171051025,0.12817553633315454,0.0066376209259033205,0.005566995026727179,0.001,"(32,)",10,"{'NN__alpha': 0.001, 'NN__hidden_layer_sizes': (32,), 'filter__n': 10}",0.9273063527629916,0.9136297369616412,0.9320796665684891,0.9210426164786754,0.9218121618441026,0.92317410692318,0.006226999151324165,48
152,1.7631027221679687,0.08164168062294443,0.004660224914550782,0.0062600243409486325,0.001,"(32,)",11,"{'NN__alpha': 0.001, 'NN__hidden_layer_sizes': (32,), 'filter__n': 11}",0.9236996326906773,0.9122423160465277,0.9134960608649105,0.8893464977206268,0.9195360276030443,0.9116641069851573,0.011904512398607512,130
153,1.9083760261535645,0.07644304947576441,0.009574460983276366,0.007826225716689283,0.001,"(32,)",12,"{'NN__alpha': 0.001, 'NN__hidden_layer_sizes': (32,), 'filter__n': 12}",0.925726474019462,0.9154185135185385,0.9265326805239813,0.9261872669099094,0.920461654119275,0.9228653178182332,0.004333672882132893,55
154,1.8056586265563965,0.057944158824180234,0.007567596435546875,0.007005474011642827,0.001,"(32,)",13,"{'NN__alpha': 0.001, 'NN__hidden_layer_sizes': (32,), 'filter__n': 13}",0.921661477835621,0.9129338637711081,0.9372178069216421,0.9337097540988735,0.9196727102624629,0.9250391225779415,0.009058083232569038,32
155,1.9014655113220216,0.11966282987371679,0.008736562728881837,0.007221403403049661,0.001,"(32,)",14,"{'NN__alpha': 0.001, 'NN__hidden_layer_sizes': (32,), 'filter__n': 14}",0.9344322436607082,0.9235268207316439,0.9335598358940824,0.9349206112351157,0.9307289185199157,0.9314336860082932,0.004211548992589429,11
156,1.8495352745056153,0.14451949659912983,0.006295394897460937,0.007710296235213484,0.001,"(16,)",2,"{'NN__alpha': 0.001, 'NN__hidden_layer_sizes': (16,), 'filter__n': 2}",0.885211389809101,0.8656511774294048,0.8887500965625268,0.886527991102935,0.8799166567007861,0.8812114623209506,0.008305358414041782,258
157,1.898897647857666,0.10840582534391179,0.009389686584472656,0.007666687193351318,0.001,"(16,)",3,"{'NN__alpha': 0.001, 'NN__hidden_layer_sizes': (16,), 'filter__n': 3}",0.8920000766022306,0.8824993411032108,0.8907834453299386,0.8919083555268499,0.8803617993203707,0.8875106035765201,0.0050284239534324855,235
158,1.7792156219482422,0.03463437893227974,0.006247663497924804,0.007651794392221802,0.001,"(16,)",4,"{'NN__alpha': 0.001, 'NN__hidden_layer_sizes': (16,), 'filter__n': 4}",0.8933223921232916,0.8808669742886364,0.8751833997188633,0.8900417152638506,0.8876994503553395,0.8854227863499963,0.006550144071670523,239
159,1.9902254104614259,0.20030991285383723,0.0010871410369873047,0.0021742820739746095,0.001,"(16,)",5,"{'NN__alpha': 0.001, 'NN__hidden_layer_sizes': (16,), 'filter__n': 5}",0.8942701672497955,0.89124818511201,0.9053905176466834,0.8994652961062116,0.9063732931880595,0.899349491860552,0.005954358030816135,180
160,1.9524842739105224,0.19807439051527134,0.0031233310699462892,0.0062466621398925785,0.001,"(16,)",6,"{'NN__alpha': 0.001, 'NN__hidden_layer_sizes': (16,), 'filter__n': 6}",0.9169599960681069,0.892840302334753,0.8987313559443436,0.8925690927922725,0.8975126148600274,0.8997226723999006,0.008961396194828402,176
161,1.8322273731231689,0.15209084673076143,0.009388923645019531,0.007666138602490186,0.001,"(16,)",7,"{'NN__alpha': 0.001, 'NN__hidden_layer_sizes': (16,), 'filter__n': 7}",0.8918052077690765,0.8837960093222089,0.8970948867996983,0.89394475829464,0.8996456580267024,0.8932573040424652,0.00543388227266848,208
162,1.9023136138916015,0.20161292740674744,0.0032427310943603516,0.006485462188720703,0.001,"(16,)",8,"{'NN__alpha': 0.001, 'NN__hidden_layer_sizes': (16,), 'filter__n': 8}",0.8970418837061406,0.8856851511568001,0.8910015566680017,0.8917627344624455,0.910874013337293,0.8952730678661363,0.008590862639058774,201
163,1.7904801845550538,0.10503192230404074,0.0051267147064208984,0.006525399392038332,0.001,"(16,)",9,"{'NN__alpha': 0.001, 'NN__hidden_layer_sizes': (16,), 'filter__n': 9}",0.8854848264115353,0.883142355640115,0.9001438983982407,0.8953634359072935,0.8836333799167733,0.8895535792547914,0.0069082065982640035,221
164,1.8955724239349365,0.14290812327712768,0.003125715255737305,0.00625143051147461,0.001,"(16,)",10,"{'NN__alpha': 0.001, 'NN__hidden_layer_sizes': (16,), 'filter__n': 10}",0.9201260654966752,0.9148490706849848,0.9238337194387746,0.8874908792612951,0.9182689716889657,0.9129137413141392,0.01303847728421974,119
165,1.8179376125335693,0.10472316284836644,0.001401662826538086,0.002803325653076172,0.001,"(16,)",11,"{'NN__alpha': 0.001, 'NN__hidden_layer_sizes': (16,), 'filter__n': 11}",0.9173536216622926,0.9104511003691711,0.9297689009692324,0.8836322460623962,0.9201157450250741,0.9122643228176333,0.01560153610796437,125
166,2.0368730068206786,0.0562542577206061,0.0031536102294921877,0.006307220458984375,0.001,"(16,)",12,"{'NN__alpha': 0.001, 'NN__hidden_layer_sizes': (16,), 'filter__n': 12}",0.9240324947760965,0.913181120833195,0.9236411837957644,0.9176784225161587,0.9198335600585585,0.9196733563959546,0.004022444298993762,92
167,1.9643964767456055,0.08832022940530126,0.006244564056396484,0.0076480018216198275,0.001,"(16,)",13,"{'NN__alpha': 0.001, 'NN__hidden_layer_sizes': (16,), 'filter__n': 13}",0.9238543926810073,0.9148990333643826,0.932065328717085,0.9300282634745186,0.9198595077151926,0.9241413051904372,0.006344795088939335,39
168,1.880256462097168,0.05880352649260978,0.008875846862792969,0.0073074655374467095,0.001,"(16,)",14,"{'NN__alpha': 0.001, 'NN__hidden_layer_sizes': (16,), 'filter__n': 14}",0.9279589230577884,0.9142499194890847,0.9375049423950222,0.9301174555835483,0.9303063974555853,0.9280275275962058,0.00760538795635292,18
169,1.8775042057037354,0.08241639894924249,0.005057716369628906,0.006489223031089559,0.001,"(16, 16)",2,"{'NN__alpha': 0.001, 'NN__hidden_layer_sizes': (16, 16), 'filter__n': 2}",0.89431530719403,0.8807724768752812,0.8910507013069188,0.8926091844296745,0.8818830173576659,0.8881261374327141,0.005657021803582869,232
170,1.9349228858947753,0.03369617697533535,0.003122282028198242,0.006244564056396483,0.001,"(16, 16)",3,"{'NN__alpha': 0.001, 'NN__hidden_layer_sizes': (16, 16), 'filter__n': 3}",0.9187424553710346,0.8809520769187628,0.8910971632550037,0.8948095867448208,0.8825130589817851,0.8936228682542813,0.013584976691734271,206
171,1.8623209953308106,0.10871578871518628,0.006282615661621094,0.007694779211332749,0.001,"(16, 16)",4,"{'NN__alpha': 0.001, 'NN__hidden_layer_sizes': (16, 16), 'filter__n': 4}",0.8934634843511541,0.8813612651520716,0.8917240106971149,0.8926623258125025,0.889616823607265,0.8897655819240216,0.004394444679715701,218
172,2.104080629348755,0.29502304872884677,0.0031237125396728514,0.006247425079345702,0.001,"(16, 16)",5,"{'NN__alpha': 0.001, 'NN__hidden_layer_sizes': (16, 16), 'filter__n': 5}",0.903744257447199,0.9133390889669254,0.9265970007738408,0.9265546555833998,0.8890473450606197,0.9118564695663969,0.014293930452760555,128
173,2.153511095046997,0.2962340825067532,0.009403038024902343,0.00767761352758006,0.001,"(16, 16)",6,"{'NN__alpha': 0.001, 'NN__hidden_layer_sizes': (16, 16), 'filter__n': 6}",0.9245259823203195,0.9053331450928844,0.8966160250050599,0.8915171984347546,0.9193897616148721,0.9074764224935781,0.012726773695554213,148
174,1.9384547233581544,0.17723150937572846,0.009888029098510743,0.008128162542027001,0.001,"(16, 16)",7,"{'NN__alpha': 0.001, 'NN__hidden_layer_sizes': (16, 16), 'filter__n': 7}",0.9008364957865838,0.882563975034459,0.8892079481345835,0.8975132353432125,0.9166581532801973,0.8973559615158072,0.01157502869889412,193
175,2.0046133518218996,0.20839233484828493,0.0010000228881835937,0.0020000457763671873,0.001,"(16, 16)",8,"{'NN__alpha': 0.001, 'NN__hidden_layer_sizes': (16, 16), 'filter__n': 8}",0.909396383350384,0.8858997367105063,0.9143148972031688,0.9160217591533657,0.9094864572711394,0.9070238467377127,0.0108815738731943,152
176,1.8922061443328857,0.1271174234019547,0.005260562896728516,0.006642458129088191,0.001,"(16, 16)",9,"{'NN__alpha': 0.001, 'NN__hidden_layer_sizes': (16, 16), 'filter__n': 9}",0.9172768705283355,0.8858038760353806,0.8953125207742513,0.9001595227956388,0.9099919512408308,0.9017089482748875,0.011020477924788932,165
177,2.0343753814697267,0.23600437574673758,0.003124713897705078,0.006249427795410156,0.001,"(16, 16)",10,"{'NN__alpha': 0.001, 'NN__hidden_layer_sizes': (16, 16), 'filter__n': 10}",0.9242122315970728,0.915290957629585,0.9296575198608295,0.9235702376192331,0.9211102794668133,0.9227682452347068,0.004665813405846593,58
178,2.030750942230225,0.08225549711854944,0.007596111297607422,0.0071737364087011805,0.001,"(16, 16)",11,"{'NN__alpha': 0.001, 'NN__hidden_layer_sizes': (16, 16), 'filter__n': 11}",0.9208735518437737,0.9155855972128446,0.9363670366453327,0.9015807095133037,0.9209491612752778,0.9190712112981064,0.011171283366172681,96
179,1.8412554264068604,0.03653110397923974,0.0031258583068847655,0.00625171661376953,0.001,"(16, 16)",12,"{'NN__alpha': 0.001, 'NN__hidden_layer_sizes': (16, 16), 'filter__n': 12}",0.9172127349959724,0.9154361045125401,0.9353747324977529,0.9257736239237364,0.9188438637666115,0.9225282119393228,0.007317000666295175,63
180,1.8786394596099854,0.11217885299202017,0.003124427795410156,0.006248855590820312,0.001,"(16, 16)",13,"{'NN__alpha': 0.001, 'NN__hidden_layer_sizes': (16, 16), 'filter__n': 13}",0.9249087646731875,0.9127378064652546,0.9393868947754727,0.9375552584972195,0.9195069441277912,0.9268191337077851,0.010282163166981393,23
181,1.8918645858764649,0.10502249208902863,0.009375953674316406,0.007655437106426223,0.001,"(16, 16)",14,"{'NN__alpha': 0.001, 'NN__hidden_layer_sizes': (16, 16), 'filter__n': 14}",0.9339501540067067,0.9206353232354192,0.9380338936867014,0.9377487846017657,0.9316159678418504,0.9323968246744887,0.006352566530470476,7
182,1.774308443069458,0.048583357520897104,0.009388351440429687,0.007665678493941501,0.001,"(32, 16, 32)",2,"{'NN__alpha': 0.001, 'NN__hidden_layer_sizes': (32, 16, 32), 'filter__n': 2}",0.8822812881135877,0.87492121463627,0.8896755512728525,0.8908618364892287,0.883287853619368,0.8842055488262612,0.0057440560121297495,251
183,1.9709582328796387,0.257857644939739,0.003141498565673828,0.006282997131347656,0.001,"(32, 16, 32)",3,"{'NN__alpha': 0.001, 'NN__hidden_layer_sizes': (32, 16, 32), 'filter__n': 3}",0.9221021635741112,0.8830772515768242,0.8861388434527757,0.9267601585050211,0.8821600057209499,0.9000476845659364,0.02000688291403127,174
184,2.1466697216033936,0.2080181381237477,0.003124713897705078,0.006249427795410156,0.001,"(32, 16, 32)",4,"{'NN__alpha': 0.001, 'NN__hidden_layer_sizes': (32, 16, 32), 'filter__n': 4}",0.9288622538527288,0.8819073186164049,0.894645183817274,0.9264307217425718,0.9196526634867184,0.9102996283031397,0.01867322892003262,137
185,2.3604477882385253,0.1794962384247463,0.006266212463378907,0.007674583274868862,0.001,"(32, 16, 32)",5,"{'NN__alpha': 0.001, 'NN__hidden_layer_sizes': (32, 16, 32), 'filter__n': 5}",0.9224949626348568,0.9131854506575232,0.9294653467029236,0.9265762958946514,0.9194335636618626,0.9222311239103634,0.005673352761800049,69
186,2.260707235336304,0.2980598062084578,0.006347370147705078,0.007775457346352971,0.001,"(32, 16, 32)",6,"{'NN__alpha': 0.001, 'NN__hidden_layer_sizes': (32, 16, 32), 'filter__n': 6}",0.9243018293280743,0.8822685148208248,0.9330537322327032,0.924996685546562,0.920387833506134,0.9170017190868596,0.01784791009449848,102
187,2.36643500328064,0.10545184916796199,0.006250858306884766,0.007655856820283473,0.001,"(32, 16, 32)",7,"{'NN__alpha': 0.001, 'NN__hidden_layer_sizes': (32, 16, 32), 'filter__n': 7}",0.9226424476488013,0.9146419781388774,0.9318504016327102,0.9239006828612936,0.9185628172773268,0.9223196655118018,0.005770607025729412,66
188,2.1208492279052735,0.2264945997592207,0.009519386291503906,0.007774519900132817,0.001,"(32, 16, 32)",8,"{'NN__alpha': 0.001, 'NN__hidden_layer_sizes': (32, 16, 32), 'filter__n': 8}",0.9209849403534881,0.9136095372583621,0.9317545757475192,0.8730835737379068,0.9220301455258696,0.9122925545246291,0.020436375108320567,124
189,2.5153505325317385,0.0763130140473501,0.0042342662811279295,0.0054210838497168,0.001,"(32, 16, 32)",9,"{'NN__alpha': 0.001, 'NN__hidden_layer_sizes': (32, 16, 32), 'filter__n': 9}",0.9240351297841983,0.9113686196815267,0.9282594926208132,0.9270891949131529,0.9192497860388783,0.9220004446077139,0.006161376945005021,72
190,1.8881850719451905,0.09302900585654617,0.0,0.0,0.001,"(32, 16, 32)",10,"{'NN__alpha': 0.001, 'NN__hidden_layer_sizes': (32, 16, 32), 'filter__n': 10}",0.9198275567653081,0.9143833350427214,0.9297180962140318,0.8879912690431736,0.9236920197185298,0.9151224553567529,0.014458600999203623,109
191,2.069489908218384,0.39570041013837326,0.008868265151977538,0.007299922210741468,0.001,"(32, 16, 32)",11,"{'NN__alpha': 0.001, 'NN__hidden_layer_sizes': (32, 16, 32), 'filter__n': 11}",0.9224331362847396,0.9133422868325222,0.9321240911410528,0.9302595755788493,0.922394384661033,0.9241106948996393,0.0066894213347730505,42
192,1.8719142913818358,0.09936895823979318,0.006249332427978515,0.0076538378407878345,0.001,"(32, 16, 32)",12,"{'NN__alpha': 0.001, 'NN__hidden_layer_sizes': (32, 16, 32), 'filter__n': 12}",0.9246982934847748,0.9121281973428227,0.9225543047644693,0.9227306071739512,0.9189243349019525,0.9202071475335941,0.004448874734371213,89
193,1.867122220993042,0.10386742549207226,0.012002706527709961,0.006082772420835954,0.001,"(32, 16, 32)",13,"{'NN__alpha': 0.001, 'NN__hidden_layer_sizes': (32, 16, 32), 'filter__n': 13}",0.9195104645995599,0.9138822715915568,0.9339420023369417,0.938443155962965,0.9191781353852407,0.9249912059752529,0.009469006841620648,34
194,2.0101432323455812,0.21191468951089062,0.008504199981689452,0.007900577686200142,0.001,"(32, 16, 32)",14,"{'NN__alpha': 0.001, 'NN__hidden_layer_sizes': (32, 16, 32), 'filter__n': 14}",0.9322799513624316,0.9305337295780598,0.9449166797483965,0.9409635077393388,0.9306424070159056,0.9358672550888265,0.005941012666736189,1
195,1.7510219097137452,0.04692195874498979,0.008926582336425782,0.007355022824265158,0.0001,"(32, 32)",2,"{'NN__alpha': 0.0001, 'NN__hidden_layer_sizes': (32, 32), 'filter__n': 2}",0.8793226831509647,0.8759946315216318,0.8887694914883462,0.8878095082519518,0.8764220329356636,0.8816636694697116,0.00553817664315965,254
196,2.0253819942474367,0.23988445545428552,0.0040645599365234375,0.006089628262405327,0.0001,"(32, 32)",3,"{'NN__alpha': 0.0001, 'NN__hidden_layer_sizes': (32, 32), 'filter__n': 3}",0.9245057603000688,0.8794218781562613,0.8893859584622337,0.9260208968294651,0.8790653397126819,0.8996799666921422,0.02122019901334577,178
197,1.9814326763153076,0.1541605029075373,0.012493610382080078,0.006246807579684177,0.0001,"(32, 32)",4,"{'NN__alpha': 0.0001, 'NN__hidden_layer_sizes': (32, 32), 'filter__n': 4}",0.9184933791423453,0.8832547528040124,0.8946429072125068,0.8973018679737755,0.9202352969607862,0.9027856408186853,0.014346114488317642,162
198,2.1186315059661864,0.2612489616760686,0.009488630294799804,0.007749207453177156,0.0001,"(32, 32)",5,"{'NN__alpha': 0.0001, 'NN__hidden_layer_sizes': (32, 32), 'filter__n': 5}",0.9203379293535285,0.913949790287147,0.8987966358678332,0.8867650648508405,0.9178379244212899,0.907537468956128,0.01279815587823681,147
199,2.172090196609497,0.14656775870541736,0.009376144409179688,0.007655590792395754,0.0001,"(32, 32)",6,"{'NN__alpha': 0.0001, 'NN__hidden_layer_sizes': (32, 32), 'filter__n': 6}",0.9215301935832056,0.9127466041414429,0.9211419973412569,0.9247455725614941,0.9176751912418292,0.9195679117738458,0.004080418981747407,95
200,2.2955794811248778,0.18082479785602332,0.003124523162841797,0.006249046325683594,0.0001,"(32, 32)",7,"{'NN__alpha': 0.0001, 'NN__hidden_layer_sizes': (32, 32), 'filter__n': 7}",0.9274498630990555,0.9122194232920207,0.9304081052964339,0.9248778653915187,0.90911780337888,0.9208146120915817,0.00852366470181471,87
201,2.244442319869995,0.18639071447847272,0.006251764297485351,0.007656816825081606,0.0001,"(32, 32)",8,"{'NN__alpha': 0.0001, 'NN__hidden_layer_sizes': (32, 32), 'filter__n': 8}",0.9223008439934692,0.908598582590803,0.9215081487631341,0.9198408326775243,0.9055485116321916,0.9155593839314244,0.007040400693877522,107
202,2.137975835800171,0.2757495055588338,0.009389734268188477,0.007666740809512402,0.0001,"(32, 32)",9,"{'NN__alpha': 0.0001, 'NN__hidden_layer_sizes': (32, 32), 'filter__n': 9}",0.9201304923286204,0.9125943806973503,0.885959842201332,0.9278941237857027,0.9050523817581922,0.9103262441542397,0.01436268282105905,136
203,2.0919150829315187,0.22611970672374693,0.0031246662139892576,0.006249332427978515,0.0001,"(32, 32)",10,"{'NN__alpha': 0.0001, 'NN__hidden_layer_sizes': (32, 32), 'filter__n': 10}",0.9255890215887569,0.9142750025624938,0.9363061955826242,0.9232833329936156,0.9204375770405975,0.9239782259536176,0.00723526244003733,44
204,1.963699722290039,0.2156862147962768,0.007575702667236328,0.007001417315310395,0.0001,"(32, 32)",11,"{'NN__alpha': 0.0001, 'NN__hidden_layer_sizes': (32, 32), 'filter__n': 11}",0.9239813952207298,0.9155041218912251,0.9299433075684214,0.9195406218190874,0.9230965581797039,0.9224132009358336,0.004808654705064363,64
205,1.9130918502807617,0.12899360794870227,0.006265020370483399,0.007673098776084337,0.0001,"(32, 32)",12,"{'NN__alpha': 0.0001, 'NN__hidden_layer_sizes': (32, 32), 'filter__n': 12}",0.9218058674381516,0.9104477489077774,0.9308850695356895,0.9264502740927694,0.9206334853564071,0.922044489066159,0.006842500402488206,71
206,1.873106050491333,0.07527186361411536,0.008875846862792969,0.007307137920662821,0.0001,"(32, 32)",13,"{'NN__alpha': 0.0001, 'NN__hidden_layer_sizes': (32, 32), 'filter__n': 13}",0.9221003025248882,0.9142580292758642,0.9349236107619578,0.9377097258464984,0.9233140936221328,0.9264611524062684,0.008671572068276552,28
207,1.8862384796142577,0.110443500015903,0.0031233787536621093,0.006246757507324219,0.0001,"(32, 32)",14,"{'NN__alpha': 0.0001, 'NN__hidden_layer_sizes': (32, 32), 'filter__n': 14}",0.9300985939494031,0.9237830580415253,0.9344966582727162,0.9372531539518266,0.9331937810176347,0.931765049046621,0.00460676703244477,9
208,1.7133937358856202,0.012112178875454481,0.006266307830810547,0.00767467118876362,0.0001,"(32,)",2,"{'NN__alpha': 0.0001, 'NN__hidden_layer_sizes': (32,), 'filter__n': 2}",0.8924910940104824,0.8773527405894135,0.8847230227879875,0.8902089853626207,0.8791900276294896,0.8847931740759988,0.005921979482952642,246
209,1.8085556030273438,0.09697632468525189,0.009614276885986327,0.007862026500297985,0.0001,"(32,)",3,"{'NN__alpha': 0.0001, 'NN__hidden_layer_sizes': (32,), 'filter__n': 3}",0.8816984090710821,0.8776507350690576,0.8877146647360742,0.8978718512276659,0.8804307223868145,0.8850732764981389,0.007194687026188178,244
210,1.9426064968109131,0.22226156611936898,0.006249618530273437,0.007654188256473836,0.0001,"(32,)",4,"{'NN__alpha': 0.0001, 'NN__hidden_layer_sizes': (32,), 'filter__n': 4}",0.8941939081253477,0.8827280434347743,0.8896037850265035,0.9201874323296749,0.8986954575635966,0.8970817252959794,0.012702480789326539,196
211,1.9985342979431153,0.2305882636028805,0.008588361740112304,0.006129887754954061,0.0001,"(32,)",5,"{'NN__alpha': 0.0001, 'NN__hidden_layer_sizes': (32,), 'filter__n': 5}",0.9200493414799923,0.8805495651255706,0.8874475714827373,0.915769985061592,0.900456419536847,0.9008545765373478,0.015382510943355588,169
212,1.902601957321167,0.25013043125989215,0.0,0.0,0.0001,"(32,)",6,"{'NN__alpha': 0.0001, 'NN__hidden_layer_sizes': (32,), 'filter__n': 6}",0.9202090595909466,0.8858066054310273,0.8951337713679465,0.8844224835227125,0.9017135758578775,0.897457099154102,0.013013856909470871,191
213,1.7818430423736573,0.03638346020344072,0.005782794952392578,0.00039225235602000346,0.0001,"(32,)",7,"{'NN__alpha': 0.0001, 'NN__hidden_layer_sizes': (32,), 'filter__n': 7}",0.8974344739233674,0.8817368766091913,0.8917389648752511,0.8872612682798445,0.8872401349740904,0.8890823437323491,0.005243694323561297,225
214,1.9439005851745605,0.20180465908236783,0.004325342178344726,0.0061104351814907166,0.0001,"(32,)",8,"{'NN__alpha': 0.0001, 'NN__hidden_layer_sizes': (32,), 'filter__n': 8}",0.9008582166440388,0.8868659354377255,0.8931975154617554,0.898971885728837,0.9139577892779408,0.8987702685100596,0.009031386232714976,183
215,2.1377828121185303,0.2668059420265892,0.01036520004272461,0.005689563815273861,0.0001,"(32,)",9,"{'NN__alpha': 0.0001, 'NN__hidden_layer_sizes': (32,), 'filter__n': 9}",0.9231547490549084,0.8817503553282799,0.9110559240993242,0.9207838550581195,0.8998189897912368,0.9073127746663736,0.015205547811878703,149
216,2.0889688968658446,0.14102373218087125,0.002201414108276367,0.004402828216552733,0.0001,"(32,)",10,"{'NN__alpha': 0.0001, 'NN__hidden_layer_sizes': (32,), 'filter__n': 10}",0.9273063527629916,0.9136297369616412,0.9320796665684891,0.9210426164786754,0.9218121618441026,0.92317410692318,0.006226999151324165,48
217,1.7657684803009033,0.07602816766395094,0.0,0.0,0.0001,"(32,)",11,"{'NN__alpha': 0.0001, 'NN__hidden_layer_sizes': (32,), 'filter__n': 11}",0.9236996326906773,0.9127714165756281,0.9134960608649105,0.8893464977206268,0.9195360276030443,0.9117699270909775,0.011911531358977476,129
218,1.9220170497894287,0.08319066943977724,0.009385824203491211,0.007663532068463761,0.0001,"(32,)",12,"{'NN__alpha': 0.0001, 'NN__hidden_layer_sizes': (32,), 'filter__n': 12}",0.925726474019462,0.9160450799345787,0.9265326805239813,0.9261872669099094,0.920461654119275,0.9229906311014412,0.0041203358276629045,52
219,1.8216650485992432,0.04654688238923535,0.009403038024902343,0.0076775942436509885,0.0001,"(32,)",13,"{'NN__alpha': 0.0001, 'NN__hidden_layer_sizes': (32,), 'filter__n': 13}",0.921661477835621,0.9129338637711081,0.9372178069216421,0.9337097540988735,0.9196727102624629,0.9250391225779415,0.009058083232569038,32
220,1.8974356174468994,0.11616784771097803,0.0062500953674316405,0.007654772300436565,0.0001,"(32,)",14,"{'NN__alpha': 0.0001, 'NN__hidden_layer_sizes': (32,), 'filter__n': 14}",0.9344322436607082,0.9235268207316439,0.9335598358940824,0.9349206112351157,0.9307289185199157,0.9314336860082932,0.004211548992589429,11
221,1.8473026275634765,0.1399421904939404,0.00646519660949707,0.007925575506935477,0.0001,"(16,)",2,"{'NN__alpha': 0.0001, 'NN__hidden_layer_sizes': (16,), 'filter__n': 2}",0.8849883783070217,0.8656511774294048,0.8887500965625268,0.8861408443743249,0.8799166567007861,0.8810894306748128,0.008235525932313208,260
222,1.9023226737976073,0.11705935982633967,0.0031422138214111327,0.0062844276428222655,0.0001,"(16,)",3,"{'NN__alpha': 0.0001, 'NN__hidden_layer_sizes': (16,), 'filter__n': 3}",0.8920000766022306,0.8824993411032108,0.8907834453299386,0.8919083555268499,0.8803617993203707,0.8875106035765201,0.0050284239534324855,235
223,1.7716071605682373,0.045647465979217615,0.006249141693115234,0.007653605760294365,0.0001,"(16,)",4,"{'NN__alpha': 0.0001, 'NN__hidden_layer_sizes': (16,), 'filter__n': 4}",0.8933223921232916,0.8808669742886364,0.8751833997188633,0.8900417152638506,0.8876994503553395,0.8854227863499963,0.006550144071670523,239
224,1.9392719268798828,0.21405015911824166,0.006262588500976563,0.007670136047149029,0.0001,"(16,)",5,"{'NN__alpha': 0.0001, 'NN__hidden_layer_sizes': (16,), 'filter__n': 5}",0.8942701672497955,0.89124818511201,0.9050033709180734,0.8922424768615053,0.9063732931880595,0.8978274986658888,0.006506276796977708,188
225,1.955857276916504,0.19896827818026422,0.0,0.0,0.0001,"(16,)",6,"{'NN__alpha': 0.0001, 'NN__hidden_layer_sizes': (16,), 'filter__n': 6}",0.9169599960681069,0.892840302334753,0.8987313559443436,0.8925690927922725,0.8975126148600274,0.8997226723999006,0.008961396194828402,176
226,1.8792555809020997,0.1789157155893991,0.004512405395507813,0.00617063306563158,0.0001,"(16,)",7,"{'NN__alpha': 0.0001, 'NN__hidden_layer_sizes': (16,), 'filter__n': 7}",0.8918052077690765,0.8837960093222089,0.8970948867996983,0.89394475829464,0.8996456580267024,0.8932573040424652,0.00543388227266848,208
227,1.9232370376586914,0.18760331614109232,0.005859231948852539,0.0059308717778793875,0.0001,"(16,)",8,"{'NN__alpha': 0.0001, 'NN__hidden_layer_sizes': (16,), 'filter__n': 8}",0.8970418837061406,0.8856851511568001,0.8910015566680017,0.8917627344624455,0.910874013337293,0.8952730678661363,0.008590862639058774,201
228,1.795562505722046,0.12257343861636398,0.004427003860473633,0.006139092419223549,0.0001,"(16,)",9,"{'NN__alpha': 0.0001, 'NN__hidden_layer_sizes': (16,), 'filter__n': 9}",0.8854848264115353,0.883142355640115,0.9001438983982407,0.8953634359072935,0.8832462331881632,0.8894761499090695,0.006975965448680733,222
229,1.912490463256836,0.11892560837308931,0.001327848434448242,0.002655696868896484,0.0001,"(16,)",10,"{'NN__alpha': 0.0001, 'NN__hidden_layer_sizes': (16,), 'filter__n': 10}",0.9238892782878475,0.9149908752480537,0.9238337194387746,0.8874908792612951,0.9182689716889657,0.9136947447849874,0.013534942886478633,116
230,1.8472021102905274,0.13022230689118774,0.005042552947998047,0.0064638844461593304,0.0001,"(16,)",11,"{'NN__alpha': 0.0001, 'NN__hidden_layer_sizes': (16,), 'filter__n': 11}",0.9173536216622926,0.9104511003691711,0.9297689009692324,0.8836322460623962,0.920858182821156,0.9124128103768496,0.015678896650880902,123
231,1.906066656112671,0.09276816089912969,0.0062466621398925785,0.0076505674325233735,0.0001,"(16,)",12,"{'NN__alpha': 0.0001, 'NN__hidden_layer_sizes': (16,), 'filter__n': 12}",0.9240324947760965,0.913181120833195,0.9236411837957644,0.9176784225161587,0.9198335600585585,0.9196733563959546,0.004022444298993762,92
232,1.891747283935547,0.07031324455408142,0.0031230926513671877,0.006246185302734375,0.0001,"(16,)",13,"{'NN__alpha': 0.0001, 'NN__hidden_layer_sizes': (16,), 'filter__n': 13}",0.9238543926810073,0.9148990333643826,0.932065328717085,0.9300282634745186,0.9198595077151926,0.9241413051904372,0.006344795088939335,39
233,1.79233717918396,0.07307024377556356,0.0076373577117919925,0.007362242035185057,0.0001,"(16,)",14,"{'NN__alpha': 0.0001, 'NN__hidden_layer_sizes': (16,), 'filter__n': 14}",0.9279589230577884,0.9142499194890847,0.9375049423950222,0.9301174555835483,0.9303063974555853,0.9280275275962058,0.00760538795635292,18
234,1.8957037448883056,0.11868771760297411,0.004940700531005859,0.006394253256464288,0.0001,"(16, 16)",2,"{'NN__alpha': 0.0001, 'NN__hidden_layer_sizes': (16, 16), 'filter__n': 2}",0.8961350949191987,0.8801017669127483,0.8915161190647948,0.8918956773822221,0.8813539913664055,0.888200529929074,0.0063256560179105765,230
235,1.8768435955047607,0.08823131634568344,0.006249046325683594,0.007653487444411136,0.0001,"(16, 16)",3,"{'NN__alpha': 0.0001, 'NN__hidden_layer_sizes': (16, 16), 'filter__n': 3}",0.9187424553710346,0.8814368387717338,0.8907580357581932,0.8821080171321742,0.8825130589817851,0.8911116812029842,0.014228067986194318,215
236,1.8600777626037597,0.1258200979542559,0.008392906188964844,0.007113244627546993,0.0001,"(16, 16)",4,"{'NN__alpha': 0.0001, 'NN__hidden_layer_sizes': (16, 16), 'filter__n': 4}",0.8934634843511541,0.882737486021245,0.8917240106971149,0.8926623258125025,0.8882620854104214,0.8897698784584875,0.003938415728673506,217
237,2.031818962097168,0.2201259989130345,0.0031232833862304688,0.0062465667724609375,0.0001,"(16, 16)",5,"{'NN__alpha': 0.0001, 'NN__hidden_layer_sizes': (16, 16), 'filter__n': 5}",0.9033571107185888,0.9133390889669254,0.9265970007738408,0.9199805210831368,0.8869710787474036,0.910048960057979,0.013861226190592527,139
238,2.0933640956878663,0.261345056857974,0.009449052810668945,0.0077165185577537185,0.0001,"(16, 16)",6,"{'NN__alpha': 0.0001, 'NN__hidden_layer_sizes': (16, 16), 'filter__n': 6}",0.9234163121128032,0.913855850935324,0.8966160250050599,0.8915171984347546,0.9132912444767279,0.907739326192934,0.011839669061294116,144
239,1.9783119678497314,0.18237359010663212,0.0031246662139892576,0.006249332427978515,0.0001,"(16, 16)",7,"{'NN__alpha': 0.0001, 'NN__hidden_layer_sizes': (16, 16), 'filter__n': 7}",0.9003073952574832,0.8832902492598796,0.8924042377969947,0.902116189752577,0.9166581532801973,0.8989552450694264,0.011077189449824798,181
240,2.0181635856628417,0.16387857570433362,0.008280372619628907,0.007060301136148377,0.0001,"(16, 16)",8,"{'NN__alpha': 0.0001, 'NN__hidden_layer_sizes': (16, 16), 'filter__n': 8}",0.909396383350384,0.8865223128861441,0.9139277504745587,0.9075699315758227,0.914165783580761,0.9063164323735341,0.010221633941404722,155
241,1.9669963359832763,0.18166001954554165,0.006395912170410157,0.007544277573650365,0.0001,"(16, 16)",9,"{'NN__alpha': 0.0001, 'NN__hidden_layer_sizes': (16, 16), 'filter__n': 9}",0.9202193958481109,0.8854167293067704,0.8953125207742513,0.8991758410225474,0.91734837079254,0.903494571548844,0.013297016730771284,160
242,2.044600009918213,0.26439257504552766,0.005538511276245117,0.006874171084737927,0.0001,"(16, 16)",10,"{'NN__alpha': 0.0001, 'NN__hidden_layer_sizes': (16, 16), 'filter__n': 10}",0.9245993783256828,0.9159229590505307,0.929318392364019,0.9235702376192331,0.9211102794668133,0.9229042493652557,0.0043912407224038635,54
243,2.0662105560302733,0.14595115633979902,0.0,0.0,0.0001,"(16, 16)",11,"{'NN__alpha': 0.0001, 'NN__hidden_layer_sizes': (16, 16), 'filter__n': 11}",0.9208735518437737,0.91396742104209,0.9358622410875337,0.910447456973964,0.9262818314424132,0.9214865004779549,0.009038029212240688,77
244,1.8526313304901123,0.037182620101750705,0.003125619888305664,0.006251239776611328,0.0001,"(16, 16)",12,"{'NN__alpha': 0.0001, 'NN__hidden_layer_sizes': (16, 16), 'filter__n': 12}",0.9172127349959724,0.9140611778223068,0.9356607327837531,0.9254855038354424,0.9188438637666115,0.9222528026408172,0.007672663305678104,67
245,1.8903186798095704,0.1285557953586665,0.005649089813232422,0.006990226779000927,0.0001,"(16, 16)",13,"{'NN__alpha': 0.0001, 'NN__hidden_layer_sizes': (16, 16), 'filter__n': 13}",0.9249087646731875,0.9121112400492145,0.9393868947754727,0.9378432769303993,0.9188803777117511,0.926626110828005,0.010604617441203012,26
246,1.8875741958618164,0.03818407292395067,0.008454608917236327,0.006192718232448106,0.0001,"(16, 16)",14,"{'NN__alpha': 0.0001, 'NN__hidden_layer_sizes': (16, 16), 'filter__n': 14}",0.9361248770606586,0.9206353232354192,0.9357467676613977,0.9341667414181771,0.9291650427598889,0.9311677504271083,0.0058219809482006595,13
247,1.7874748229980468,0.04075420865253807,0.008459520339965821,0.007183995216425635,0.0001,"(32, 16, 32)",2,"{'NN__alpha': 0.0001, 'NN__hidden_layer_sizes': (32, 16, 32), 'filter__n': 2}",0.8802622092817751,0.8763739235344218,0.8895977105070793,0.8930535555030729,0.883898983300542,0.8846372764253783,0.006056549348304456,249
248,1.9756623744964599,0.28266642777141787,0.005641269683837891,0.005838079467789528,0.0001,"(32, 16, 32)",3,"{'NN__alpha': 0.0001, 'NN__hidden_layer_sizes': (32, 16, 32), 'filter__n': 3}",0.9218141451409315,0.8792884171303597,0.8896147411390911,0.9261520650012645,0.8826630238296017,0.8999064784482498,0.01998568342571153,175
249,2.1588218212127686,0.2732220170588096,0.009374904632568359,0.007654578351821741,0.0001,"(32, 16, 32)",4,"{'NN__alpha': 0.0001, 'NN__hidden_layer_sizes': (32, 16, 32), 'filter__n': 4}",0.9251055691963376,0.8813699092324634,0.893541205449714,0.9285420609092611,0.9203278286485083,0.9097773146872568,0.018809446348919404,142
250,2.351955795288086,0.16340970288243553,0.00624690055847168,0.007650859421452927,0.0001,"(32, 16, 32)",5,"{'NN__alpha': 0.0001, 'NN__hidden_layer_sizes': (32, 16, 32), 'filter__n': 5}",0.9218711323167033,0.9121184498547521,0.9298524934315336,0.9258280848578796,0.9175468590410902,0.9214434039003917,0.006200951463020452,78
251,2.3478372573852537,0.11048365081753087,0.0062481403350830075,0.007652521060776383,0.0001,"(32, 16, 32)",6,"{'NN__alpha': 0.0001, 'NN__hidden_layer_sizes': (32, 16, 32), 'filter__n': 6}",0.9243669977610393,0.9135954551628311,0.9259277712413625,0.9244634741852625,0.9177285098129716,0.9212164416326933,0.004752072266909981,83
252,2.183604907989502,0.19433129698557047,0.010497522354125977,0.006131947787711775,0.0001,"(32, 16, 32)",7,"{'NN__alpha': 0.0001, 'NN__hidden_layer_sizes': (32, 16, 32), 'filter__n': 7}",0.9218702468766006,0.9115055113952221,0.9349665967012923,0.8916812642148915,0.9161131702195427,0.9152273578815098,0.0141620680347778,108
253,2.255074691772461,0.3101264788989225,0.00764622688293457,0.006988859034625998,0.0001,"(32, 16, 32)",8,"{'NN__alpha': 0.0001, 'NN__hidden_layer_sizes': (32, 16, 32), 'filter__n': 8}",0.9255535505632655,0.9124018720509088,0.9276702580875086,0.8723404643871308,0.9170795438676796,0.9110091377912987,0.02011560943095877,134
254,2.403924560546875,0.18266647722184157,0.010893821716308594,0.0062728370543877,0.0001,"(32, 16, 32)",9,"{'NN__alpha': 0.0001, 'NN__hidden_layer_sizes': (32, 16, 32), 'filter__n': 9}",0.9223625393987953,0.912535971135579,0.9303765300812331,0.9225597464873239,0.9183115400756436,0.9212292654357149,0.005844885409737497,82
255,2.02207727432251,0.2650141921104261,0.006265830993652344,0.0076740818268318176,0.0001,"(32, 16, 32)",10,"{'NN__alpha': 0.0001, 'NN__hidden_layer_sizes': (32, 16, 32), 'filter__n': 10}",0.9204513870834616,0.9155426825435323,0.9294306572948021,0.9233927309326484,0.9241485317664515,0.9225931979241793,0.004563031620482635,61
256,2.034023666381836,0.31986329038681965,0.009405279159545898,0.006638532380503371,0.0001,"(32, 16, 32)",11,"{'NN__alpha': 0.0001, 'NN__hidden_layer_sizes': (32, 16, 32), 'filter__n': 11}",0.9229173186237607,0.9130548479132925,0.9326531916701534,0.926864957556958,0.9228109124240987,0.9236602456376527,0.006401422110385906,45
257,1.8926683425903321,0.09828155322401501,0.0,0.0,0.0001,"(32, 16, 32)",12,"{'NN__alpha': 0.0001, 'NN__hidden_layer_sizes': (32, 16, 32), 'filter__n': 12}",0.9243111467561647,0.9147429753440658,0.9233265055366701,0.9220721850967727,0.9227096016577502,0.9214324828782846,0.0034253113700176644,79
258,1.9566466331481933,0.18725269339943276,0.003122854232788086,0.006245708465576172,0.0001,"(32, 16, 32)",13,"{'NN__alpha': 0.0001, 'NN__hidden_layer_sizes': (32, 16, 32), 'filter__n': 13}",0.9220721407093506,0.9141216912789868,0.9343291490655519,0.938443155962965,0.9198047018012807,0.9257541677636271,0.00915214404915644,30
259,1.9883485317230225,0.12204521858670786,0.004638862609863281,0.003968406580647852,0.0001,"(32, 16, 32)",14,"{'NN__alpha': 0.0001, 'NN__hidden_layer_sizes': (32, 16, 32), 'filter__n': 14}",0.9332909284091954,0.9219436711801968,0.945058633548887,0.9396131774157589,0.9349350841263361,0.9349682989360749,0.007692143420097737,2
