,mean_fit_time,std_fit_time,mean_score_time,std_score_time,param_NN__alpha,param_NN__hidden_layer_sizes,param_km__n_clusters,params,split0_test_score,split1_test_score,split2_test_score,split3_test_score,split4_test_score,mean_test_score,std_test_score,rank_test_score
0,1.521620798110962,0.5488869114245286,0.003001117706298828,0.0008931904678743191,0.1,"(32, 32)",2,"{'NN__alpha': 0.1, 'NN__hidden_layer_sizes': (32, 32), 'km__n_clusters': 2}",0.6305514159160627,0.6648975009138561,0.6597574556124047,0.6293206886178027,0.6460106402876193,0.6461075402695491,0.014582068390781236,211
1,1.747685194015503,0.5443523995447743,0.0035593509674072266,0.0008820145350254852,0.1,"(32, 32)",3,"{'NN__alpha': 0.1, 'NN__hidden_layer_sizes': (32, 32), 'km__n_clusters': 3}",0.8099252739275047,0.8371044799258226,0.8162479082659502,0.7228127884666394,0.7958069574611711,0.7963794816094175,0.03911305275497161,183
2,1.6203318119049073,0.30189691068556124,0.0039578437805175785,9.051100316483676e-05,0.1,"(32, 32)",4,"{'NN__alpha': 0.1, 'NN__hidden_layer_sizes': (32, 32), 'km__n_clusters': 4}",0.8142192588563069,0.8245156645775273,0.8144731696240463,0.8213182345941809,0.8070682055358428,0.8163189066375809,0.006092140141952682,100
3,1.4434088230133058,0.20756432129739963,0.0038021564483642577,0.0007488117736669201,0.1,"(32, 32)",5,"{'NN__alpha': 0.1, 'NN__hidden_layer_sizes': (32, 32), 'km__n_clusters': 5}",0.8063949486154152,0.8245902284845749,0.8007813523939357,0.8174347554416234,0.7993208361775798,0.8097044242226257,0.009795283861373063,135
4,1.5594977378845214,0.2788686226468425,0.0043212890625,0.0004129162939591562,0.1,"(32, 32)",6,"{'NN__alpha': 0.1, 'NN__hidden_layer_sizes': (32, 32), 'km__n_clusters': 6}",0.812310683855437,0.8331119012890981,0.8121701408683666,0.7993486053543528,0.8040646205584807,0.8122011903851469,0.011564285485226984,126
5,1.6511024475097655,0.3396009981577925,0.0036787986755371094,0.0005645647442662285,0.1,"(32, 32)",7,"{'NN__alpha': 0.1, 'NN__hidden_layer_sizes': (32, 32), 'km__n_clusters': 7}",0.8043637651640253,0.8437379367597606,0.818105784785546,0.8402050698663149,0.821072281378644,0.8254969675908581,0.014627924698450848,81
6,1.9677839756011963,0.4302012810307193,0.004700946807861328,0.0016606917138447942,0.1,"(32, 32)",8,"{'NN__alpha': 0.1, 'NN__hidden_layer_sizes': (32, 32), 'km__n_clusters': 8}",0.8386774891886891,0.8555368111731957,0.8524520089591843,0.819328132457282,0.804873130043531,0.8341735143643765,0.01944056321061147,70
7,2.1113229274749754,0.46902178028814845,0.003614187240600586,0.0005020676610796051,0.1,"(32, 32)",9,"{'NN__alpha': 0.1, 'NN__hidden_layer_sizes': (32, 32), 'km__n_clusters': 9}",0.8380318886127976,0.8847710881062353,0.8411313240243209,0.8524972547505424,0.8448566478234695,0.8522576406634732,0.016959500687837113,56
8,2.5947094917297364,0.2835686818448306,0.004108905792236328,0.00047991619218322077,0.1,"(32, 32)",10,"{'NN__alpha': 0.1, 'NN__hidden_layer_sizes': (32, 32), 'km__n_clusters': 10}",0.8846784330286516,0.894082556509524,0.8844618473078723,0.8608711751596783,0.8383626135594674,0.8724913251130386,0.02028692737417779,28
9,2.8934041976928713,0.4635254567632216,0.003986167907714844,0.0009167681595512587,0.1,"(32, 32)",15,"{'NN__alpha': 0.1, 'NN__hidden_layer_sizes': (32, 32), 'km__n_clusters': 15}",0.888288089510322,0.9062746005050394,0.8851060078134715,0.8959117459258594,0.8742259332163396,0.8899612753942063,0.010728530593300516,4
10,2.63711256980896,0.5401576689812111,0.0038071155548095705,0.0004035280028780283,0.1,"(32, 32)",20,"{'NN__alpha': 0.1, 'NN__hidden_layer_sizes': (32, 32), 'km__n_clusters': 20}",0.8836735673616425,0.8962816880318885,0.8927842486184749,0.8767724719216033,0.8881469372642142,0.8875317826395648,0.006858224999267434,9
11,1.5407028198242188,0.17959675667430414,0.00296931266784668,0.000585655124803395,0.1,"(32,)",2,"{'NN__alpha': 0.1, 'NN__hidden_layer_sizes': (32,), 'km__n_clusters': 2}",0.6269484138316251,0.6194058734820007,0.6178329673977105,0.5549778214721391,0.5869200419013373,0.6012170236169625,0.026875623865071023,216
12,1.6575115203857422,0.3450666716780363,0.0027998924255371095,0.000400018706226792,0.1,"(32,)",3,"{'NN__alpha': 0.1, 'NN__hidden_layer_sizes': (32,), 'km__n_clusters': 3}",0.7948560017153752,0.8187226086233705,0.7942531731865731,0.6883742494962175,0.741811420165793,0.7676034906374658,0.04692243112778881,191
13,1.5470916271209716,0.13121349868394774,0.0027999401092529295,0.0007483154942104829,0.1,"(32,)",4,"{'NN__alpha': 0.1, 'NN__hidden_layer_sizes': (32,), 'km__n_clusters': 4}",0.797828866427249,0.8158935469144254,0.8055215024708132,0.8088332141901612,0.8171170175729514,0.8090388295151201,0.007075611811736556,138
14,1.3188436508178711,0.30628734562970467,0.003400087356567383,0.0008001327940903335,0.1,"(32,)",5,"{'NN__alpha': 0.1, 'NN__hidden_layer_sizes': (32,), 'km__n_clusters': 5}",0.7921604596713808,0.811348680813253,0.8039387159321025,0.8003167499713469,0.7838081160709828,0.7983145444918132,0.009527203853425927,176
15,1.1843748092651367,0.316156948292682,0.0029998779296875,3.2340669551493016e-07,0.1,"(32,)",6,"{'NN__alpha': 0.1, 'NN__hidden_layer_sizes': (32,), 'km__n_clusters': 6}",0.7907963893185568,0.7965051331108439,0.79708749942489,0.799827552754732,0.7995296729857782,0.7967492495189601,0.0032501463305923796,180
16,1.4593496322631836,0.4929431423818673,0.003200864791870117,0.00039954482832167644,0.1,"(32,)",7,"{'NN__alpha': 0.1, 'NN__hidden_layer_sizes': (32,), 'km__n_clusters': 7}",0.8082395043450903,0.8464885056125462,0.8121537298975741,0.8070886376527027,0.7813166316189636,0.8110574018253753,0.020807547181527376,128
17,1.3248022079467774,0.34294973563561193,0.003000020980834961,1.5078914929239175e-07,0.1,"(32,)",8,"{'NN__alpha': 0.1, 'NN__hidden_layer_sizes': (32,), 'km__n_clusters': 8}",0.8248631975093542,0.8135644044403639,0.8091470900005093,0.812503519937595,0.8073644155923764,0.8134885254960397,0.00611084186096871,121
18,1.572446346282959,0.2722699229571412,0.0033998966217041017,0.0007999897216339391,0.1,"(32,)",9,"{'NN__alpha': 0.1, 'NN__hidden_layer_sizes': (32,), 'km__n_clusters': 9}",0.8446380043554502,0.8591543416731009,0.8239241011866707,0.8279847451120863,0.8229185279580628,0.8357239440570743,0.014082288002972591,69
19,1.849789524078369,0.16320135251893905,0.00344696044921875,0.00089435581206055,0.1,"(32,)",10,"{'NN__alpha': 0.1, 'NN__hidden_layer_sizes': (32,), 'km__n_clusters': 10}",0.853278206215282,0.8790535687989577,0.8736889502863011,0.8540988193872802,0.8296666786502267,0.8579572446676096,0.017491017269411265,49
20,1.8789875507354736,0.17362424741764465,0.0035243988037109374,0.00045198032208922757,0.1,"(32,)",15,"{'NN__alpha': 0.1, 'NN__hidden_layer_sizes': (32,), 'km__n_clusters': 15}",0.8718298760217154,0.8834939692175628,0.8594509419510961,0.8892704772188046,0.8461148979643134,0.8700320324746984,0.01573888521031257,29
21,2.32006573677063,0.3138445870180456,0.0032001018524169924,0.00040004254453151935,0.1,"(32,)",20,"{'NN__alpha': 0.1, 'NN__hidden_layer_sizes': (32,), 'km__n_clusters': 20}",0.8878990834330548,0.8884061537264939,0.8662537008177383,0.8834024409108835,0.8694096471775525,0.8790742052131446,0.009396450158258567,20
22,1.7331096649169921,0.23915984915478786,0.0029997825622558594,2.611744678045111e-07,0.1,"(16,)",2,"{'NN__alpha': 0.1, 'NN__hidden_layer_sizes': (16,), 'km__n_clusters': 2}",0.6308621501043167,0.5886229946838853,0.6068600330835134,0.5814088661576732,0.5666327707887356,0.5948773629636249,0.022166478316048878,219
23,1.622879648208618,0.33847940690784845,0.0029999732971191405,1.784161275279017e-07,0.1,"(16,)",3,"{'NN__alpha': 0.1, 'NN__hidden_layer_sizes': (16,), 'km__n_clusters': 3}",0.7947801380555353,0.8054420840421527,0.7820602203390438,0.6771671950563258,0.664109225462056,0.7447117725910226,0.06107202150976154,200
24,1.6335183143615724,0.3528529748828256,0.0037999629974365236,0.0013264819079818195,0.1,"(16,)",4,"{'NN__alpha': 0.1, 'NN__hidden_layer_sizes': (16,), 'km__n_clusters': 4}",0.7987886633299774,0.797512441209457,0.8115439217669836,0.816663365855306,0.7872348205973992,0.8023486425518247,0.010525724418337584,166
25,1.4607829570770263,0.17542464228760668,0.00211944580078125,0.0011231309561086642,0.1,"(16,)",5,"{'NN__alpha': 0.1, 'NN__hidden_layer_sizes': (16,), 'km__n_clusters': 5}",0.7813672760647387,0.8110263752139969,0.8114849618628657,0.8007447256777538,0.7880023611063315,0.7985251399851373,0.012118461912633586,174
26,1.4160448551177978,0.2826878511031732,0.003000020980834961,1.5078914929239175e-07,0.1,"(16,)",6,"{'NN__alpha': 0.1, 'NN__hidden_layer_sizes': (16,), 'km__n_clusters': 6}",0.7818182735833074,0.8146413628885849,0.786090048146722,0.8037544772628594,0.7928913403907777,0.7958391004544503,0.011970757362034701,185
27,1.280794620513916,0.18946946387289784,0.0029236793518066405,0.0005200266639951784,0.1,"(16,)",7,"{'NN__alpha': 0.1, 'NN__hidden_layer_sizes': (16,), 'km__n_clusters': 7}",0.8018353572401344,0.8109716986678837,0.8134220340467164,0.8053102334333099,0.794182265484991,0.8051443177746072,0.006835529137991369,153
28,1.3907355308532714,0.16718232557935328,0.0028060436248779296,0.0004032648693519461,0.1,"(16,)",8,"{'NN__alpha': 0.1, 'NN__hidden_layer_sizes': (16,), 'km__n_clusters': 8}",0.8014085794409245,0.801418261854022,0.8057753413464909,0.806902371355835,0.8011593567159001,0.8033327821426344,0.0024819260534388763,160
29,1.8955869674682617,0.2487945543554015,0.00260009765625,0.0004899014056540585,0.1,"(16,)",9,"{'NN__alpha': 0.1, 'NN__hidden_layer_sizes': (16,), 'km__n_clusters': 9}",0.8142906351661812,0.8404013321880489,0.838590265112795,0.810982474748786,0.8018956104856344,0.8212320635402891,0.015465470812906888,91
30,1.3575777530670166,0.10981718261490372,0.0032001018524169924,0.00040004268662492806,0.1,"(16,)",10,"{'NN__alpha': 0.1, 'NN__hidden_layer_sizes': (16,), 'km__n_clusters': 10}",0.8273582913698164,0.8441349845584294,0.841541405910871,0.8099243337356271,0.8112030004309538,0.8268324032011396,0.0144649347368715,79
31,1.8238722801208496,0.2591566651137542,0.0028000831604003905,0.0004001141304822542,0.1,"(16,)",15,"{'NN__alpha': 0.1, 'NN__hidden_layer_sizes': (16,), 'km__n_clusters': 15}",0.8666426864586545,0.852247661379578,0.8707564421389626,0.8651104710773605,0.8407442100656554,0.8591002942240422,0.011070502185305028,47
32,1.9906663417816162,0.2514864054150285,0.003001499176025391,2.736729593712186e-06,0.1,"(16,)",20,"{'NN__alpha': 0.1, 'NN__hidden_layer_sizes': (16,), 'km__n_clusters': 20}",0.8581154593051609,0.8763829838086626,0.8746570213570583,0.8412255856366141,0.8641791657312192,0.8629120431677431,0.012761865153728768,40
33,1.8067540645599365,0.09691370823599646,0.002800750732421875,0.0004003319694151271,0.1,"(16, 16)",2,"{'NN__alpha': 0.1, 'NN__hidden_layer_sizes': (16, 16), 'km__n_clusters': 2}",0.6543556535396472,0.6590775217544168,0.6689919730430092,0.6336039464094972,0.6248232300096753,0.6481704649512492,0.01641969845667728,206
34,1.754476499557495,0.6702121429101738,0.0029270172119140623,0.0005245976911994895,0.1,"(16, 16)",3,"{'NN__alpha': 0.1, 'NN__hidden_layer_sizes': (16, 16), 'km__n_clusters': 3}",0.8182080927549836,0.8032081693748264,0.8048851104826235,0.5240952040997053,0.7761187983743328,0.7453030750172943,0.11144567418791046,199
35,1.6737947463989258,0.2543746656612412,0.003209543228149414,0.00039563970671668066,0.1,"(16, 16)",4,"{'NN__alpha': 0.1, 'NN__hidden_layer_sizes': (16, 16), 'km__n_clusters': 4}",0.8039943413258775,0.8204192401082162,0.8068187410814365,0.8194915201631401,0.794253333255133,0.8089954351867608,0.009876736557293252,139
36,1.5962702274322509,0.30040565906217426,0.0032012462615966797,0.00040197375264738986,0.1,"(16, 16)",5,"{'NN__alpha': 0.1, 'NN__hidden_layer_sizes': (16, 16), 'km__n_clusters': 5}",0.7993607121778885,0.8072559563616671,0.8081999436095167,0.8089117760467772,0.7953025695504152,0.803806191549253,0.005465286843885639,159
37,1.2688540458679198,0.28210373969811064,0.00605320930480957,0.0061016086527391124,0.1,"(16, 16)",6,"{'NN__alpha': 0.1, 'NN__hidden_layer_sizes': (16, 16), 'km__n_clusters': 6}",0.8073007936935811,0.8176759447237166,0.8024080120744563,0.7865458706634084,0.8009821304217569,0.8029825503153839,0.0100899878794272,163
38,1.6419669151306153,0.3438123444971587,0.003000831604003906,1.628243549248111e-06,0.1,"(16, 16)",7,"{'NN__alpha': 0.1, 'NN__hidden_layer_sizes': (16, 16), 'km__n_clusters': 7}",0.8058658537048721,0.8264678516633207,0.8109198208544188,0.8322115749867747,0.8028435090869439,0.8156617220592661,0.011605354941566835,104
39,1.6536417484283448,0.32154999840189025,0.003001499176025391,2.960233344110252e-06,0.1,"(16, 16)",8,"{'NN__alpha': 0.1, 'NN__hidden_layer_sizes': (16, 16), 'km__n_clusters': 8}",0.8000600500832865,0.8257257116533666,0.815728408034373,0.7997983679045014,0.7995764950789825,0.808177806550902,0.010724141712795251,143
40,1.730726671218872,0.266108183074507,0.0031805515289306642,0.0005027119237206127,0.1,"(16, 16)",9,"{'NN__alpha': 0.1, 'NN__hidden_layer_sizes': (16, 16), 'km__n_clusters': 9}",0.8088300145972791,0.8131275251735783,0.8394026245543028,0.8254064910198138,0.8268279715035062,0.8227189253696959,0.010838356774919043,87
41,1.988979959487915,0.29606020563529906,0.0036001682281494142,0.0008000373982433937,0.1,"(16, 16)",10,"{'NN__alpha': 0.1, 'NN__hidden_layer_sizes': (16, 16), 'km__n_clusters': 10}",0.8435542102518587,0.859741784497627,0.874490352854573,0.8514303329524088,0.8185989292058478,0.8495631219524631,0.01856527263925283,61
42,2.1179032802581785,0.2746969310656666,0.0033518791198730467,0.0004380395822873935,0.1,"(16, 16)",15,"{'NN__alpha': 0.1, 'NN__hidden_layer_sizes': (16, 16), 'km__n_clusters': 15}",0.8532751027174301,0.860035695381955,0.8867430026504266,0.8683960399609542,0.825054197106334,0.85870080756342,0.02021720470468009,48
43,2.6403576374053954,0.2185397266532734,0.003251934051513672,0.0007736544335980518,0.1,"(16, 16)",20,"{'NN__alpha': 0.1, 'NN__hidden_layer_sizes': (16, 16), 'km__n_clusters': 20}",0.8884547718500687,0.900180414335816,0.8829108427432956,0.8770214556008901,0.8453449861414873,0.8787824941343114,0.01838279306789021,21
44,1.9170791625976562,0.5186448211838363,0.004002666473388672,0.0008973586381287548,0.1,"(32, 16, 32)",2,"{'NN__alpha': 0.1, 'NN__hidden_layer_sizes': (32, 16, 32), 'km__n_clusters': 2}",0.6649852313586643,0.6418413824771014,0.6458067381737855,0.6459939091798289,0.6335426744220307,0.6464339871222823,0.010315170702604242,209
45,2.981355619430542,0.5567262350595056,0.0037101268768310546,0.0006134367728778713,0.1,"(32, 16, 32)",3,"{'NN__alpha': 0.1, 'NN__hidden_layer_sizes': (32, 16, 32), 'km__n_clusters': 3}",0.8214256854743888,0.836623316120538,0.8167093033338914,0.8157620357129122,0.8099386892346758,0.8200918059752812,0.009037080019487852,93
46,1.8805026531219482,0.28990435011823545,0.0038125991821289064,0.0004068691786320828,0.1,"(32, 16, 32)",4,"{'NN__alpha': 0.1, 'NN__hidden_layer_sizes': (32, 16, 32), 'km__n_clusters': 4}",0.8192186271794042,0.8335524865203235,0.8067922321558455,0.8206351159138051,0.8010340759207576,0.8162465075380272,0.011387639666643133,101
47,2.4775869846343994,0.7957638632843969,0.007961750030517578,0.009385693229519999,0.1,"(32, 16, 32)",5,"{'NN__alpha': 0.1, 'NN__hidden_layer_sizes': (32, 16, 32), 'km__n_clusters': 5}",0.8117743137772879,0.8270943831152616,0.7924614810800007,0.8149479212012845,0.8029636015008442,0.8098483401349357,0.011634806348697638,134
48,1.6597248554229735,0.2574952640382286,0.004613256454467774,0.0018578877185588722,0.1,"(32, 16, 32)",6,"{'NN__alpha': 0.1, 'NN__hidden_layer_sizes': (32, 16, 32), 'km__n_clusters': 6}",0.7987746792421948,0.8332952184259608,0.8159883499018071,0.825101681716691,0.7997052235034654,0.8145730305580237,0.013667593303417021,113
49,2.0650353908538817,0.8221322395962216,0.003799629211425781,0.00039992356621573597,0.1,"(32, 16, 32)",7,"{'NN__alpha': 0.1, 'NN__hidden_layer_sizes': (32, 16, 32), 'km__n_clusters': 7}",0.8548507223895272,0.8314563302040389,0.8268889028540815,0.8230141684502458,0.8007265957500237,0.8273873439295836,0.017326063641280642,78
50,1.6904592990875245,0.3511716735282712,0.0033998012542724608,0.0004901157085611068,0.1,"(32, 16, 32)",8,"{'NN__alpha': 0.1, 'NN__hidden_layer_sizes': (32, 16, 32), 'km__n_clusters': 8}",0.8161958085463987,0.8278674850117742,0.8102019741487925,0.811557383119661,0.8096187528469408,0.8150882807347134,0.006794021565217829,109
51,2.51542706489563,0.701427533218492,0.004105854034423828,0.00021193029507969412,0.1,"(32, 16, 32)",9,"{'NN__alpha': 0.1, 'NN__hidden_layer_sizes': (32, 16, 32), 'km__n_clusters': 9}",0.8796660326495814,0.8774982979251794,0.8709576041107808,0.8315852038116023,0.8251034338689237,0.8569621144732136,0.02363065630108826,50
52,2.344176483154297,0.44949481417038856,0.003910160064697266,0.0001894009917601587,0.1,"(32, 16, 32)",10,"{'NN__alpha': 0.1, 'NN__hidden_layer_sizes': (32, 16, 32), 'km__n_clusters': 10}",0.881337943458029,0.8852567854916348,0.885573814515312,0.8390457883726254,0.8314987368997587,0.864542613747472,0.02406431930552969,39
53,3.0143651962280273,0.5623291002504767,0.003931617736816407,0.0011329724090031372,0.1,"(32, 16, 32)",15,"{'NN__alpha': 0.1, 'NN__hidden_layer_sizes': (32, 16, 32), 'km__n_clusters': 15}",0.8892517385035277,0.8982754372138895,0.8552283410948291,0.899865976997612,0.8598994641654051,0.8805041915950527,0.01913446572389977,17
54,2.973937463760376,0.4797313830765235,0.0036248683929443358,0.00037053482425003693,0.1,"(32, 16, 32)",20,"{'NN__alpha': 0.1, 'NN__hidden_layer_sizes': (32, 16, 32), 'km__n_clusters': 20}",0.8953903246216658,0.9066950351490389,0.8815493738767497,0.8846105360456301,0.8777944217634537,0.8892079382913076,0.01052690394258031,6
55,1.6032437324523925,0.3317067450780798,0.003601741790771484,0.00048809589093830395,0.01,"(32, 32)",2,"{'NN__alpha': 0.01, 'NN__hidden_layer_sizes': (32, 32), 'km__n_clusters': 2}",0.6467480723329452,0.6449601132751197,0.6632209933209312,0.6517821568636855,0.6270541425079759,0.6467530956601315,0.011728142873560717,208
56,2.28356728553772,0.4798131739373219,0.0035097599029541016,0.00044756030670494373,0.01,"(32, 32)",3,"{'NN__alpha': 0.01, 'NN__hidden_layer_sizes': (32, 32), 'km__n_clusters': 3}",0.814305054308772,0.8283440708890359,0.8159930664262126,0.7281405796720036,0.791465268645093,0.7956496079882234,0.035793260491182706,187
57,1.7932242393493651,0.5022354307458528,0.004200124740600586,0.0007486723416395447,0.01,"(32, 32)",4,"{'NN__alpha': 0.01, 'NN__hidden_layer_sizes': (32, 32), 'km__n_clusters': 4}",0.8153821368432392,0.8273659114197834,0.8107061763075641,0.8233006287328153,0.8139050706774151,0.8181319847961636,0.00620566482296804,98
58,1.2264953136444092,0.12775273957264985,0.007634162902832031,0.006154366971365513,0.01,"(32, 32)",5,"{'NN__alpha': 0.01, 'NN__hidden_layer_sizes': (32, 32), 'km__n_clusters': 5}",0.8050018107830171,0.8143929536464478,0.8085063384049226,0.8184337215736547,0.7909736475949545,0.8074616944005995,0.00945965888383274,147
59,1.7221638679504394,0.2697201666736918,0.003595733642578125,0.0003427853816020941,0.01,"(32, 32)",6,"{'NN__alpha': 0.01, 'NN__hidden_layer_sizes': (32, 32), 'km__n_clusters': 6}",0.8138644568377814,0.8324211921889205,0.8148250908386905,0.824496362251949,0.8066499586563428,0.8184514121547369,0.009001786999512672,96
60,1.5183827877044678,0.24110698573795916,0.007251739501953125,0.00801295793512365,0.01,"(32, 32)",7,"{'NN__alpha': 0.01, 'NN__hidden_layer_sizes': (32, 32), 'km__n_clusters': 7}",0.8071151180547964,0.8395536098766707,0.814286764446679,0.832824905723154,0.8161414146660577,0.8219843625534716,0.01217114058999896,90
61,2.0261959552764894,0.4770153635505284,0.0036057949066162108,0.0007462882589781413,0.01,"(32, 32)",8,"{'NN__alpha': 0.01, 'NN__hidden_layer_sizes': (32, 32), 'km__n_clusters': 8}",0.8442611206576259,0.8666985081465548,0.8422245634346724,0.8000554785639996,0.8079808266105298,0.8322440994826765,0.024722210508400486,73
62,1.9536940097808837,0.3663830357570678,0.0034362316131591798,0.0004650041937140997,0.01,"(32, 32)",9,"{'NN__alpha': 0.01, 'NN__hidden_layer_sizes': (32, 32), 'km__n_clusters': 9}",0.8391792725048604,0.8871162594613161,0.8537463946636766,0.8438213661192876,0.8354631648099106,0.8518652915118101,0.018659254351422443,57
63,2.7772209644317627,0.9259500433951592,0.003818702697753906,0.0005582833070121813,0.01,"(32, 32)",10,"{'NN__alpha': 0.01, 'NN__hidden_layer_sizes': (32, 32), 'km__n_clusters': 10}",0.86021563769031,0.885155983359529,0.8930009692604581,0.8948082323228692,0.8498931511481375,0.8766147947562608,0.018195814780998232,22
64,2.2511524200439452,0.34131504656069833,0.005035924911499024,0.0015272160155254024,0.01,"(32, 32)",15,"{'NN__alpha': 0.01, 'NN__hidden_layer_sizes': (32, 32), 'km__n_clusters': 15}",0.8851737887893666,0.8933600567149658,0.8758136281130847,0.8640068191563346,0.8612634492816761,0.8759235484110854,0.012219147220443224,24
65,2.3871097564697266,0.3527559603429433,0.004200124740600586,0.0004001141020686509,0.01,"(32, 32)",20,"{'NN__alpha': 0.01, 'NN__hidden_layer_sizes': (32, 32), 'km__n_clusters': 20}",0.8849870923901968,0.8952804759426365,0.8906243950204182,0.8813741429806706,0.844443870639654,0.8793419953947152,0.01808426696778084,19
66,1.8330052852630616,0.363363899187852,0.0030774593353271483,0.00015920566601175417,0.01,"(32,)",2,"{'NN__alpha': 0.01, 'NN__hidden_layer_sizes': (32,), 'km__n_clusters': 2}",0.6586816596302498,0.6208832321022165,0.6190053498357957,0.6086520401415801,0.5658416626077122,0.6146127888635109,0.029714749544782176,213
67,1.9985556602478027,0.580293437374132,0.0032342910766601563,0.0005069014175069157,0.01,"(32,)",3,"{'NN__alpha': 0.01, 'NN__hidden_layer_sizes': (32,), 'km__n_clusters': 3}",0.8026881117177613,0.7943873232795216,0.8047766944063907,0.698893165411816,0.7567657918061254,0.7715022173243229,0.040231121201057575,190
68,1.466325855255127,0.12691419270842258,0.0030984878540039062,0.0004895670406743707,0.01,"(32,)",4,"{'NN__alpha': 0.01, 'NN__hidden_layer_sizes': (32,), 'km__n_clusters': 4}",0.8012650348415753,0.8106702092718533,0.8028739484694738,0.8091044861499228,0.8097773444603291,0.8067382046386309,0.0038777411685275375,150
69,1.1295658588409423,0.12715868922581233,0.0030002593994140625,7.230414395197908e-05,0.01,"(32,)",5,"{'NN__alpha': 0.01, 'NN__hidden_layer_sizes': (32,), 'km__n_clusters': 5}",0.7927120316515243,0.8040514423777112,0.8020603377412053,0.8016120110467699,0.7821528225429571,0.7965177290720336,0.008176343049498592,182
70,1.2565808773040772,0.26261020774227817,0.00343780517578125,0.0003904257334553642,0.01,"(32,)",6,"{'NN__alpha': 0.01, 'NN__hidden_layer_sizes': (32,), 'km__n_clusters': 6}",0.8064262044418193,0.7956122759679868,0.8006085306608036,0.7981927292370735,0.7991089018729335,0.7999897284361234,0.0036049491322838662,171
71,1.5013357162475587,0.4791129231151991,0.0035346508026123046,0.0006883693553579354,0.01,"(32,)",7,"{'NN__alpha': 0.01, 'NN__hidden_layer_sizes': (32,), 'km__n_clusters': 7}",0.7938212586460565,0.8457900160507846,0.8140486738297917,0.8274435359596476,0.7934108324525894,0.814902863387774,0.020091569178085487,111
72,1.4418900966644288,0.3441342242318419,0.0031068801879882814,0.00048138399505479995,0.01,"(32,)",8,"{'NN__alpha': 0.01, 'NN__hidden_layer_sizes': (32,), 'km__n_clusters': 8}",0.8255836410869407,0.8190408178694353,0.8091470900005093,0.8148167766213321,0.8083293869155196,0.8153835424987473,0.006424847837277856,105
73,1.9234684467315675,0.43564181540501584,0.003420448303222656,0.0004747321060132049,0.01,"(32,)",9,"{'NN__alpha': 0.01, 'NN__hidden_layer_sizes': (32,), 'km__n_clusters': 9}",0.8390591925725301,0.8584675284862878,0.8463818831922487,0.8226904590244536,0.8339693171163156,0.8401136760783672,0.01198822667170304,65
74,1.7768651485443114,0.4094594325038862,0.0031108856201171875,0.00022173004765530993,0.01,"(32,)",10,"{'NN__alpha': 0.01, 'NN__hidden_layer_sizes': (32,), 'km__n_clusters': 10}",0.864404536753268,0.8813647781076752,0.8448800715853608,0.8533296435768376,0.8299091869133212,0.8547776433872926,0.0174244171606566,53
75,1.9637370109558105,0.07498261568481356,0.0034110546112060547,0.00048172743831237955,0.01,"(32,)",15,"{'NN__alpha': 0.01, 'NN__hidden_layer_sizes': (32,), 'km__n_clusters': 15}",0.8718298760217154,0.8842229314083192,0.8624216392739528,0.8809257127951088,0.84185245608308,0.8682505231164352,0.015227763179142248,32
76,2.6932644844055176,0.29605070295806823,0.0037998676300048826,0.0009798027648959863,0.01,"(32,)",20,"{'NN__alpha': 0.01, 'NN__hidden_layer_sizes': (32,), 'km__n_clusters': 20}",0.8923964644617122,0.8884061537264939,0.8705080671159743,0.8891037496123981,0.8761404631489778,0.8833109796131111,0.00845451232438909,13
77,1.9332606792449951,0.4825428056782246,0.0031012535095214845,0.0004885420577697989,0.01,"(16,)",2,"{'NN__alpha': 0.01, 'NN__hidden_layer_sizes': (16,), 'km__n_clusters': 2}",0.5796262216443953,0.5885886375066711,0.6050443025988502,0.572495322998338,0.5954259145173895,0.5882360798531288,0.011456312286284805,220
78,2.096709632873535,0.45271779749271884,0.0030030250549316407,3.4929745811104657e-06,0.01,"(16,)",3,"{'NN__alpha': 0.01, 'NN__hidden_layer_sizes': (16,), 'km__n_clusters': 3}",0.7965674312221389,0.8071637397089911,0.7837814801481375,0.722198517481683,0.6698079313159174,0.7559038199753736,0.05216669828096415,195
79,1.8686009407043458,0.28177935523668474,0.003422260284423828,0.0004964519490017482,0.01,"(16,)",4,"{'NN__alpha': 0.01, 'NN__hidden_layer_sizes': (16,), 'km__n_clusters': 4}",0.7956698941781198,0.8160217230177993,0.8152324941795749,0.8121386905978667,0.7892242806329036,0.8056574165212529,0.01105356442649132,152
80,1.4573567867279054,0.23101411000136104,0.003042173385620117,8.418578596480858e-05,0.01,"(16,)",5,"{'NN__alpha': 0.01, 'NN__hidden_layer_sizes': (16,), 'km__n_clusters': 5}",0.7907811887270944,0.8101894328352113,0.8068616148548378,0.797404351596223,0.7971536134092806,0.8004780402845295,0.007065259738984217,169
81,1.5224143981933593,0.22851438235501895,0.0029816627502441406,0.0006335568280493195,0.01,"(16,)",6,"{'NN__alpha': 0.01, 'NN__hidden_layer_sizes': (16,), 'km__n_clusters': 6}",0.7907192965005029,0.7962078479020821,0.7985102813299754,0.8082942906042166,0.7956094923354402,0.7978682417344435,0.005797947643107043,178
82,1.3454060554504395,0.2862585944939357,0.00240178108215332,0.0004919687835007785,0.01,"(16,)",7,"{'NN__alpha': 0.01, 'NN__hidden_layer_sizes': (16,), 'km__n_clusters': 7}",0.8018353572401344,0.813148311069751,0.8111215814815473,0.806450224313383,0.7838439751934112,0.8032798898596454,0.010476357559988056,161
83,1.4477978706359864,0.2460084334747958,0.0036006450653076174,0.0012008116166746096,0.01,"(16,)",8,"{'NN__alpha': 0.01, 'NN__hidden_layer_sizes': (16,), 'km__n_clusters': 8}",0.8061338181423691,0.801418261854022,0.8137010915674958,0.806902371355835,0.7958774029893892,0.8048065891818222,0.005940995547260252,154
84,2.0056095123291016,0.3974931242831626,0.0030015945434570313,2.9106602596343716e-06,0.01,"(16,)",9,"{'NN__alpha': 0.01, 'NN__hidden_layer_sizes': (16,), 'km__n_clusters': 9}",0.8095989469072469,0.8269688014174783,0.8410832181975776,0.8154164748615637,0.8033700809676851,0.8192875044703104,0.013388598496616968,94
85,1.453700637817383,0.269577781434317,0.0028000831604003905,0.0004001141020686509,0.01,"(16,)",10,"{'NN__alpha': 0.01, 'NN__hidden_layer_sizes': (16,), 'km__n_clusters': 10}",0.8434065939642666,0.8450278417012865,0.8375654842019723,0.8066381932698644,0.8111650176219732,0.8287606261518727,0.016466084393878262,77
86,1.9688215255737305,0.20082813844971062,0.002930879592895508,0.000461728021503012,0.01,"(16,)",15,"{'NN__alpha': 0.01, 'NN__hidden_layer_sizes': (16,), 'km__n_clusters': 15}",0.871151500359605,0.88064716516644,0.8788274531800805,0.8601229296968779,0.8424688907251888,0.8666435878256383,0.014084054750387306,38
87,1.9760464191436768,0.2396296023364973,0.00406942367553711,0.0019345343603558436,0.01,"(16,)",20,"{'NN__alpha': 0.01, 'NN__hidden_layer_sizes': (16,), 'km__n_clusters': 20}",0.8600070849350522,0.8757703267347843,0.869102749014786,0.8421184427794711,0.8578501727671121,0.8609697552462411,0.011412563381805144,44
88,1.787850522994995,0.3948028821117725,0.0029060840606689453,0.0004977666300368953,0.01,"(16, 16)",2,"{'NN__alpha': 0.01, 'NN__hidden_layer_sizes': (16, 16), 'km__n_clusters': 2}",0.6339679466262955,0.6520038436917938,0.6565099669952627,0.6558023568697262,0.6387622971077512,0.6474092822581659,0.009271634318141594,207
89,1.8945699214935303,0.6685522467972231,0.002799844741821289,0.0003998757261607768,0.01,"(16, 16)",3,"{'NN__alpha': 0.01, 'NN__hidden_layer_sizes': (16, 16), 'km__n_clusters': 3}",0.817881327473297,0.8335434591248545,0.7947860897974948,0.52541718638099,0.7774768049743722,0.7498209735502017,0.11382919902530678,198
90,1.5469261169433595,0.29390634800333953,0.003166055679321289,0.0003323079010800073,0.01,"(16, 16)",4,"{'NN__alpha': 0.01, 'NN__hidden_layer_sizes': (16, 16), 'km__n_clusters': 4}",0.7770974389293935,0.8205624409330531,0.8012204283661436,0.8130584927265775,0.7973559258821752,0.8018589453674686,0.014893405902945822,167
91,1.683607006072998,0.4130804034976157,0.0030013561248779298,2.6830301087637327e-06,0.01,"(16, 16)",5,"{'NN__alpha': 0.01, 'NN__hidden_layer_sizes': (16, 16), 'km__n_clusters': 5}",0.8010870906818485,0.809658223634624,0.8041509798632904,0.8090884007144714,0.8048444802637889,0.8057658350316046,0.0032105274416227153,151
92,1.438384771347046,0.2865101953806782,0.0030000686645507814,2.7804145311571603e-07,0.01,"(16, 16)",6,"{'NN__alpha': 0.01, 'NN__hidden_layer_sizes': (16, 16), 'km__n_clusters': 6}",0.8075050796121527,0.8323007880961255,0.80074688250635,0.8116663389310897,0.8011241482234489,0.8106686474738334,0.011562801942198385,131
93,1.4273295402526855,0.24146729025573188,0.0031556129455566407,0.00031118396597700404,0.01,"(16, 16)",7,"{'NN__alpha': 0.01, 'NN__hidden_layer_sizes': (16, 16), 'km__n_clusters': 7}",0.8040689085117004,0.8273876045141365,0.8098627984778627,0.8331617436668843,0.8015828646414673,0.8152127839624104,0.012719861755387016,106
94,1.5750843048095704,0.2498545529174539,0.00319976806640625,0.0004002094694901354,0.01,"(16, 16)",8,"{'NN__alpha': 0.01, 'NN__hidden_layer_sizes': (16, 16), 'km__n_clusters': 8}",0.8009585226798723,0.8249003203415222,0.8243199151418735,0.7948443149992742,0.7989535177606581,0.80879531818464,0.013063621966398492,140
95,1.7415803909301757,0.24408242355304777,0.0034021377563476563,0.0004926000090883052,0.01,"(16, 16)",9,"{'NN__alpha': 0.01, 'NN__hidden_layer_sizes': (16, 16), 'km__n_clusters': 9}",0.8111091287455262,0.8116845237305771,0.8443867961799403,0.8242520499152067,0.8195588367895799,0.822198267072166,0.012141031488549104,89
96,2.2901636600494384,0.46046179477317517,0.003851175308227539,0.000733207660476896,0.01,"(16, 16)",10,"{'NN__alpha': 0.01, 'NN__hidden_layer_sizes': (16, 16), 'km__n_clusters': 10}",0.8538422372514761,0.8862552727542989,0.8531131341834253,0.8584236936389215,0.7955274761410949,0.8494323627938434,0.029582097978749177,62
97,2.328847789764404,0.1451805679595614,0.0038014888763427735,0.0009816945906139184,0.01,"(16, 16)",15,"{'NN__alpha': 0.01, 'NN__hidden_layer_sizes': (16, 16), 'km__n_clusters': 15}",0.8521762016185289,0.8911190709671348,0.8777965297723286,0.8779538488726327,0.8453840853111971,0.8688859473083644,0.017248131635660798,31
98,2.7297399044036865,0.4344595656156322,0.0035276412963867188,0.0006774480399532786,0.01,"(16, 16)",20,"{'NN__alpha': 0.01, 'NN__hidden_layer_sizes': (16, 16), 'km__n_clusters': 20}",0.8796606948526272,0.8889880670504167,0.8834044223583434,0.8938085179921713,0.8588753558013899,0.8809474116109897,0.0120409998483067,16
99,2.1167450904846192,0.5488935837352514,0.004000711441040039,1.8917879509808895e-06,0.01,"(32, 16, 32)",2,"{'NN__alpha': 0.01, 'NN__hidden_layer_sizes': (32, 16, 32), 'km__n_clusters': 2}",0.6461095940798296,0.645344996303052,0.6634595568580385,0.6606803903361147,0.6300688374530343,0.6491326750060138,0.012045951215544925,205
100,3.2363816261291505,0.7681495374396273,0.004662847518920899,0.0018377370307161626,0.01,"(32, 16, 32)",3,"{'NN__alpha': 0.01, 'NN__hidden_layer_sizes': (32, 16, 32), 'km__n_clusters': 3}",0.8205886711602857,0.8387751055095539,0.8107554607450917,0.8349109985098357,0.8150306182163525,0.8240121708282239,0.010998706149025808,82
101,1.5121062755584718,0.14467999929017714,0.003719615936279297,0.0005250288367681051,0.01,"(32, 16, 32)",4,"{'NN__alpha': 0.01, 'NN__hidden_layer_sizes': (32, 16, 32), 'km__n_clusters': 4}",0.8124324195938656,0.8284378558522216,0.803753057113368,0.8227960134711227,0.7998933018449663,0.8134625295751089,0.010870448399163353,122
102,2.399237537384033,0.651064668026106,0.004315853118896484,0.0013531375157992877,0.01,"(32, 16, 32)",5,"{'NN__alpha': 0.01, 'NN__hidden_layer_sizes': (32, 16, 32), 'km__n_clusters': 5}",0.8079020239211707,0.8272457505251926,0.8002810475500738,0.8314141159271331,0.8148520502158539,0.8163389976278849,0.011640169664868832,99
103,1.9542995929718017,0.574217044777464,0.00401463508605957,0.0006330804739429355,0.01,"(32, 16, 32)",6,"{'NN__alpha': 0.01, 'NN__hidden_layer_sizes': (32, 16, 32), 'km__n_clusters': 6}",0.8011424101813542,0.8289320393713795,0.8168936215711984,0.8305589781329749,0.7984732190737868,0.8152000536661388,0.01345166532635397,107
104,1.962946081161499,0.49379974338862276,0.005530548095703125,0.0026071510472591972,0.01,"(32, 16, 32)",7,"{'NN__alpha': 0.01, 'NN__hidden_layer_sizes': (32, 16, 32), 'km__n_clusters': 7}",0.8256047169096707,0.8231210137191636,0.8257764645844607,0.8235178675916617,0.8166701141456113,0.8229380353901137,0.003311325831029227,86
105,2.2820550441741942,0.5273972943299022,0.004456949234008789,0.0006618872214289147,0.01,"(32, 16, 32)",8,"{'NN__alpha': 0.01, 'NN__hidden_layer_sizes': (32, 16, 32), 'km__n_clusters': 8}",0.8148622796963721,0.8624028776315693,0.8161558572125374,0.8130213832026377,0.8102419357371466,0.8233368666960527,0.01963377268358187,85
106,2.8945818901062013,0.7698825221296041,0.004026174545288086,0.0023828803016852766,0.01,"(32, 16, 32)",9,"{'NN__alpha': 0.01, 'NN__hidden_layer_sizes': (32, 16, 32), 'km__n_clusters': 9}",0.8619525470394511,0.88753338817278,0.8441707973626924,0.8384217925366617,0.8243153060406951,0.8512787662304561,0.021776962085342164,59
107,2.9336029529571532,0.3274392022874307,0.0048197746276855465,0.0010388412193608246,0.01,"(32, 16, 32)",10,"{'NN__alpha': 0.01, 'NN__hidden_layer_sizes': (32, 16, 32), 'km__n_clusters': 10}",0.8716260032506895,0.9041216824432257,0.8818820449527235,0.859019846681123,0.8222229278934646,0.8677745010442453,0.027153505296940682,33
108,2.8759559631347655,0.3234397200736929,0.004400062561035156,0.0007998704963577654,0.01,"(32, 16, 32)",15,"{'NN__alpha': 0.01, 'NN__hidden_layer_sizes': (32, 16, 32), 'km__n_clusters': 15}",0.8831832183258894,0.9036276475187003,0.8779302428175542,0.8827318580776216,0.8784018136638911,0.8851749560807314,0.009474163782690368,12
109,3.1284993648529054,0.45747868479063347,0.0041999340057373045,0.00039985186653780343,0.01,"(32, 16, 32)",20,"{'NN__alpha': 0.01, 'NN__hidden_layer_sizes': (32, 16, 32), 'km__n_clusters': 20}",0.8953086272260916,0.8932355267037075,0.8813398298650861,0.8858425404753089,0.8829574658736168,0.8877367980287622,0.005566328119133907,8
110,2.164554500579834,0.5333781839891578,0.007170200347900391,0.006299793773650599,0.001,"(32, 32)",2,"{'NN__alpha': 0.001, 'NN__hidden_layer_sizes': (32, 32), 'km__n_clusters': 2}",0.6642070877233778,0.6601819819721776,0.6632209933209312,0.6506021923840929,0.6263866647537564,0.6529197840308673,0.014111238826113212,202
111,3.364866304397583,0.9217237907270834,0.008885526657104492,0.009588000552475757,0.001,"(32, 32)",3,"{'NN__alpha': 0.001, 'NN__hidden_layer_sizes': (32, 32), 'km__n_clusters': 3}",0.8132597454653409,0.8256672366851082,0.8172859069097056,0.8108546940967015,0.7450363308434876,0.8024207828000687,0.02913059845179969,165
112,1.9648833274841309,0.39311234520332283,0.003611040115356445,0.0004993037545748675,0.001,"(32, 32)",4,"{'NN__alpha': 0.001, 'NN__hidden_layer_sizes': (32, 32), 'km__n_clusters': 4}",0.8143603218052514,0.8297053355615333,0.8100246458447548,0.8194307075406626,0.8186218987987566,0.8184285819101916,0.006563287008581854,97
113,1.3391875267028808,0.16002823140455694,0.003599882125854492,0.0004896872689827718,0.001,"(32, 32)",5,"{'NN__alpha': 0.001, 'NN__hidden_layer_sizes': (32, 32), 'km__n_clusters': 5}",0.8025073071964046,0.8132203851358395,0.8019473046398837,0.8053524548211168,0.7994754361530155,0.804500577589252,0.004743524312889149,157
114,1.9266851425170899,0.3918825373765062,0.0028007030487060547,0.0014697764835125172,0.001,"(32, 32)",6,"{'NN__alpha': 0.001, 'NN__hidden_layer_sizes': (32, 32), 'km__n_clusters': 6}",0.8107110399377339,0.830285995037112,0.8151062718001669,0.8081325550930675,0.8067087002534962,0.8141889124243153,0.008540330814960438,115
115,1.6856367111206054,0.1751907572534254,0.006053400039672851,0.004479564787765638,0.001,"(32, 32)",7,"{'NN__alpha': 0.001, 'NN__hidden_layer_sizes': (32, 32), 'km__n_clusters': 7}",0.80534230118764,0.8294438508394861,0.8168958628410801,0.8288911469178014,0.8142662794935812,0.8189678882559178,0.009168117492179113,95
116,2.6581182956695555,0.5761987945807464,0.004449033737182617,0.0010052342391512045,0.001,"(32, 32)",8,"{'NN__alpha': 0.001, 'NN__hidden_layer_sizes': (32, 32), 'km__n_clusters': 8}",0.8653962369595792,0.8664857625434437,0.8584631306098055,0.8154461178414214,0.8083925186648733,0.8428367533238246,0.025491338997534505,64
117,2.2839335441589355,0.7775917004199304,0.003800106048583984,0.00039992339565285114,0.001,"(32, 32)",9,"{'NN__alpha': 0.001, 'NN__hidden_layer_sizes': (32, 32), 'km__n_clusters': 9}",0.8766389261137844,0.8879867843595074,0.8410162182414483,0.8367746725054612,0.854240171975081,0.8593313546390565,0.019954217368133114,46
118,2.9994672298431397,0.8465750520329722,0.0030112266540527344,0.0019734762864940195,0.001,"(32, 32)",10,"{'NN__alpha': 0.001, 'NN__hidden_layer_sizes': (32, 32), 'km__n_clusters': 10}",0.8608319843890063,0.8978957737155985,0.8935546791164938,0.8979688722251477,0.8512458466470268,0.8802994312186547,0.0201029066262109,18
119,2.703021192550659,0.2866988935576532,0.00658416748046875,0.0046267387560405,0.001,"(32, 32)",15,"{'NN__alpha': 0.001, 'NN__hidden_layer_sizes': (32, 32), 'km__n_clusters': 15}",0.8862825206630391,0.8986795375220453,0.8836111696164994,0.9004378164361315,0.8643711458486749,0.886676438017278,0.012965546912380992,10
120,2.5170825004577635,0.23035995516282268,0.005549907684326172,0.005415016269705067,0.001,"(32, 32)",20,"{'NN__alpha': 0.001, 'NN__hidden_layer_sizes': (32, 32), 'km__n_clusters': 20}",0.8956751348748745,0.8952804759426365,0.8889838151772087,0.8802411549861533,0.8864687612329191,0.8893298684427584,0.005772045310584655,5
121,1.8076271533966064,0.41509107845909937,0.005393314361572266,0.006027960353641822,0.001,"(32,)",2,"{'NN__alpha': 0.001, 'NN__hidden_layer_sizes': (32,), 'km__n_clusters': 2}",0.6227685720539855,0.636018775080001,0.6329780043124609,0.6104773349433854,0.5658416626077122,0.613616869799509,0.02550599790367463,214
122,2.1396352767944338,0.6342617220912888,0.005132818222045898,0.0032949370744342226,0.001,"(32,)",3,"{'NN__alpha': 0.001, 'NN__hidden_layer_sizes': (32,), 'km__n_clusters': 3}",0.8063562056730568,0.8139226489058943,0.8122849170532278,0.6957790331089145,0.7506949160849058,0.7758075441651998,0.046371946978993925,189
123,1.4687833309173584,0.11834717085958675,0.0062065601348876955,0.005642120651816657,0.001,"(32,)",4,"{'NN__alpha': 0.001, 'NN__hidden_layer_sizes': (32,), 'km__n_clusters': 4}",0.7999576049627167,0.8111559645956484,0.8041012385512298,0.8091044861499228,0.7992610123227023,0.804716061316444,0.0047646426978667925,155
124,1.3438215732574463,0.3343516388729734,0.002653980255126953,0.002669418608934525,0.001,"(32,)",5,"{'NN__alpha': 0.001, 'NN__hidden_layer_sizes': (32,), 'km__n_clusters': 5}",0.7927120316515243,0.7992980814230385,0.8098930388975094,0.8042137134721867,0.8069478438187739,0.8026129418526067,0.006055905882606665,164
125,1.2011503219604491,0.09120323570989435,0.003124570846557617,0.006249141693115234,0.001,"(32,)",6,"{'NN__alpha': 0.001, 'NN__hidden_layer_sizes': (32,), 'km__n_clusters': 6}",0.8010025000869875,0.7965412753840694,0.8001051327578761,0.7990636045651156,0.7989447366392346,0.7991314498866566,0.0014964862822047702,172
126,1.383020782470703,0.4490672033589478,0.0026468276977539063,0.0013536365246577425,0.001,"(32,)",7,"{'NN__alpha': 0.001, 'NN__hidden_layer_sizes': (32,), 'km__n_clusters': 7}",0.7990631709239385,0.8448230027949928,0.8084607922541484,0.8187059532462421,0.7934108324525894,0.8128927503343822,0.01813162427219592,124
127,1.0324962615966797,0.12134315992747295,0.004811859130859375,0.005443930003543126,0.001,"(32,)",8,"{'NN__alpha': 0.001, 'NN__hidden_layer_sizes': (32,), 'km__n_clusters': 8}",0.7963103708572616,0.8109939168372264,0.8091470900005093,0.7702014857713078,0.8028223055150758,0.7978950337962762,0.014777762152478415,177
128,1.7549604415893554,0.2408876128706291,0.001199960708618164,0.0014696457256854292,0.001,"(32,)",9,"{'NN__alpha': 0.001, 'NN__hidden_layer_sizes': (32,), 'km__n_clusters': 9}",0.8398150504712452,0.8566443653330753,0.827961247334708,0.8354468941387857,0.828579212704481,0.8376893539964589,0.010454380900556995,68
129,1.7845261573791504,0.17308498974170156,0.01038980484008789,0.006977334175668424,0.001,"(32,)",10,"{'NN__alpha': 0.001, 'NN__hidden_layer_sizes': (32,), 'km__n_clusters': 10}",0.8400715625736538,0.881051766706624,0.8715541342843333,0.854278819997953,0.8265253235098801,0.8546963214144888,0.019932176764359107,54
130,1.8792104244232177,0.033877038980018516,0.005810451507568359,0.004281324584856596,0.001,"(32,)",15,"{'NN__alpha': 0.001, 'NN__hidden_layer_sizes': (32,), 'km__n_clusters': 15}",0.872551376743216,0.8798554228163862,0.8614686518901081,0.879841614764174,0.8429598757951509,0.867335388401807,0.01392083119703474,34
131,2.6263965129852296,0.5121148234940586,0.007611274719238281,0.005393548146931753,0.001,"(32,)",20,"{'NN__alpha': 0.001, 'NN__hidden_layer_sizes': (32,), 'km__n_clusters': 20}",0.8871247430407204,0.8884061537264939,0.8576324822411715,0.8947265950950423,0.8786465250822116,0.8813072998371279,0.01289876403138596,15
132,2.0969246864318847,0.41582148865001567,0.00396885871887207,0.003849605600133706,0.001,"(16,)",2,"{'NN__alpha': 0.001, 'NN__hidden_layer_sizes': (16,), 'km__n_clusters': 2}",0.6262209280883113,0.5903278614231119,0.6058001604975652,0.574060110495155,0.5988556995467287,0.5990529520101745,0.01723039168351199,217
133,2.5702136516571046,0.6800933091650712,0.003607654571533203,0.0012293640020352103,0.001,"(16,)",3,"{'NN__alpha': 0.001, 'NN__hidden_layer_sizes': (16,), 'km__n_clusters': 3}",0.7965674312221389,0.80606483861009,0.7837814801481375,0.7794617517416106,0.6705258064056518,0.7672802616255258,0.04928303000816046,194
134,2.225083112716675,0.29896388065948964,0.0031072139739990235,0.0010182187407337642,0.001,"(16,)",4,"{'NN__alpha': 0.001, 'NN__hidden_layer_sizes': (16,), 'km__n_clusters': 4}",0.7975863243964368,0.8122630249413101,0.8056441403642226,0.8015846306625084,0.7916137090267394,0.8017383658782435,0.0070113519676739,168
135,1.8614692687988281,0.4651341582036499,0.003096866607666016,0.0005170653242647465,0.001,"(16,)",5,"{'NN__alpha': 0.001, 'NN__hidden_layer_sizes': (16,), 'km__n_clusters': 5}",0.7834391902753274,0.7970017800847508,0.796694508114334,0.7882875148260625,0.7704570066723132,0.7871759999945576,0.009817045390693944,188
136,2.518281888961792,0.5817419801388213,0.003928995132446289,0.00139518229436488,0.001,"(16,)",6,"{'NN__alpha': 0.001, 'NN__hidden_layer_sizes': (16,), 'km__n_clusters': 6}",0.7945120954369025,0.7953468634063826,0.7975639955931979,0.8193052862708424,0.7954453271017412,0.8004347135618133,0.009488910769183942,170
137,2.026008367538452,0.5365543668828898,0.004027605056762695,0.0009265737529206269,0.001,"(16,)",7,"{'NN__alpha': 0.001, 'NN__hidden_layer_sizes': (16,), 'km__n_clusters': 7}",0.801283785259991,0.8084947068393054,0.8204754768497609,0.8071131185298037,0.7850132082359866,0.8044760591429696,0.01155922278048775,158
138,2.209391736984253,0.47566192512407046,0.0024477958679199217,0.0009154997066458974,0.001,"(16,)",8,"{'NN__alpha': 0.001, 'NN__hidden_layer_sizes': (16,), 'km__n_clusters': 8}",0.8128741645146516,0.801418261854022,0.8153844090425547,0.8060095142129778,0.8037284400947149,0.8078829579437843,0.0053618283658475084,145
139,2.1572822093963624,0.5333996123181214,0.003654003143310547,0.0013087989061579474,0.001,"(16,)",9,"{'NN__alpha': 0.001, 'NN__hidden_layer_sizes': (16,), 'km__n_clusters': 9}",0.8103994539118622,0.8278616585603354,0.8113863635542568,0.8114048030937954,0.7933855635685975,0.8108875685377696,0.010910494892327661,129
140,1.6993777275085449,0.3041149402199402,0.003799581527709961,0.0007482390757399702,0.001,"(16,)",10,"{'NN__alpha': 0.001, 'NN__hidden_layer_sizes': (16,), 'km__n_clusters': 10}",0.8328833667294491,0.8454383507324852,0.8341897964718392,0.8082446012668231,0.8126115846208657,0.8266735399642926,0.014032380789461136,80
141,2.1765892028808596,0.24248041453377978,0.0007998943328857422,0.0015997886657714844,0.001,"(16,)",15,"{'NN__alpha': 0.001, 'NN__hidden_layer_sizes': (16,), 'km__n_clusters': 15}",0.8587900117642658,0.8756503760821266,0.8757290994062646,0.8573593989742507,0.8423268729234967,0.8619711518300809,0.012599110348973333,41
142,2.358882761001587,0.41107285417200423,0.0038358211517333985,0.0062802525360482805,0.001,"(16,)",20,"{'NN__alpha': 0.001, 'NN__hidden_layer_sizes': (16,), 'km__n_clusters': 20}",0.8593377295394211,0.893543138309864,0.8748320034101812,0.8376538153517514,0.8434396549365692,0.8617612683095575,0.020511731870612518,42
143,2.0945096969604493,0.5197603325597108,0.0032158851623535155,0.00039912080813507176,0.001,"(16, 16)",2,"{'NN__alpha': 0.001, 'NN__hidden_layer_sizes': (16, 16), 'km__n_clusters': 2}",0.6365766433004258,0.659344839021104,0.6644185461310883,0.6546378786500191,0.6317945074004236,0.6493544829006122,0.01285514225114754,204
144,2.7501545429229735,1.1822754276498029,0.004344129562377929,0.005806677498771136,0.001,"(16, 16)",3,"{'NN__alpha': 0.001, 'NN__hidden_layer_sizes': (16, 16), 'km__n_clusters': 3}",0.8016947624485499,0.8326506019819974,0.8168207008790349,0.5266666238947529,0.7920859780363928,0.7539837334481456,0.11448856039577239,196
145,1.6947926998138427,0.18871574330732122,0.003124427795410156,0.006248855590820312,0.001,"(16, 16)",4,"{'NN__alpha': 0.001, 'NN__hidden_layer_sizes': (16, 16), 'km__n_clusters': 4}",0.7846342313486099,0.8209729499642517,0.8041502521956819,0.815437497384418,0.7911180103613024,0.8032625882508528,0.013836037906146714,162
146,1.950162410736084,0.7112883765122938,0.0,0.0,0.001,"(16, 16)",5,"{'NN__alpha': 0.001, 'NN__hidden_layer_sizes': (16, 16), 'km__n_clusters': 5}",0.8105748425341325,0.8017815651865944,0.8017671367271396,0.8212162447890137,0.8049823828931245,0.8080644344260008,0.007319859432159785,144
147,1.5164731025695801,0.31037971292199973,0.0008000373840332031,0.0016000747680664062,0.001,"(16, 16)",6,"{'NN__alpha': 0.001, 'NN__hidden_layer_sizes': (16, 16), 'km__n_clusters': 6}",0.8075050796121527,0.8309935260087051,0.7947338820004821,0.8123329537750617,0.8018198758811764,0.8094770634555155,0.012255585759670779,136
148,1.4326907634735107,0.14661244645326266,0.002000236511230469,0.0016734552655096482,0.001,"(16, 16)",7,"{'NN__alpha': 0.001, 'NN__hidden_layer_sizes': (16, 16), 'km__n_clusters': 7}",0.8049673811082865,0.8154512512156571,0.8104541037273276,0.8349081786749962,0.8020057636275243,0.8135573356707584,0.011630147012251475,120
149,1.7637760639190674,0.25793772897275385,0.003970670700073242,0.0029571930211067386,0.001,"(16, 16)",8,"{'NN__alpha': 0.001, 'NN__hidden_layer_sizes': (16, 16), 'km__n_clusters': 8}",0.8065593975158061,0.8175001831828216,0.8183656709498748,0.8179985401909656,0.8114370861792572,0.8143721756037451,0.004659124552850826,114
150,2.5280316352844237,0.6476049260547192,0.0024023056030273438,0.0022490014380844273,0.001,"(16, 16)",9,"{'NN__alpha': 0.001, 'NN__hidden_layer_sizes': (16, 16), 'km__n_clusters': 9}",0.8417868756190161,0.8120950327617759,0.8614835002352588,0.8278836087276228,0.8250150912282351,0.8336528217143817,0.016812744991933318,72
151,2.732773685455322,0.420546113225239,0.006717777252197266,0.004565928520445895,0.001,"(16, 16)",10,"{'NN__alpha': 0.001, 'NN__hidden_layer_sizes': (16, 16), 'km__n_clusters': 10}",0.8492577833362294,0.8903046690880349,0.8559384711073026,0.8557570234639806,0.8065562162306864,0.8515628326452468,0.02671544913692709,58
152,2.46550874710083,0.350435994219132,0.004725170135498047,0.005735275564115646,0.001,"(16, 16)",15,"{'NN__alpha': 0.001, 'NN__hidden_layer_sizes': (16, 16), 'km__n_clusters': 15}",0.8522417302554861,0.8950321245064342,0.8499618650885925,0.8812636934823113,0.8251911963504763,0.8607381219366601,0.024695254610618823,45
153,2.7575668334960937,0.28004052686605313,0.003124237060546875,0.004191333240784623,0.001,"(16, 16)",20,"{'NN__alpha': 0.001, 'NN__hidden_layer_sizes': (16, 16), 'km__n_clusters': 20}",0.8791275972984312,0.8953721581155996,0.8799423964542649,0.8830286528921126,0.8311153767393261,0.873717236299947,0.022084298408138633,27
154,2.0777395248413084,0.4605266321178623,0.006450843811035156,0.007902779328148347,0.001,"(32, 16, 32)",2,"{'NN__alpha': 0.001, 'NN__hidden_layer_sizes': (32, 16, 32), 'km__n_clusters': 2}",0.6475182734970709,0.6595577095348395,0.6920362290373583,0.6247704748575303,0.6512198190884997,0.6550205012030597,0.02180157363835235,201
155,3.1644455909729006,0.8740260067575247,0.0031270980834960938,0.0062541961669921875,0.001,"(32, 16, 32)",3,"{'NN__alpha': 0.001, 'NN__hidden_layer_sizes': (32, 16, 32), 'km__n_clusters': 3}",0.820467266159245,0.8323220151930486,0.8202296780260948,0.8375863301369812,0.8022895495932962,0.8225789678217332,0.012180203891926434,88
156,1.680521059036255,0.32551135274400506,0.002326679229736328,0.004653358459472656,0.001,"(32, 16, 32)",4,"{'NN__alpha': 0.001, 'NN__hidden_layer_sizes': (32, 16, 32), 'km__n_clusters': 4}",0.8123257138221353,0.831280313649428,0.8098986330488784,0.8060340346239032,0.8100707037872148,0.8139218797863119,0.008911780340176664,118
157,2.3284582138061523,0.5249583205004669,0.003689002990722656,0.006468821250805601,0.001,"(32, 16, 32)",5,"{'NN__alpha': 0.001, 'NN__hidden_layer_sizes': (32, 16, 32), 'km__n_clusters': 5}",0.8117996416118918,0.8264147063651589,0.8047172897273891,0.829437070418163,0.8079154914315502,0.8160568399108307,0.009993064161661371,102
158,1.6925765514373778,0.16398421968900212,0.0,0.0,0.001,"(32, 16, 32)",6,"{'NN__alpha': 0.001, 'NN__hidden_layer_sizes': (32, 16, 32), 'km__n_clusters': 6}",0.800962861210096,0.8297530574337768,0.8080131052102245,0.8305694907427715,0.8045611243451561,0.814771927788405,0.012764244984430285,112
159,1.9927534580230712,0.5972832953317025,0.004826879501342774,0.0057785876106868205,0.001,"(32, 16, 32)",7,"{'NN__alpha': 0.001, 'NN__hidden_layer_sizes': (32, 16, 32), 'km__n_clusters': 7}",0.8247579365527131,0.8571896167396797,0.8279517234925116,0.8180990002778156,0.8168722621882909,0.8289741078502022,0.014694617689565866,76
160,1.5999237537384032,0.23997797749541344,0.005124807357788086,0.005418031135318892,0.001,"(32, 16, 32)",8,"{'NN__alpha': 0.001, 'NN__hidden_layer_sizes': (32, 16, 32), 'km__n_clusters': 8}",0.8104608488937888,0.8312339598068204,0.8085767258037516,0.8121226012501555,0.812906056941184,0.81506003853914,0.008222527508533225,110
161,2.8530208110809325,0.8190164188900007,0.0034000396728515623,0.001854784690014395,0.001,"(32, 16, 32)",9,"{'NN__alpha': 0.001, 'NN__hidden_layer_sizes': (32, 16, 32), 'km__n_clusters': 9}",0.8815088657499662,0.8839721719654987,0.8643963620428942,0.8385481554901378,0.8144211263352075,0.8565693363167408,0.02659094742461791,51
162,2.4358170509338377,0.5109340874791028,0.00538182258605957,0.005450357113158303,0.001,"(32, 16, 32)",10,"{'NN__alpha': 0.001, 'NN__hidden_layer_sizes': (32, 16, 32), 'km__n_clusters': 10}",0.8813020345318885,0.8932526551426195,0.8703592547061587,0.873743549491491,0.8168839885810412,0.8671082964906398,0.0263137458588072,35
163,2.76633734703064,0.5609674321563468,0.0032909393310546877,0.006581878662109375,0.001,"(32, 16, 32)",15,"{'NN__alpha': 0.001, 'NN__hidden_layer_sizes': (32, 16, 32), 'km__n_clusters': 15}",0.8827101580238488,0.9031114309310553,0.8775786810041983,0.8993389981113823,0.8789594581635257,0.888339745246802,0.010720716424123084,7
164,3.0591580867767334,0.42162918604825855,0.0022790908813476564,0.001700512056867847,0.001,"(32, 16, 32)",20,"{'NN__alpha': 0.001, 'NN__hidden_layer_sizes': (32, 16, 32), 'km__n_clusters': 20}",0.8959376537404234,0.9030565485407104,0.8836892911219356,0.8868774154198582,0.8824638862585689,0.8904049590162992,0.007890219566530294,3
165,1.9012067794799805,0.4578288732396775,0.003842926025390625,0.0007085424499256732,0.0001,"(32, 32)",2,"{'NN__alpha': 0.0001, 'NN__hidden_layer_sizes': (32, 32), 'km__n_clusters': 2}",0.6489030803992832,0.6604609221525956,0.6627713184576072,0.6536330199479372,0.6276078523640114,0.6506752386642869,0.012538485342847424,203
166,2.680439519882202,0.6197707760824483,0.0,0.0,0.0001,"(32, 32)",3,"{'NN__alpha': 0.0001, 'NN__hidden_layer_sizes': (32, 32), 'km__n_clusters': 3}",0.8212085625739312,0.8281980834578497,0.8183196859291385,0.7245323539608951,0.7868383366308106,0.7958194045105251,0.0383712236390368,186
167,1.872602939605713,0.6895840153084202,0.0,0.0,0.0001,"(32, 32)",4,"{'NN__alpha': 0.0001, 'NN__hidden_layer_sizes': (32, 32), 'km__n_clusters': 4}",0.8116032327947933,0.8281866686666778,0.8076953278275688,0.8327664590919394,0.7906124186933025,0.8141728214148565,0.01513779747595757,116
168,1.3818964958190918,0.08352573907209533,0.006253814697265625,0.007659327597337124,0.0001,"(32, 32)",5,"{'NN__alpha': 0.0001, 'NN__hidden_layer_sizes': (32, 32), 'km__n_clusters': 5}",0.8058643744534626,0.8205747048920665,0.8060674223333149,0.8186469898507294,0.7920667059562924,0.8086440394971733,0.01031089980196242,141
169,1.6193758010864259,0.2651027030387928,0.0,0.0,0.0001,"(32, 32)",6,"{'NN__alpha': 0.0001, 'NN__hidden_layer_sizes': (32, 32), 'km__n_clusters': 6}",0.8099262577559817,0.8323475247772131,0.8168489891518662,0.8099578498948727,0.8009629557352429,0.8140087154630354,0.010465628517635576,117
170,1.6904424190521241,0.37357067554753737,0.00250244140625,0.0050048828125,0.0001,"(32, 32)",7,"{'NN__alpha': 0.0001, 'NN__hidden_layer_sizes': (32, 32), 'km__n_clusters': 7}",0.8044502631034838,0.8451371758516047,0.8202209441724221,0.8285640076722814,0.8058859590123155,0.8208516699624215,0.015117158565426135,92
171,2.2403592586517336,0.4253939468202274,0.004729700088500976,0.006273946743667319,0.0001,"(32, 32)",8,"{'NN__alpha': 0.0001, 'NN__hidden_layer_sizes': (32, 32), 'km__n_clusters': 8}",0.8480757926756626,0.8585998263488526,0.8411952171035821,0.8169215387305606,0.805980549755602,0.8341545849228519,0.019655505558737435,71
172,1.7016038417816162,0.2100618511176177,0.0,0.0,0.0001,"(32, 32)",9,"{'NN__alpha': 0.0001, 'NN__hidden_layer_sizes': (32, 32), 'km__n_clusters': 9}",0.8437644048527958,0.8717965546575639,0.8398536868459398,0.8433554306231831,0.8338020352418043,0.8465144224442573,0.013135434689616192,63
173,2.8488464832305906,0.7591973745317565,0.006254243850708008,0.0076598531878198034,0.0001,"(32, 32)",10,"{'NN__alpha': 0.0001, 'NN__hidden_layer_sizes': (32, 32), 'km__n_clusters': 10}",0.8611865144070738,0.9005887793814532,0.8805389845162174,0.8821059891338384,0.855203272612744,0.8759247080102653,0.01621362659138218,23
174,2.2862726211547852,0.4254817273197399,0.0062904834747314455,0.00770445439694518,0.0001,"(32, 32)",15,"{'NN__alpha': 0.0001, 'NN__hidden_layer_sizes': (32, 32), 'km__n_clusters': 15}",0.8616500130023691,0.8954609192873886,0.886249606781131,0.8678827881485828,0.8622684317081458,0.8747023517855235,0.01368012855979217,26
175,2.7908681869506835,0.2420279131811334,0.0031268119812011717,0.006253623962402343,0.0001,"(32, 32)",20,"{'NN__alpha': 0.0001, 'NN__hidden_layer_sizes': (32, 32), 'km__n_clusters': 20}",0.8966715730634311,0.8957690256349896,0.8861256732049438,0.8968317827344776,0.8852796216073531,0.8921355352490391,0.005271709884547713,1
176,1.692799949645996,0.20578335519843619,0.010246467590332032,0.008380204095582199,0.0001,"(32,)",2,"{'NN__alpha': 0.0001, 'NN__hidden_layer_sizes': (32,), 'km__n_clusters': 2}",0.6227685720539855,0.635801523079309,0.6208177573131091,0.6104773349433854,0.5658416626077122,0.6111413699995002,0.02403935057906418,215
177,1.9617624759674073,0.501821021373243,0.0,0.0,0.0001,"(32,)",3,"{'NN__alpha': 0.0001, 'NN__hidden_layer_sizes': (32,), 'km__n_clusters': 3}",0.7937597601785721,0.7875422709474432,0.8096281883267802,0.6957790331089145,0.7512590496769365,0.7675936604477294,0.040678430596212914,192
178,1.6524641036987304,0.14230811909067173,0.003124713897705078,0.006249427795410156,0.0001,"(32,)",4,"{'NN__alpha': 0.0001, 'NN__hidden_layer_sizes': (32,), 'km__n_clusters': 4}",0.7940538197950596,0.8197669825920484,0.7954179878169378,0.8092538999205992,0.8171029660997233,0.8071191312448736,0.010694124183024683,148
179,1.3224481105804444,0.3636648627188879,0.0,0.0,0.0001,"(32,)",5,"{'NN__alpha': 0.0001, 'NN__hidden_layer_sizes': (32,), 'km__n_clusters': 5}",0.7927120316515243,0.8184128378251416,0.8021490226155839,0.7791264994691036,0.8014744605056616,0.7987749704134031,0.012861873490137728,173
180,1.1464345932006836,0.07406021282502874,0.005026531219482422,0.006452458161240846,0.0001,"(32,)",6,"{'NN__alpha': 0.0001, 'NN__hidden_layer_sizes': (32,), 'km__n_clusters': 6}",0.7984024977332905,0.7955211974988008,0.8034348327705343,0.7894523221520557,0.7936294560430102,0.7960880612395382,0.004684672357003577,184
181,1.5319602012634277,0.510957058958556,0.003727293014526367,0.006066876356753187,0.0001,"(32,)",7,"{'NN__alpha': 0.0001, 'NN__hidden_layer_sizes': (32,), 'km__n_clusters': 7}",0.8061731130696647,0.8442103457211145,0.8121494056619409,0.8187059532462421,0.7947153816497897,0.8151908398697504,0.016518485704844262,108
182,1.201267957687378,0.17562661497391277,0.0032533645629882813,0.006506729125976563,0.0001,"(32,)",8,"{'NN__alpha': 0.0001, 'NN__hidden_layer_sizes': (32,), 'km__n_clusters': 8}",0.8019624915804858,0.8168555224704269,0.8131096609013846,0.8251421321306852,0.8021315964148983,0.8118402806995763,0.008894183447994515,127
183,2.012221908569336,0.2505563294583763,0.0033807754516601562,0.0008101473561864779,0.0001,"(32,)",9,"{'NN__alpha': 0.0001, 'NN__hidden_layer_sizes': (32,), 'km__n_clusters': 9}",0.8390591925725301,0.8627186142300989,0.8440724779461868,0.8348931842827503,0.81217438165222,0.8385835701367572,0.016272177870172398,67
184,1.8354118824005128,0.3014297244391905,0.002199745178222656,0.0018326739177562746,0.0001,"(32,)",10,"{'NN__alpha': 0.0001, 'NN__hidden_layer_sizes': (32,), 'km__n_clusters': 10}",0.828507015448181,0.8808395098047406,0.8642246197911976,0.8492088293850066,0.8301824056972815,0.8505924760252815,0.0200348267466033,60
185,2.0529722213745116,0.23554695738385578,0.0016000747680664062,0.0019596833718337034,0.0001,"(32,)",15,"{'NN__alpha': 0.0001, 'NN__hidden_layer_sizes': (32,), 'km__n_clusters': 15}",0.872551376743216,0.8782888626183964,0.8594509419510961,0.8917604849478442,0.8425481837408074,0.8689199700002721,0.016779666204092866,30
186,2.8591692447662354,0.32772624260139693,0.00377960205078125,0.00039201073656486643,0.0001,"(32,)",20,"{'NN__alpha': 0.0001, 'NN__hidden_layer_sizes': (32,), 'km__n_clusters': 20}",0.8870627302870076,0.8878524438704585,0.8827357499902421,0.8825166380235765,0.8735490642700812,0.882743325288273,0.005086181915773043,14
187,1.9471237182617187,0.3781349710622468,0.00240178108215332,0.0013573413518688912,0.0001,"(16,)",2,"{'NN__alpha': 0.0001, 'NN__hidden_layer_sizes': (16,), 'km__n_clusters': 2}",0.5813870129993977,0.5895228234431398,0.6095339311593634,0.6007145237631185,0.5990692350498799,0.5960455052829798,0.00969842340079484,218
188,2.134650468826294,0.5836417219350286,0.0010004520416259765,0.001265611124649056,0.0001,"(16,)",3,"{'NN__alpha': 0.0001, 'NN__hidden_layer_sizes': (16,), 'km__n_clusters': 3}",0.7965674312221389,0.80606483861009,0.784499355237872,0.7800376090296528,0.6705258064056518,0.7675390081010811,0.04936054835326331,193
189,1.619798517227173,0.32377659585491725,0.000601959228515625,0.00120391845703125,0.0001,"(16,)",4,"{'NN__alpha': 0.0001, 'NN__hidden_layer_sizes': (16,), 'km__n_clusters': 4}",0.7992062977145235,0.7833258082033715,0.8056441403642226,0.8117871287845109,0.7916137090267394,0.7983154168186736,0.01005576585483739,175
190,1.7282083988189698,0.46897057229342565,0.0007999897003173828,0.0009797832855306249,0.0001,"(16,)",5,"{'NN__alpha': 0.0001, 'NN__hidden_layer_sizes': (16,), 'km__n_clusters': 5}",0.7756312422963599,0.7970017800847508,0.8049273901836406,0.7986843185818382,0.8129417509381318,0.7978372964169441,0.012433328996682045,179
191,1.4292897701263427,0.17903340218760574,0.0031246662139892576,0.006249332427978514,0.0001,"(16,)",6,"{'NN__alpha': 0.0001, 'NN__hidden_layer_sizes': (16,), 'km__n_clusters': 6}",0.7911701341434587,0.7940434972323269,0.7964565758811271,0.8050814781016941,0.7967548948564918,0.7967013160430196,0.004646457975754113,181
192,1.3637192726135254,0.1327813579331867,0.004027748107910156,0.006055888358926872,0.0001,"(16,)",7,"{'NN__alpha': 0.0001, 'NN__hidden_layer_sizes': (16,), 'km__n_clusters': 7}",0.8004026477258188,0.8077044917633758,0.8121014306453215,0.808665403610925,0.7942803785349593,0.8046308704560801,0.006427198856814201,156
193,1.6011555671691895,0.31423399530652796,0.0,0.0,0.0001,"(16,)",8,"{'NN__alpha': 0.0001, 'NN__hidden_layer_sizes': (16,), 'km__n_clusters': 8}",0.8090147611710955,0.801418261854022,0.8144915518996976,0.805657952399622,0.8037284400947149,0.8068621934838305,0.004555165331110122,149
194,1.68447904586792,0.34669693742756,0.0029448986053466795,0.0053062100070005525,0.0001,"(16,)",9,"{'NN__alpha': 0.0001, 'NN__hidden_layer_sizes': (16,), 'km__n_clusters': 9}",0.8194247629697021,0.8278616585603354,0.81430934516266,0.8114048030937954,0.7928318537125619,0.813166484699811,0.011601905457299156,123
195,1.4639739513397216,0.28253824863460125,0.008152484893798828,0.007020012742213106,0.0001,"(16,)",10,"{'NN__alpha': 0.0001, 'NN__hidden_layer_sizes': (16,), 'km__n_clusters': 10}",0.8337043847918464,0.8647136553032131,0.8351280323926612,0.8103395703212793,0.8133674425195807,0.8314506170657161,0.019481838011600326,75
196,1.8171576976776123,0.3161689959057847,0.00929431915283203,0.007610837939163967,0.0001,"(16,)",15,"{'NN__alpha': 0.0001, 'NN__hidden_layer_sizes': (16,), 'km__n_clusters': 15}",0.860064677733606,0.8756503760821266,0.8627985073708505,0.8206585946215017,0.8434342926355677,0.8525212896887305,0.018948790970749696,55
197,2.0521570205688477,0.2577242517705261,0.0011026382446289063,0.0022052764892578126,0.0001,"(16,)",20,"{'NN__alpha': 0.0001, 'NN__hidden_layer_sizes': (16,), 'km__n_clusters': 20}",0.8576932424501902,0.8903389350526766,0.8748320034101812,0.8384096732504666,0.8438513469909127,0.8610250402308853,0.01932577605928732,43
198,1.5967637538909911,0.30979625720085396,0.003124570846557617,0.006249141693115233,0.0001,"(16, 16)",2,"{'NN__alpha': 0.0001, 'NN__hidden_layer_sizes': (16, 16), 'km__n_clusters': 2}",0.6366746088923965,0.6334944214078928,0.6500690279900414,0.6388581653652783,0.6365471080462652,0.6391286663403749,0.005730553916439261,212
199,2.5446846961975096,1.2556302856882093,0.007154130935668945,0.0071132989148136845,0.0001,"(16, 16)",3,"{'NN__alpha': 0.0001, 'NN__hidden_layer_sizes': (16, 16), 'km__n_clusters': 3}",0.8193594162829221,0.8047447178017691,0.8180197410572833,0.5266666238947529,0.7870085082485386,0.7511598014570532,0.1128495447895594,197
200,1.7079955101013184,0.17434537451014798,0.009378671646118164,0.007657657941444532,0.0001,"(16, 16)",4,"{'NN__alpha': 0.0001, 'NN__hidden_layer_sizes': (16, 16), 'km__n_clusters': 4}",0.8062991309622036,0.8301862249078423,0.804886853346728,0.8159186624729319,0.7895840487685198,0.8093749840916452,0.013395617059986188,137
201,1.8853099346160889,0.4623648292293228,0.0,0.0,0.0001,"(16, 16)",5,"{'NN__alpha': 0.0001, 'NN__hidden_layer_sizes': (16, 16), 'km__n_clusters': 5}",0.8031898289450108,0.8031493533727467,0.80810451218061,0.8150755612793009,0.8088025458800178,0.8076643603315373,0.004400495845881061,146
202,1.4266350269317627,0.2644819382882746,0.0028017044067382814,0.005603408813476563,0.0001,"(16, 16)",6,"{'NN__alpha': 0.0001, 'NN__hidden_layer_sizes': (16, 16), 'km__n_clusters': 6}",0.8075050796121527,0.8191225117226092,0.8030991063341522,0.8099935296333118,0.8018198758811764,0.8083080206366805,0.00615902074836066,142
203,1.433384609222412,0.1905723656188044,0.001512908935546875,0.002683513225092576,0.0001,"(16, 16)",7,"{'NN__alpha': 0.0001, 'NN__hidden_layer_sizes': (16, 16), 'km__n_clusters': 7}",0.8011443611127598,0.8094492634724906,0.8141981369404447,0.8211045777704502,0.8052110026034439,0.8102214683799177,0.006962052957315706,133
204,1.6500138282775878,0.3144898847809719,0.0013292312622070312,0.0026584625244140624,0.0001,"(16, 16)",8,"{'NN__alpha': 0.0001, 'NN__hidden_layer_sizes': (16, 16), 'km__n_clusters': 8}",0.8026102040973311,0.8252128316762009,0.817270665764338,0.812187832734361,0.8069874621130719,0.8128537992770605,0.007899912110564278,125
205,2.0456602573394775,0.20264798511467766,0.00732717514038086,0.007542725498078851,0.0001,"(16, 16)",9,"{'NN__alpha': 0.0001, 'NN__hidden_layer_sizes': (16, 16), 'km__n_clusters': 9}",0.8214262390858729,0.8430374944859708,0.8511873893951631,0.8204415241671791,0.8250150912282351,0.8322215476724842,0.01252140977262899,74
206,2.1527345180511475,0.4614932223169133,0.004628658294677734,0.005772144409328575,0.0001,"(16, 16)",10,"{'NN__alpha': 0.0001, 'NN__hidden_layer_sizes': (16, 16), 'km__n_clusters': 10}",0.8474913379040155,0.8535910741912288,0.8617402297952739,0.8331171659189577,0.8037289755922455,0.8399337566803442,0.020378487227971667,66
207,2.567067813873291,0.5909171662806726,0.0029018878936767577,0.004457939676134122,0.0001,"(16, 16)",15,"{'NN__alpha': 0.0001, 'NN__hidden_layer_sizes': (16, 16), 'km__n_clusters': 15}",0.8488429268473882,0.8798418448328232,0.8831689778403432,0.8968556982175431,0.8256028884048194,0.8668624672285834,0.025926886109773714,37
208,2.8547003746032713,0.5031327813130653,0.0009027004241943359,0.001805400848388672,0.0001,"(16, 16)",20,"{'NN__alpha': 0.0001, 'NN__hidden_layer_sizes': (16, 16), 'km__n_clusters': 20}",0.8765449831162258,0.8948590183826179,0.8810498161663357,0.8920900634850082,0.8317858852316954,0.8752659532763765,0.022770789134330734,25
209,1.7048012256622314,0.2570890302198047,0.0031267642974853516,0.006253528594970703,0.0001,"(32, 16, 32)",2,"{'NN__alpha': 0.0001, 'NN__hidden_layer_sizes': (32, 16, 32), 'km__n_clusters': 2}",0.6419277161569524,0.6800308725006992,0.6293415145809341,0.6271743085684393,0.652448095761373,0.6461845015136796,0.01922500095238408,210
210,3.012901496887207,0.6888314580696213,0.003124713897705078,0.006249427795410156,0.0001,"(32, 16, 32)",3,"{'NN__alpha': 0.0001, 'NN__hidden_layer_sizes': (32, 16, 32), 'km__n_clusters': 3}",0.8161151510765786,0.8407998966904626,0.8297354953865426,0.830015029196675,0.8032743314119579,0.8239879807524432,0.012984887146456802,83
211,1.4841912746429444,0.2173616006429384,0.006853485107421875,0.008448054074158294,0.0001,"(32, 16, 32)",4,"{'NN__alpha': 0.0001, 'NN__hidden_layer_sizes': (32, 16, 32), 'km__n_clusters': 4}",0.8107530807224086,0.825704732258318,0.8062502398076887,0.8081655124610997,0.8003919000175641,0.8102530930534158,0.008445437782781746,132
212,2.211541175842285,0.5442130704049953,0.0,0.0,0.0001,"(32, 16, 32)",5,"{'NN__alpha': 0.0001, 'NN__hidden_layer_sizes': (32, 16, 32), 'km__n_clusters': 5}",0.804061412561273,0.8227202779972284,0.7914399766041501,0.8219414314064465,0.8139687573901391,0.8108263711918473,0.011802382251662141,130
213,1.5823588848114014,0.17202793228311836,0.0031246662139892576,0.006249332427978514,0.0001,"(32, 16, 32)",6,"{'NN__alpha': 0.0001, 'NN__hidden_layer_sizes': (32, 16, 32), 'km__n_clusters': 6}",0.7993890887468357,0.8275708866283387,0.8128659018717854,0.8284640914897866,0.7996195249800315,0.8135818987433556,0.012759841936421481,119
214,1.7971522331237793,0.41923222881163424,0.009456777572631836,0.00772279353964377,0.0001,"(32, 16, 32)",7,"{'NN__alpha': 0.0001, 'NN__hidden_layer_sizes': (32, 16, 32), 'km__n_clusters': 7}",0.8282519820720398,0.8325216339479141,0.8249471082941409,0.8219457595543394,0.8117697346941548,0.8238872437125178,0.007004717469850374,84
215,1.7030931949615478,0.25504989081370816,0.008548879623413086,0.004797108687397085,0.0001,"(32, 16, 32)",8,"{'NN__alpha': 0.0001, 'NN__hidden_layer_sizes': (32, 16, 32), 'km__n_clusters': 8}",0.8135988272246287,0.8297245496767207,0.8127018642312158,0.8126096911482943,0.810929869285433,0.8159129603132584,0.006959441559675633,103
216,2.7634928703308104,0.3450860422523213,0.00895380973815918,0.0073514157822244155,0.0001,"(32, 16, 32)",9,"{'NN__alpha': 0.0001, 'NN__hidden_layer_sizes': (32, 16, 32), 'km__n_clusters': 9}",0.8621525900966369,0.8914668838457358,0.8538410009605426,0.8531926443326957,0.8141390375560219,0.8549584313583265,0.02471927421215611,52
217,2.572624349594116,0.6845871393049995,0.003124904632568359,0.0062498092651367175,0.0001,"(32, 16, 32)",10,"{'NN__alpha': 0.0001, 'NN__hidden_layer_sizes': (32, 16, 32), 'km__n_clusters': 10}",0.8872194147963273,0.8935956983428056,0.8872554938083151,0.8404080903993794,0.8269995401098438,0.8670956474913343,0.027689570743818795,36
218,2.9013084888458254,0.2821028322245075,0.0,0.0,0.0001,"(32, 16, 32)",15,"{'NN__alpha': 0.0001, 'NN__hidden_layer_sizes': (32, 16, 32), 'km__n_clusters': 15}",0.8837332700842321,0.8974149505732448,0.8755646009789023,0.8936326708523177,0.8823950123999645,0.8865481009777323,0.007925758517106866,11
219,2.441893434524536,0.2624896975876309,0.0,0.0,0.0001,"(32, 16, 32)",20,"{'NN__alpha': 0.0001, 'NN__hidden_layer_sizes': (32, 16, 32), 'km__n_clusters': 20}",0.8903861198637665,0.9049818980953703,0.884230586451437,0.8883965271862724,0.8852495644132029,0.8906489392020098,0.007495660673653045,2
