,mean_fit_time,std_fit_time,mean_score_time,std_score_time,param_NN__alpha,param_NN__hidden_layer_sizes,param_pca__n_components,params,split0_test_score,split1_test_score,split2_test_score,split3_test_score,split4_test_score,mean_test_score,std_test_score,rank_test_score
0,0.33548436164855955,0.05941916218162543,0.0030167102813720703,0.006033420562744141,0.1,"(32, 32)",2,"{'NN__alpha': 0.1, 'NN__hidden_layer_sizes': (32, 32), 'pca__n_components': 2}",0.8759374067642729,0.8574651902967644,0.8588737872837497,0.8505407862915958,0.860234718908936,0.8606103779090638,0.008358989899166783,246
1,0.36343727111816404,0.08196172776057982,0.003124380111694336,0.006248760223388671,0.1,"(32, 32)",3,"{'NN__alpha': 0.1, 'NN__hidden_layer_sizes': (32, 32), 'pca__n_components': 3}",0.8903779258800271,0.8590058617526211,0.8567954328929872,0.8754154762767082,0.8896381325678183,0.8742465658740324,0.01438963902883096,225
2,0.3869819641113281,0.07079715243843436,0.0027013778686523437,0.0054027557373046865,0.1,"(32, 32)",4,"{'NN__alpha': 0.1, 'NN__hidden_layer_sizes': (32, 32), 'pca__n_components': 4}",0.8985879431512432,0.8803140794204896,0.884059251339838,0.8675102183585969,0.8986883623862052,0.8858319709312745,0.011809131274806829,205
3,0.3969635009765625,0.051456829543019604,0.0,0.0,0.1,"(32, 32)",5,"{'NN__alpha': 0.1, 'NN__hidden_layer_sizes': (32, 32), 'pca__n_components': 5}",0.9319109653625373,0.9357439724078318,0.9259513219731443,0.9278342453495583,0.9416694124410354,0.9326219835068214,0.005648512968535674,135
4,0.42707409858703616,0.043977829673773915,0.0031264781951904296,0.006252956390380859,0.1,"(32, 32)",6,"{'NN__alpha': 0.1, 'NN__hidden_layer_sizes': (32, 32), 'pca__n_components': 6}",0.9350178754695998,0.9276970373407122,0.9268818317023134,0.9266288069236107,0.9455927705488536,0.9323636643970179,0.007304390104725012,140
5,0.4225155830383301,0.15093936465499608,0.0,0.0,0.1,"(32, 32)",7,"{'NN__alpha': 0.1, 'NN__hidden_layer_sizes': (32, 32), 'pca__n_components': 7}",0.9371822340043735,0.9388902531469937,0.9290638883711075,0.9179395119910913,0.9435028317000456,0.9333157438427223,0.008992312717793912,119
6,0.47844891548156737,0.05574938426791548,0.0,0.0,0.1,"(32, 32)",9,"{'NN__alpha': 0.1, 'NN__hidden_layer_sizes': (32, 32), 'pca__n_components': 9}",0.9397737391354059,0.9417209671481983,0.9312301481624389,0.9285881283511296,0.9488912594801534,0.9380408484554652,0.007348702728485399,12
7,0.570219898223877,0.20538445296567043,0.00775909423828125,0.0069973341703437626,0.1,"(32, 32)",10,"{'NN__alpha': 0.1, 'NN__hidden_layer_sizes': (32, 32), 'pca__n_components': 10}",0.9446199245304532,0.9291999800881953,0.9261252969668055,0.929885765445989,0.9463803251757471,0.935242258441438,0.00848901977018881,72
8,0.49125399589538576,0.12054005024181978,0.0031252384185791017,0.006250476837158203,0.1,"(32, 32)",11,"{'NN__alpha': 0.1, 'NN__hidden_layer_sizes': (32, 32), 'pca__n_components': 11}",0.9370223703836419,0.936707578976931,0.9282757902154558,0.9179847862990834,0.9489554304925917,0.9337891912735408,0.01028748806870478,108
9,0.5054558753967285,0.13195320822631637,0.002301597595214844,0.004603195190429688,0.1,"(32, 32)",12,"{'NN__alpha': 0.1, 'NN__hidden_layer_sizes': (32, 32), 'pca__n_components': 12}",0.9384837953171212,0.9198673592552217,0.9292920263216544,0.9295685446139581,0.9506819912746717,0.9335787433565255,0.010383066165166684,113
10,0.5086806297302247,0.09657799040471488,0.0006178855895996094,0.0012357711791992187,0.1,"(32, 32)",13,"{'NN__alpha': 0.1, 'NN__hidden_layer_sizes': (32, 32), 'pca__n_components': 13}",0.9371421435117112,0.9400731761921939,0.93174005718322,0.928666478096659,0.9486248976598259,0.937249350528722,0.006948475654501575,19
11,0.4553410530090332,0.03172324556701842,0.0,0.0,0.1,"(32, 32)",14,"{'NN__alpha': 0.1, 'NN__hidden_layer_sizes': (32, 32), 'pca__n_components': 14}",0.9377208399333731,0.9417628326753154,0.9300478257342304,0.926942122591091,0.9459057396185889,0.9364758721105197,0.007080062969046499,37
12,0.5015821933746338,0.07809637526499667,0.003253269195556641,0.006255017799860028,0.1,"(32, 32)",16,"{'NN__alpha': 0.1, 'NN__hidden_layer_sizes': (32, 32), 'pca__n_components': 16}",0.9377688591651727,0.9385837711475847,0.9315173060425612,0.9324775102486059,0.9491619037768436,0.9379018700761537,0.006284224333234585,13
13,0.33464813232421875,0.04507903643558951,0.0,0.0,0.1,"(32,)",2,"{'NN__alpha': 0.1, 'NN__hidden_layer_sizes': (32,), 'pca__n_components': 2}",0.8801900242775558,0.8596677945294583,0.8415076932158235,0.8550429071933147,0.8627776805842552,0.8598372199600816,0.012504948163173721,256
14,0.4351191520690918,0.12195871360381078,0.0006766319274902344,0.0005561000177840585,0.1,"(32,)",3,"{'NN__alpha': 0.1, 'NN__hidden_layer_sizes': (32,), 'pca__n_components': 3}",0.8907310369102949,0.8682378470237958,0.8536209462527723,0.8619574559625658,0.8709834689739402,0.8691061510246738,0.012351594002439042,236
15,0.39273929595947266,0.09788109691820537,0.00023050308227539061,0.00046100616455078123,0.1,"(32,)",4,"{'NN__alpha': 0.1, 'NN__hidden_layer_sizes': (32,), 'pca__n_components': 4}",0.8913080357728269,0.8707480635174483,0.8840487698708706,0.8768591356014073,0.8929381615492785,0.8831804332623664,0.008444498966163956,207
16,0.4643202304840088,0.14150606691746348,0.0008943080902099609,0.001178111194114556,0.1,"(32,)",5,"{'NN__alpha': 0.1, 'NN__hidden_layer_sizes': (32,), 'pca__n_components': 5}",0.933954555222499,0.9305374954388459,0.9224103106971492,0.9122241893120849,0.9411722764694198,0.9280597654279997,0.00995497311114606,176
17,0.5520918369293213,0.2301490104990467,0.0029347896575927734,0.005869579315185547,0.1,"(32,)",6,"{'NN__alpha': 0.1, 'NN__hidden_layer_sizes': (32,), 'pca__n_components': 6}",0.9285326418793742,0.9224455378167163,0.9263311782052097,0.9307172225666941,0.9457398323283542,0.9307532825592697,0.007976250359149192,163
18,0.7818771362304687,0.17992284092401262,0.0026178836822509767,0.0029406844240129726,0.1,"(32,)",7,"{'NN__alpha': 0.1, 'NN__hidden_layer_sizes': (32,), 'pca__n_components': 7}",0.9374230106841719,0.9400191521059069,0.9308249675196314,0.927201078248471,0.9500732719505172,0.9371082961017396,0.007928378275128404,21
19,0.4369080066680908,0.08163772534482289,0.0002642631530761719,0.0005285263061523438,0.1,"(32,)",9,"{'NN__alpha': 0.1, 'NN__hidden_layer_sizes': (32,), 'pca__n_components': 9}",0.9367530818865553,0.9375589262779241,0.9277963890550348,0.9294460271747917,0.946063702201179,0.935523625319097,0.006532910738847856,66
20,0.6156795501708985,0.12779430945551065,0.0,0.0,0.1,"(32,)",10,"{'NN__alpha': 0.1, 'NN__hidden_layer_sizes': (32,), 'pca__n_components': 10}",0.9395603970852922,0.9362984323345035,0.9309938642936277,0.9310460483577543,0.942066603676809,0.9359930691495972,0.004453581947951417,49
21,0.5822390079498291,0.20390482936956794,0.0010082244873046875,0.0009241899730695343,0.1,"(32,)",11,"{'NN__alpha': 0.1, 'NN__hidden_layer_sizes': (32,), 'pca__n_components': 11}",0.9356955063290919,0.9318761251623884,0.9283267488333717,0.9266031172144277,0.941555397399685,0.9328113789877929,0.005372246645395973,130
22,0.5032392024993897,0.2342489273062108,0.0004907131195068359,0.0009814262390136718,0.1,"(32,)",12,"{'NN__alpha': 0.1, 'NN__hidden_layer_sizes': (32,), 'pca__n_components': 12}",0.9383093457283421,0.9397288278513692,0.9236463172094309,0.9234230083655054,0.9486540817151643,0.9347523161739624,0.009822154970347245,82
23,0.4128419876098633,0.1068475058276171,0.0002429485321044922,0.0004858970642089844,0.1,"(32,)",13,"{'NN__alpha': 0.1, 'NN__hidden_layer_sizes': (32,), 'pca__n_components': 13}",0.9357411344010294,0.9217311945218201,0.9273581951569668,0.9247765769918876,0.9447484214618106,0.930871104506703,0.008358455231730528,160
24,0.3911595821380615,0.1678713556556908,0.0005867481231689453,0.0007519150484243842,0.1,"(32,)",14,"{'NN__alpha': 0.1, 'NN__hidden_layer_sizes': (32,), 'pca__n_components': 14}",0.9329078314054926,0.9359444286580955,0.929446939787678,0.9172745738354702,0.9384797418010764,0.9308107030975625,0.0074115300130572865,161
25,0.5091762542724609,0.15632188924363946,0.0006673812866210937,0.0008342121067950809,0.1,"(32,)",16,"{'NN__alpha': 0.1, 'NN__hidden_layer_sizes': (32,), 'pca__n_components': 16}",0.9371719064878301,0.9372761363483828,0.9276494638692881,0.9280846253521762,0.9490933063636393,0.9358550876842632,0.007832192182492398,57
26,0.47966346740722654,0.07667925267668496,0.003303813934326172,0.0034152739215956825,0.1,"(16,)",2,"{'NN__alpha': 0.1, 'NN__hidden_layer_sizes': (16,), 'pca__n_components': 2}",0.8812757264579881,0.8619451046222771,0.847829525070199,0.8564757290757741,0.8584063976780478,0.8611864965808571,0.01106780566823975,245
27,0.33719873428344727,0.04915546883106159,0.0004456043243408203,0.0005468098587542375,0.1,"(16,)",3,"{'NN__alpha': 0.1, 'NN__hidden_layer_sizes': (16,), 'pca__n_components': 3}",0.8695130743503136,0.8602473384141877,0.8536813030268966,0.8620576730273338,0.8761370604736575,0.8643272898584777,0.0077652719558957235,238
28,0.427362060546875,0.10567628314942928,0.0002529144287109375,0.0003154872043943511,0.1,"(16,)",4,"{'NN__alpha': 0.1, 'NN__hidden_layer_sizes': (16,), 'pca__n_components': 4}",0.8823520160530952,0.8693285583979149,0.8704343867575591,0.8784761406016318,0.8933199037523104,0.8787822011125023,0.008754877667558184,217
29,0.44140114784240725,0.08335556689141402,0.0034926414489746095,0.006985282897949218,0.1,"(16,)",5,"{'NN__alpha': 0.1, 'NN__hidden_layer_sizes': (16,), 'pca__n_components': 5}",0.9237153124566744,0.9282847856804523,0.921526187496017,0.9184072603220721,0.9348560402467615,0.9253579172403954,0.005735378530056317,190
30,0.4097893238067627,0.08180740108920376,0.0003901004791259766,0.0006191404379598444,0.1,"(16,)",6,"{'NN__alpha': 0.1, 'NN__hidden_layer_sizes': (16,), 'pca__n_components': 6}",0.9279278518273747,0.9304424060472273,0.9087989981262049,0.9247618524336799,0.9449586304430644,0.9273779477755102,0.011582702853233866,179
31,0.5086126804351807,0.2232345618039459,0.000777292251586914,0.0007410984857841317,0.1,"(16,)",7,"{'NN__alpha': 0.1, 'NN__hidden_layer_sizes': (16,), 'pca__n_components': 7}",0.9299153675314645,0.9273034948232716,0.9326541372180711,0.9298883429621427,0.9422582167108475,0.9324039118491594,0.005209704992161485,139
32,0.4686892509460449,0.14033538944818094,0.0016533374786376954,0.0015324358324371571,0.1,"(16,)",9,"{'NN__alpha': 0.1, 'NN__hidden_layer_sizes': (16,), 'pca__n_components': 9}",0.9357288006234599,0.9357999117778903,0.920153443710544,0.9257573928701506,0.9435444430489098,0.932196798406191,0.008255117692102125,141
33,0.29910736083984374,0.03556161583375321,0.0003193855285644531,0.0006387710571289061,0.1,"(16,)",10,"{'NN__alpha': 0.1, 'NN__hidden_layer_sizes': (16,), 'pca__n_components': 10}",0.9283516205438263,0.9277379280195222,0.9237153395954624,0.9223199493431993,0.943335648184665,0.9290920971373351,0.007483746834744863,168
34,0.35989012718200686,0.06203979397269597,0.0,0.0,0.1,"(16,)",11,"{'NN__alpha': 0.1, 'NN__hidden_layer_sizes': (16,), 'pca__n_components': 11}",0.9329912698106739,0.9297574172246283,0.9199055639561079,0.9186146002576212,0.9410672031273946,0.9284672108752853,0.008381733476792677,175
35,0.4233590602874756,0.1661235606004795,0.0,0.0,0.1,"(16,)",12,"{'NN__alpha': 0.1, 'NN__hidden_layer_sizes': (16,), 'pca__n_components': 12}",0.9312552900221684,0.9341399931977369,0.9164714575115156,0.9059927596587817,0.9425014661913691,0.9260721933163143,0.013093759411205991,188
36,0.6228461742401123,0.21585395474987018,0.0034417152404785157,0.006125830368372419,0.1,"(16,)",13,"{'NN__alpha': 0.1, 'NN__hidden_layer_sizes': (16,), 'pca__n_components': 13}",0.9397706792973411,0.938008492350099,0.9147761219144429,0.9295850984111685,0.9483629734501536,0.934100673084641,0.011354839727102755,100
37,0.32702975273132323,0.07083320848849417,0.0031323909759521486,0.006264781951904296,0.1,"(16,)",14,"{'NN__alpha': 0.1, 'NN__hidden_layer_sizes': (16,), 'pca__n_components': 14}",0.9146254285428508,0.9108147610285672,0.9215672308936019,0.9192650627001475,0.9400829141429453,0.9212710794616227,0.010114308718869775,200
38,0.35462450981140137,0.10187756057419162,0.00034275054931640623,0.00045453456566003653,0.1,"(16,)",16,"{'NN__alpha': 0.1, 'NN__hidden_layer_sizes': (16,), 'pca__n_components': 16}",0.9323025911528969,0.9228867743074525,0.9294465366284236,0.9116105553541178,0.936136606283296,0.9264766127452374,0.008601913156957899,184
39,0.3719344615936279,0.06268606728883881,0.00012073516845703124,0.0002414703369140625,0.1,"(16, 16)",2,"{'NN__alpha': 0.1, 'NN__hidden_layer_sizes': (16, 16), 'pca__n_components': 2}",0.8722905897716273,0.8590074936550335,0.8526243243837403,0.8565654283565922,0.8602031156397221,0.8601381903613431,0.0066058506194505715,252
40,0.49886670112609866,0.1292672770181145,0.0031171321868896486,0.0053531066666374924,0.1,"(16, 16)",3,"{'NN__alpha': 0.1, 'NN__hidden_layer_sizes': (16, 16), 'pca__n_components': 3}",0.8855124025211584,0.8561601984597552,0.8644225298790481,0.8668239695332478,0.878099149976204,0.8702036500738826,0.010380355915880095,232
41,0.3222536087036133,0.04176654516100438,0.0006137371063232421,0.0012274742126464843,0.1,"(16, 16)",4,"{'NN__alpha': 0.1, 'NN__hidden_layer_sizes': (16, 16), 'pca__n_components': 4}",0.8963198710120832,0.8808028338493895,0.8801534344285219,0.8725569685977514,0.8839666345039143,0.8827599484783321,0.007746645750153795,208
42,0.5223411083221435,0.03314574869175549,0.0008921623229980469,0.001128656933544874,0.1,"(16, 16)",5,"{'NN__alpha': 0.1, 'NN__hidden_layer_sizes': (16, 16), 'pca__n_components': 5}",0.9357521648581512,0.9292171945007808,0.9290647057467003,0.9305661826848716,0.9381939677860488,0.9325588431153105,0.003722854840382741,137
43,0.5666804790496827,0.08684744164010014,0.0018696784973144531,0.002026409278354924,0.1,"(16, 16)",6,"{'NN__alpha': 0.1, 'NN__hidden_layer_sizes': (16, 16), 'pca__n_components': 6}",0.933910881808049,0.933909687917207,0.9285601552102395,0.9269176284205174,0.939049029265935,0.9324694765243896,0.004325463740046333,138
44,0.5891023635864258,0.13476721872051645,0.0015923500061035157,0.0031847000122070318,0.1,"(16, 16)",7,"{'NN__alpha': 0.1, 'NN__hidden_layer_sizes': (16, 16), 'pca__n_components': 7}",0.9325882977471867,0.938603558112069,0.932194133612842,0.9204036862648302,0.9468607024247773,0.934130075632341,0.008678935644919334,98
45,0.5052307605743408,0.1621428402477271,0.00023865699768066406,0.0004773139953613281,0.1,"(16, 16)",9,"{'NN__alpha': 0.1, 'NN__hidden_layer_sizes': (16, 16), 'pca__n_components': 9}",0.9302553255203972,0.9398633575997941,0.927323662599363,0.9271191388343398,0.9472414321951802,0.9343605833498149,0.007937338415214783,92
46,0.5312965393066407,0.1588071144443826,0.0035333633422851562,0.006065111154812455,0.1,"(16, 16)",10,"{'NN__alpha': 0.1, 'NN__hidden_layer_sizes': (16, 16), 'pca__n_components': 10}",0.9380715139115631,0.9368229395550728,0.9327272576308928,0.9301445388428841,0.9396445203101363,0.9354821540501097,0.0035187319740512648,68
47,0.4785726547241211,0.027266930251013094,0.0009264945983886719,0.0018529891967773438,0.1,"(16, 16)",11,"{'NN__alpha': 0.1, 'NN__hidden_layer_sizes': (16, 16), 'pca__n_components': 11}",0.9367708221179781,0.9347230906958499,0.9314071205599609,0.9302981879875009,0.9453448412181966,0.9357088125158972,0.005342882602566127,62
48,0.607280969619751,0.129677133357511,0.00044579505920410155,0.0008915901184082031,0.1,"(16, 16)",12,"{'NN__alpha': 0.1, 'NN__hidden_layer_sizes': (16, 16), 'pca__n_components': 12}",0.9393385731749959,0.9367145860144822,0.9285975348877306,0.9303877291439836,0.9450262747960305,0.9360129396034444,0.005990385253776629,46
49,0.3519417762756348,0.1153578176837796,0.0,0.0,0.1,"(16, 16)",13,"{'NN__alpha': 0.1, 'NN__hidden_layer_sizes': (16, 16), 'pca__n_components': 13}",0.9206153226507985,0.9225491745099362,0.9258483241236807,0.9277143233632917,0.931385296705469,0.9256224882706352,0.0037987814351488577,189
50,0.5556132793426514,0.07100491991890262,0.0019617080688476562,0.0031332852614884697,0.1,"(16, 16)",14,"{'NN__alpha': 0.1, 'NN__hidden_layer_sizes': (16, 16), 'pca__n_components': 14}",0.9352957273480695,0.9339726009549947,0.9264974929999771,0.9216862430036262,0.9425944594433161,0.9320093047499969,0.007261491278659182,148
51,0.5583523273468017,0.1818318416161028,0.00033321380615234373,0.0006664276123046875,0.1,"(16, 16)",16,"{'NN__alpha': 0.1, 'NN__hidden_layer_sizes': (16, 16), 'pca__n_components': 16}",0.9357632092399126,0.9366899504522168,0.9328035266677421,0.9309791585794251,0.9478342510534479,0.9368140191985489,0.005876984831407577,31
52,0.4716072082519531,0.0626266239349017,0.002315664291381836,0.0030267324034340083,0.1,"(32, 16, 32)",2,"{'NN__alpha': 0.1, 'NN__hidden_layer_sizes': (32, 16, 32), 'pca__n_components': 2}",0.8829343421471285,0.8598028298394256,0.8582035619268666,0.8588053975334303,0.8637006418361244,0.8646893546565952,0.009321177019241053,237
53,0.6327657699584961,0.10605515248006378,0.0009358406066894531,0.0007804109487543611,0.1,"(32, 16, 32)",3,"{'NN__alpha': 0.1, 'NN__hidden_layer_sizes': (32, 16, 32), 'pca__n_components': 3}",0.8884005081623397,0.8711773954267423,0.8749716678341066,0.8711717782442798,0.8775235478456858,0.876648979502631,0.006350033637454205,224
54,0.6201572895050049,0.14254931554396683,0.0,0.0,0.1,"(32, 16, 32)",4,"{'NN__alpha': 0.1, 'NN__hidden_layer_sizes': (32, 16, 32), 'pca__n_components': 4}",0.8961212226335985,0.885506848108715,0.8877564198701011,0.8812567998663318,0.901547320162699,0.8904377221282891,0.007369091944830039,201
55,0.813505744934082,0.1441610146967104,0.00036072731018066406,0.0007214546203613281,0.1,"(32, 16, 32)",5,"{'NN__alpha': 0.1, 'NN__hidden_layer_sizes': (32, 16, 32), 'pca__n_components': 5}",0.9355117974272206,0.9368041592282839,0.9289120137380847,0.932381407682604,0.9412374855629141,0.9349693727278214,0.004155455825202856,77
56,0.7862211704254151,0.29894071771607966,0.0031755924224853515,0.006351184844970703,0.1,"(32, 16, 32)",6,"{'NN__alpha': 0.1, 'NN__hidden_layer_sizes': (32, 16, 32), 'pca__n_components': 6}",0.9393421909172381,0.9385983758207029,0.9207189406302863,0.9267005074144008,0.9474939587081861,0.9345707946981628,0.00958969324488227,89
57,0.6132351875305175,0.24472945602627308,0.005820655822753906,0.006339316015167747,0.1,"(32, 16, 32)",7,"{'NN__alpha': 0.1, 'NN__hidden_layer_sizes': (32, 16, 32), 'pca__n_components': 7}",0.9323434131371898,0.9351642954485161,0.9317786227804008,0.9316812076970402,0.9471887114334143,0.9356312500993121,0.005916897891003915,64
58,0.6130596160888672,0.08979592621190183,0.0009435176849365235,0.0009438126130019767,0.1,"(32, 16, 32)",9,"{'NN__alpha': 0.1, 'NN__hidden_layer_sizes': (32, 16, 32), 'pca__n_components': 9}",0.9382984505840021,0.9411999439075226,0.9295570981530041,0.9356116833156022,0.947109175356394,0.938355270263305,0.005825141248398256,8
59,0.6140456199645996,0.16481396402615422,0.001941347122192383,0.0029946960631912173,0.1,"(32, 16, 32)",10,"{'NN__alpha': 0.1, 'NN__hidden_layer_sizes': (32, 16, 32), 'pca__n_components': 10}",0.9378153803668381,0.9375470056070987,0.9310572007822178,0.9232948065262295,0.945900974747636,0.9351230736060041,0.0075594489083376515,73
60,0.6557567596435547,0.1684386634654884,0.0005771636962890625,0.0007440906484888792,0.1,"(32, 16, 32)",11,"{'NN__alpha': 0.1, 'NN__hidden_layer_sizes': (32, 16, 32), 'pca__n_components': 11}",0.9361393115867612,0.9302778216446534,0.931139095490534,0.9300999364688105,0.9490683994716455,0.935344912932481,0.0072088729298160235,71
61,0.6777774333953858,0.06440080698854717,0.0038512229919433595,0.006985730998271549,0.1,"(32, 16, 32)",12,"{'NN__alpha': 0.1, 'NN__hidden_layer_sizes': (32, 16, 32), 'pca__n_components': 12}",0.9354799223565377,0.9369861464277761,0.9318571722923389,0.9313454669113843,0.9527444607564349,0.9376826337488943,0.007826766248966754,14
62,0.6347456455230713,0.10605756122141645,0.0003604888916015625,0.000720977783203125,0.1,"(32, 16, 32)",13,"{'NN__alpha': 0.1, 'NN__hidden_layer_sizes': (32, 16, 32), 'pca__n_components': 13}",0.9354743177628138,0.9364647056975131,0.9330777519996054,0.9272787254581547,0.9432370284025733,0.9351065058641319,0.005166727735333913,74
63,0.5808633327484131,0.160880497191284,0.00397958755493164,0.004881480761336673,0.1,"(32, 16, 32)",14,"{'NN__alpha': 0.1, 'NN__hidden_layer_sizes': (32, 16, 32), 'pca__n_components': 14}",0.9416052230938984,0.9386412906550557,0.9307896534098856,0.9209505035464718,0.9513128401670745,0.9366599021744773,0.01024046597507851,34
64,0.5444230079650879,0.21292481156125379,0.0031662940979003905,0.006241910978603222,0.1,"(32, 16, 32)",16,"{'NN__alpha': 0.1, 'NN__hidden_layer_sizes': (32, 16, 32), 'pca__n_components': 16}",0.9368993369603216,0.9373482735772883,0.9274210730434604,0.9316831388210282,0.9352633935606841,0.9337230431925565,0.00372772998762505,109
65,0.3798216819763184,0.09149557646714872,0.0008753299713134766,0.0010741023199019174,0.01,"(32, 32)",2,"{'NN__alpha': 0.01, 'NN__hidden_layer_sizes': (32, 32), 'pca__n_components': 2}",0.8767096075364736,0.8566741537549328,0.8587281529275891,0.8470142654734687,0.8604741385963659,0.859920063657766,0.009599083203644675,255
66,0.3690525531768799,0.0786105513238394,0.0007043838500976563,0.0014087677001953128,0.01,"(32, 32)",3,"{'NN__alpha': 0.01, 'NN__hidden_layer_sizes': (32, 32), 'pca__n_components': 3}",0.8892185783792161,0.8591542322066683,0.8573313293859617,0.8745925840737381,0.8879276389378178,0.8736448725966804,0.013590778007170137,227
67,0.3937312126159668,0.07539012300988154,0.0011592864990234374,0.001001085296455132,0.01,"(32, 32)",4,"{'NN__alpha': 0.01, 'NN__hidden_layer_sizes': (32, 32), 'pca__n_components': 4}",0.8974285956504323,0.8818584809648911,0.8737557024606185,0.8651396743320837,0.8878836983255298,0.8812132303467111,0.011151892112794546,213
68,0.5895013332366943,0.2373272079542186,0.0006194114685058594,0.0007926633050271104,0.01,"(32, 32)",5,"{'NN__alpha': 0.01, 'NN__hidden_layer_sizes': (32, 32), 'pca__n_components': 5}",0.9322981120911474,0.935068807246042,0.9273521818464048,0.9300539894569975,0.9461870168304614,0.9341920214942107,0.006513712839034307,95
69,0.5486709117889405,0.11321211722890209,0.0,0.0,0.01,"(32, 32)",6,"{'NN__alpha': 0.01, 'NN__hidden_layer_sizes': (32, 32), 'pca__n_components': 6}",0.9351030215036098,0.9276970373407122,0.9292014784641182,0.9272195699356954,0.9462745568607233,0.9330991328209718,0.00716311347480865,126
70,0.43960142135620117,0.112547597265082,0.002975654602050781,0.0036522560081996597,0.01,"(32, 32)",7,"{'NN__alpha': 0.01, 'NN__hidden_layer_sizes': (32, 32), 'pca__n_components': 7}",0.9372515295689773,0.9408565555446411,0.9278763657648285,0.918711712763292,0.9423714697262063,0.933413526673589,0.008912655854645879,117
71,0.5426255702972412,0.12061036764805315,0.005034446716308594,0.0063701288079119865,0.01,"(32, 32)",9,"{'NN__alpha': 0.01, 'NN__hidden_layer_sizes': (32, 32), 'pca__n_components': 9}",0.9402066631733748,0.9413785612084198,0.917592196398488,0.934661246433568,0.9502501718371466,0.9368177678101993,0.01083501828980119,30
72,0.6265470027923584,0.2591212177701152,0.005265283584594727,0.006462706356428562,0.01,"(32, 32)",10,"{'NN__alpha': 0.01, 'NN__hidden_layer_sizes': (32, 32), 'pca__n_components': 10}",0.9369231774583291,0.9303593275890062,0.9265124436954155,0.9321053321521805,0.9478994080158446,0.9347599377821553,0.007372363850925008,81
73,0.5982494831085206,0.18660093039081568,0.0031097412109375,0.0062194824218749995,0.01,"(32, 32)",11,"{'NN__alpha': 0.01, 'NN__hidden_layer_sizes': (32, 32), 'pca__n_components': 11}",0.9361685836731513,0.9417505164226492,0.9281766619200255,0.9179847862990834,0.9466304686458005,0.934142203392142,0.010144941847381737,97
74,0.5229494571685791,0.1367137969445768,0.002038383483886719,0.00331898783753424,0.01,"(32, 32)",12,"{'NN__alpha': 0.01, 'NN__hidden_layer_sizes': (32, 32), 'pca__n_components': 12}",0.939661399073613,0.9409447929340036,0.9132874903095135,0.9348741582071528,0.948786982271468,0.9355109645591503,0.011977425214278654,67
75,0.5299535274505616,0.17407075143697187,0.002759981155395508,0.004543055344165909,0.01,"(32, 32)",13,"{'NN__alpha': 0.01, 'NN__hidden_layer_sizes': (32, 32), 'pca__n_components': 13}",0.9408862987699292,0.932379325991557,0.9270363631414436,0.9281390399760493,0.9487682900935457,0.935441863594505,0.008253463816506273,69
76,0.7159145832061767,0.11747864073875097,0.002291297912597656,0.0026073618211986923,0.01,"(32, 32)",14,"{'NN__alpha': 0.01, 'NN__hidden_layer_sizes': (32, 32), 'pca__n_components': 14}",0.9427187932853506,0.9409674247443804,0.9297598073010507,0.9269257611541492,0.9471199269220618,0.9374983426813985,0.007791366095254625,17
77,0.5057552814483642,0.11298579834702144,0.004222440719604492,0.004634597147998105,0.01,"(32, 32)",16,"{'NN__alpha': 0.01, 'NN__hidden_layer_sizes': (32, 32), 'pca__n_components': 16}",0.9358510547519078,0.9353791633488512,0.9306271412052993,0.932310947437795,0.9519745019066751,0.9372285617301056,0.007622627300502209,20
78,0.3172421455383301,0.04348774656634591,0.001567697525024414,0.0013180095583238004,0.01,"(32,)",2,"{'NN__alpha': 0.01, 'NN__hidden_layer_sizes': (32,), 'pca__n_components': 2}",0.8800903164681754,0.8585854605681486,0.8408811267997834,0.8550429071933147,0.8631627346278458,0.8595525091314536,0.01268642951404976,260
79,0.43816390037536623,0.10596333438745972,0.003680896759033203,0.006502522175171345,0.01,"(32,)",3,"{'NN__alpha': 0.01, 'NN__hidden_layer_sizes': (32,), 'pca__n_components': 3}",0.8896973304018916,0.8705847978423623,0.8528038272904921,0.8655630393437659,0.8713225964707507,0.8699943182698526,0.01187830702762025,233
80,0.31044659614562986,0.041921381704950675,0.0005948066711425782,0.0011896133422851563,0.01,"(32,)",4,"{'NN__alpha': 0.01, 'NN__hidden_layer_sizes': (32,), 'pca__n_components': 4}",0.8920802365450277,0.8695633171272225,0.8820958461973945,0.8734116695868089,0.88426514017004,0.8802832419252986,0.008005565864023794,214
81,0.4083442687988281,0.10134944686272011,0.0,0.0,0.01,"(32,)",5,"{'NN__alpha': 0.01, 'NN__hidden_layer_sizes': (32,), 'pca__n_components': 5}",0.9337149862976477,0.928082693849934,0.9218812101680488,0.911549024150295,0.94155942319803,0.9273574675327911,0.010222874543654238,180
82,0.4694383144378662,0.19310745111153857,0.0,0.0,0.01,"(32,)",6,"{'NN__alpha': 0.01, 'NN__hidden_layer_sizes': (32,), 'pca__n_components': 6}",0.9274730021879438,0.9236048853175273,0.9268960988667182,0.9312125366307255,0.9461512840282659,0.9310675614062361,0.007919004938140222,156
83,0.676564359664917,0.13042713079006357,0.00020685195922851563,0.00041370391845703126,0.01,"(32,)",7,"{'NN__alpha': 0.01, 'NN__hidden_layer_sizes': (32,), 'pca__n_components': 7}",0.9374230106841719,0.9401159745799794,0.9301763150548188,0.9294304416843026,0.9477763059649703,0.9369844095936486,0.006780511483577654,25
84,0.3798487663269043,0.04839606974913283,0.0009654998779296875,0.0012345306621916175,0.01,"(32,)",9,"{'NN__alpha': 0.01, 'NN__hidden_layer_sizes': (32,), 'pca__n_components': 9}",0.9351644909034457,0.937268889697565,0.9265379132587935,0.9296854468622218,0.9446373909593482,0.9346588263362747,0.0062820953820557635,85
85,0.651555871963501,0.09288326475231502,0.0034387588500976564,0.0063605496357446644,0.01,"(32,)",10,"{'NN__alpha': 0.01, 'NN__hidden_layer_sizes': (32,), 'pca__n_components': 10}",0.939372665975443,0.9366855790631137,0.9317849008354593,0.9322882113459129,0.9448062981026253,0.9369875310645108,0.004817969046572314,24
86,0.5451578617095947,0.2181248744113073,0.0005187034606933594,0.0008063129048397047,0.01,"(32,)",11,"{'NN__alpha': 0.01, 'NN__hidden_layer_sizes': (32,), 'pca__n_components': 11}",0.9358832374389411,0.9318761251623884,0.9300882427382651,0.9210651412972197,0.9411682506710748,0.9320161994615777,0.006668977986394003,147
87,0.38779330253601074,0.08673934832657923,0.000876760482788086,0.0012502323621574683,0.01,"(32,)",12,"{'NN__alpha': 0.01, 'NN__hidden_layer_sizes': (32,), 'pca__n_components': 12}",0.9352640494754048,0.9382386364123187,0.9293143524402991,0.9241952091377061,0.9423260570690669,0.9338676609069593,0.006432553688214066,105
88,0.4479766845703125,0.08063256041410141,0.006250619888305664,0.007655414758515587,0.01,"(32,)",13,"{'NN__alpha': 0.01, 'NN__hidden_layer_sizes': (32,), 'pca__n_components': 13}",0.9362002900968684,0.9216320662263896,0.9268719201329263,0.9266054782948873,0.9475082466987786,0.9317636002899701,0.009173449152172905,151
89,0.3475310802459717,0.12196214650214648,0.0003017902374267578,0.0006035804748535156,0.01,"(32,)",14,"{'NN__alpha': 0.01, 'NN__hidden_layer_sizes': (32,), 'pca__n_components': 14}",0.937274600111958,0.9347099425972832,0.928962757448657,0.9198364436180324,0.9396354087462171,0.9320838305044296,0.007079639402527141,143
90,0.5187180042266846,0.10022499249032271,0.0,0.0,0.01,"(32,)",16,"{'NN__alpha': 0.01, 'NN__hidden_layer_sizes': (32,), 'pca__n_components': 16}",0.9367330711816392,0.9377624113724233,0.9304006540661282,0.9273145172649949,0.947213607115519,0.935884852200141,0.006871862366089604,56
91,0.46019687652587893,0.07907332655156642,0.00014333724975585939,0.00028667449951171877,0.01,"(16,)",2,"{'NN__alpha': 0.01, 'NN__hidden_layer_sizes': (16,), 'pca__n_components': 2}",0.880649160041948,0.8555671491687907,0.8487441099194187,0.8583493866877645,0.8577798312620076,0.8602179274159859,0.01077171527821229,251
92,0.31576075553894045,0.03450877886422054,0.0007561206817626953,0.0007165201709170086,0.01,"(16,)",3,"{'NN__alpha': 0.01, 'NN__hidden_layer_sizes': (16,), 'pca__n_components': 3}",0.8695130743503136,0.8603957088682349,0.8535821747314661,0.8626842394433739,0.8753568445383261,0.8643064083863429,0.007512066292229878,239
93,0.4354213237762451,0.08787915067283177,0.0005602836608886719,0.0011205673217773438,0.01,"(16,)",4,"{'NN__alpha': 0.01, 'NN__hidden_layer_sizes': (16,), 'pca__n_components': 4}",0.8831263095103156,0.869913961717386,0.8816381920755099,0.8775636484374315,0.8797880878632626,0.8784060399207811,0.0046360074350310755,220
94,0.4430201530456543,0.04340144478133043,0.0,0.0,0.01,"(16,)",5,"{'NN__alpha': 0.01, 'NN__hidden_layer_sizes': (16,), 'pca__n_components': 5}",0.9237233276198051,0.9260631262892414,0.9217713804241369,0.9191815537792924,0.9322098807130792,0.9245898537651112,0.004431246120201506,193
95,0.4175119876861572,0.03844327587816339,0.0033504486083984373,0.006147729899543459,0.01,"(16,)",6,"{'NN__alpha': 0.01, 'NN__hidden_layer_sizes': (16,), 'pca__n_components': 6}",0.9275407050987645,0.931358653304938,0.9272277136792402,0.9254631271331927,0.9458505727294736,0.9314881543891218,0.0074341172373204615,155
96,0.5097642421722413,0.1303149825302345,0.0031256675720214844,0.006251335144042969,0.01,"(16,)",7,"{'NN__alpha': 0.01, 'NN__hidden_layer_sizes': (16,), 'pca__n_components': 7}",0.9330984879688163,0.927167957676338,0.9279848760335296,0.9295028586420235,0.9423378908154,0.9320184142272214,0.005545854945009779,146
97,0.3746762275695801,0.09766657478125226,0.0,0.0,0.01,"(16,)",9,"{'NN__alpha': 0.01, 'NN__hidden_layer_sizes': (16,), 'pca__n_components': 9}",0.9360679281202702,0.9191411726400888,0.920153443710544,0.9263839592861907,0.9446040827403402,0.9292701172994867,0.009750691190009418,165
98,0.31639585494995115,0.07085492996775096,0.0,0.0,0.01,"(16,)",10,"{'NN__alpha': 0.01, 'NN__hidden_layer_sizes': (16,), 'pca__n_components': 10}",0.9287387672724364,0.9300246126760184,0.9231862390663619,0.9215477485709985,0.9419168472915962,0.9290828429754823,0.007173068665359915,169
99,0.34772601127624514,0.06336247213793893,0.004013347625732422,0.0066607570415315445,0.01,"(16,)",11,"{'NN__alpha': 0.01, 'NN__hidden_layer_sizes': (16,), 'pca__n_components': 11}",0.9336658554585137,0.9297574172246283,0.920292710684718,0.9183265818244416,0.9410672031273946,0.9286219536639392,0.00844967960267165,172
100,0.37322449684143066,0.11263675948400806,0.005469655990600586,0.006449838223924139,0.01,"(16,)",12,"{'NN__alpha': 0.01, 'NN__hidden_layer_sizes': (16,), 'pca__n_components': 12}",0.9317479178008488,0.9277818692269147,0.9153079246406657,0.9059927596587817,0.9416076437983488,0.9244876230251119,0.012513879357844045,194
101,0.5108936309814454,0.08640104909367594,0.0031246185302734376,0.006249237060546875,0.01,"(16,)",13,"{'NN__alpha': 0.01, 'NN__hidden_layer_sizes': (16,), 'pca__n_components': 13}",0.9405886573789006,0.9371371632824678,0.914100956752653,0.9283338692657449,0.9472819410782178,0.9334885175515968,0.011458019431865085,116
102,0.3552850723266602,0.10328536399840825,0.00010576248168945313,0.00021152496337890626,0.01,"(16,)",14,"{'NN__alpha': 0.01, 'NN__hidden_layer_sizes': (16,), 'pca__n_components': 14}",0.9146254285428508,0.9108147610285672,0.9218124238217218,0.9238127653989122,0.9404700608715555,0.9223070879327215,0.010232172905552953,197
103,0.32994303703308103,0.1043665464759276,0.003861856460571289,0.0060559527325028725,0.01,"(16,)",16,"{'NN__alpha': 0.01, 'NN__hidden_layer_sizes': (16,), 'pca__n_components': 16}",0.9324022989622776,0.9225987558742729,0.9304097202233931,0.9122371217701578,0.9374379075845973,0.9270171608829397,0.008798556606945425,183
104,0.37932591438293456,0.0886357452376122,0.0003407001495361328,0.00045442596187368915,0.01,"(16, 16)",2,"{'NN__alpha': 0.01, 'NN__hidden_layer_sizes': (16, 16), 'pca__n_components': 2}",0.8735475523967993,0.8597796944272342,0.8513658485874989,0.856759499577414,0.8609753164119228,0.8604855822801738,0.007326751196013962,248
105,0.5063756465911865,0.17575415305619901,0.0012363433837890626,0.002472686767578125,0.01,"(16, 16)",3,"{'NN__alpha': 0.01, 'NN__hidden_layer_sizes': (16, 16), 'pca__n_components': 3}",0.8831538638981783,0.8581513065393488,0.8647652632319477,0.8667880903831591,0.8816829095381794,0.8709082867181627,0.009833615368308452,229
106,0.3213343143463135,0.01891511754020255,0.0009264945983886719,0.0010310131530212412,0.01,"(16, 16)",4,"{'NN__alpha': 0.01, 'NN__hidden_layer_sizes': (16, 16), 'pca__n_components': 4}",0.896172856052989,0.8777697641106003,0.8807665351563665,0.8740390101954935,0.8823768003652699,0.8822249931761437,0.007530636194045774,209
107,0.505748176574707,0.028840183091021997,0.003607940673828125,0.004059248126310463,0.01,"(16, 16)",5,"{'NN__alpha': 0.01, 'NN__hidden_layer_sizes': (16, 16), 'pca__n_components': 5}",0.9358518726675316,0.9310300768435126,0.9292254797966623,0.9287802687680204,0.9379065288668191,0.9325588453885093,0.0036651834320961035,136
108,0.6404114723205566,0.14588853819076616,0.0,0.0,0.01,"(16, 16)",6,"{'NN__alpha': 0.01, 'NN__hidden_layer_sizes': (16, 16), 'pca__n_components': 6}",0.9329909539946681,0.9366783236292063,0.9292292787358997,0.9273517114863864,0.940431989916212,0.9333364515524746,0.004781634122657493,118
109,0.5557671070098877,0.20280341412876862,0.00023970603942871093,0.00047941207885742186,0.01,"(16, 16)",7,"{'NN__alpha': 0.01, 'NN__hidden_layer_sizes': (16, 16), 'pca__n_components': 7}",0.9354042376167708,0.94354106966482,0.9326975548807482,0.925368756062127,0.9429835467831349,0.9359990330015201,0.006781180972898071,47
110,0.5513251781463623,0.18907981286067035,0.0,0.0,0.01,"(16, 16)",9,"{'NN__alpha': 0.01, 'NN__hidden_layer_sizes': (16, 16), 'pca__n_components': 9}",0.9315121389081475,0.938903715396667,0.9276030877892399,0.9271191388343398,0.94914499494122,0.9348566151739227,0.008297042095900525,80
111,0.5407477855682373,0.17071191029122118,0.0009303569793701171,0.000902685969849927,0.01,"(16, 16)",10,"{'NN__alpha': 0.01, 'NN__hidden_layer_sizes': (16, 16), 'pca__n_components': 10}",0.9381595372120318,0.937210086283683,0.9311334841309328,0.9307718159072321,0.9396445203101363,0.9353838887688031,0.0037021442014277123,70
112,0.47464981079101565,0.024745513656391355,0.0033412456512451174,0.0061007989343371555,0.01,"(16, 16)",11,"{'NN__alpha': 0.01, 'NN__hidden_layer_sizes': (16, 16), 'pca__n_components': 11}",0.9374455570032393,0.9351102374244601,0.931794267288571,0.9299266007812319,0.9461170419903975,0.9360787408975799,0.005652949958944799,42
113,0.6338406085968018,0.11756302278433095,0.00021686553955078126,0.0004337310791015625,0.01,"(16, 16)",12,"{'NN__alpha': 0.01, 'NN__hidden_layer_sizes': (16, 16), 'pca__n_components': 12}",0.9423572527138725,0.9367595042045617,0.9289846816163408,0.9323683052309804,0.9474555147271237,0.9375850516985758,0.006664267114271087,16
114,0.3442846298217773,0.08956742442450397,0.00028982162475585935,0.0005796432495117187,0.01,"(16, 16)",13,"{'NN__alpha': 0.01, 'NN__hidden_layer_sizes': (16, 16), 'pca__n_components': 13}",0.9210024693794087,0.9229363212385464,0.9314698094480917,0.9173176931859803,0.9391298079384335,0.926371220238092,0.007891331206363601,187
115,0.4726565837860107,0.0857223115137075,0.0,0.0,0.01,"(16, 16)",14,"{'NN__alpha': 0.01, 'NN__hidden_layer_sizes': (16, 16), 'pca__n_components': 14}",0.9357307328611687,0.9331396181745694,0.9250109537910289,0.9196998602782015,0.9442756955993084,0.9315713721408555,0.008545541464305405,152
116,0.48786067962646484,0.1418020027706133,0.003881216049194336,0.006051090396734317,0.01,"(16, 16)",16,"{'NN__alpha': 0.01, 'NN__hidden_layer_sizes': (16, 16), 'pca__n_components': 16}",0.9357632092399126,0.9320709040259034,0.9326630733946538,0.9331241186572583,0.9484630593919289,0.9364168729419313,0.006153999867775355,38
117,0.4427891731262207,0.10349356543251069,7.610321044921875e-05,0.0001522064208984375,0.01,"(32, 16, 32)",2,"{'NN__alpha': 0.01, 'NN__hidden_layer_sizes': (32, 16, 32), 'pca__n_components': 2}",0.8798686071129744,0.851179370092427,0.8589757626990674,0.8551338082340387,0.8632952474132077,0.861690559110343,0.009938436998988063,243
118,0.6402205944061279,0.1515794068483211,0.00019989013671875,0.0003997802734375,0.01,"(32, 16, 32)",3,"{'NN__alpha': 0.01, 'NN__hidden_layer_sizes': (32, 16, 32), 'pca__n_components': 3}",0.8919972344342699,0.8729391043166138,0.8709973868376676,0.8710820766279351,0.8781443522309252,0.8770320308894825,0.00792168553252466,223
119,0.5710931777954101,0.11356822610320058,0.002551841735839844,0.005103683471679688,0.01,"(32, 16, 32)",4,"{'NN__alpha': 0.01, 'NN__hidden_layer_sizes': (32, 16, 32), 'pca__n_components': 4}",0.8953550935769302,0.8850299395377861,0.886964953051741,0.882031093323552,0.9005473842119799,0.8899856927403977,0.006889699587624284,203
120,0.6981632709503174,0.14363784583022074,0.0005694389343261719,0.0011388778686523438,0.01,"(32, 16, 32)",5,"{'NN__alpha': 0.01, 'NN__hidden_layer_sizes': (32, 16, 32), 'pca__n_components': 5}",0.9365719133819673,0.9305604387421282,0.9298265985873045,0.9298115253243651,0.9409980658754843,0.9335537083822498,0.004502953797412678,114
121,0.5181126117706298,0.13928634133824538,0.002147006988525391,0.0035488319232440885,0.01,"(32, 16, 32)",6,"{'NN__alpha': 0.01, 'NN__hidden_layer_sizes': (32, 16, 32), 'pca__n_components': 6}",0.9348489248393448,0.9222878804127408,0.9210069861807402,0.9268893975521502,0.9451521347936034,0.9300370647557159,0.008979079302364074,164
122,0.6996346950531006,0.1416415917335433,0.0003717899322509766,0.0006991613933590512,0.01,"(32, 16, 32)",7,"{'NN__alpha': 0.01, 'NN__hidden_layer_sizes': (32, 16, 32), 'pca__n_components': 7}",0.9385895357965262,0.9330866825428151,0.9317605091490693,0.9326044284269962,0.9475089537572831,0.936710021934538,0.005909850490156243,32
123,0.659803056716919,0.1267243950640941,0.0,0.0,0.01,"(32, 16, 32)",9,"{'NN__alpha': 0.01, 'NN__hidden_layer_sizes': (32, 16, 32), 'pca__n_components': 9}",0.9361271076370684,0.9422696324294224,0.9294579698575739,0.9358291788353483,0.9475937879719438,0.9382555353462714,0.0061827260403993735,9
124,0.7617117404937744,0.13354647424250918,0.002592802047729492,0.002470577596939797,0.01,"(32, 16, 32)",10,"{'NN__alpha': 0.01, 'NN__hidden_layer_sizes': (32, 16, 32), 'pca__n_components': 10}",0.9400567854168792,0.9414879623407024,0.9305709257581773,0.9330368052386475,0.9475241583745545,0.9385353274257924,0.0060909344004092675,7
125,0.5951220035552979,0.1831651151875288,0.0007310390472412109,0.0009330093009011583,0.01,"(32, 16, 32)",11,"{'NN__alpha': 0.01, 'NN__hidden_layer_sizes': (32, 16, 32), 'pca__n_components': 11}",0.9379647101315003,0.9308007811127386,0.9287111325305615,0.9315684721356171,0.9495334944066252,0.9357157180634086,0.0075684791192829545,61
126,0.6298225402832032,0.06057838902623051,0.0055941581726074215,0.00693901534345158,0.01,"(32, 16, 32)",12,"{'NN__alpha': 0.01, 'NN__hidden_layer_sizes': (32, 16, 32), 'pca__n_components': 12}",0.9368082104179046,0.9414739097070348,0.9325037320721321,0.9309265235393165,0.9521599910940833,0.9387744733660941,0.007632008179318824,6
127,0.8261942863464355,0.13476881932315685,0.0,0.0,0.01,"(32, 16, 32)",13,"{'NN__alpha': 0.01, 'NN__hidden_layer_sizes': (32, 16, 32), 'pca__n_components': 13}",0.9356619044183738,0.9353910216330062,0.9315470087927058,0.9289655110795751,0.9503341639760045,0.9363799219799331,0.007410059131672343,39
128,0.6585231304168702,0.0805139081933927,0.004109573364257812,0.0057933832055573455,0.01,"(32, 16, 32)",14,"{'NN__alpha': 0.01, 'NN__hidden_layer_sizes': (32, 16, 32), 'pca__n_components': 14}",0.9408126733809974,0.937634424440491,0.933536759891801,0.9347192271525884,0.9510497062191462,0.939550558217005,0.006276980775214291,1
129,0.651411485671997,0.16190656326105654,0.004096269607543945,0.005808652753909467,0.01,"(32, 16, 32)",16,"{'NN__alpha': 0.01, 'NN__hidden_layer_sizes': (32, 16, 32), 'pca__n_components': 16}",0.9371045258197722,0.9378324559163095,0.92669537833199,0.9308400558218662,0.9476157570928814,0.936017634596564,0.007109193178186436,45
130,0.36423845291137696,0.09013797939397644,0.003281974792480469,0.006180597871670204,0.001,"(32, 32)",2,"{'NN__alpha': 0.001, 'NN__hidden_layer_sizes': (32, 32), 'pca__n_components': 2}",0.8767096075364736,0.8566929895245636,0.8585825185714284,0.8467262470402889,0.8598475721803257,0.859711786970616,0.009674264561526992,257
131,0.36782002449035645,0.07611734678334794,0.0048980236053466795,0.006034054612806258,0.001,"(32, 32)",3,"{'NN__alpha': 0.001, 'NN__hidden_layer_sizes': (32, 32), 'pca__n_components': 3}",0.8890745318937062,0.8582937182989714,0.8573313293859617,0.8758678029545907,0.8879276389378178,0.8736990042942097,0.013775254617687553,226
132,0.38374896049499513,0.05696499840428388,0.0006317138671875,0.0007753160252084965,0.001,"(32, 32)",4,"{'NN__alpha': 0.001, 'NN__hidden_layer_sizes': (32, 32), 'pca__n_components': 4}",0.8994760153034858,0.8818584809648911,0.8731291360445784,0.867218623382281,0.888388493883329,0.8820141499157129,0.011343935062862215,210
133,0.4886926174163818,0.11201613933659858,0.0038744926452636717,0.005934569017804855,0.001,"(32, 32)",5,"{'NN__alpha': 0.001, 'NN__hidden_layer_sizes': (32, 32), 'pca__n_components': 5}",0.9325855510103771,0.9353568256792218,0.9273521818464048,0.9291115569154303,0.945403537464788,0.9339619305832443,0.006355555430814071,104
134,0.5615151405334473,0.11895277726415893,0.0011315345764160156,0.0009899053384888577,0.001,"(32, 32)",6,"{'NN__alpha': 0.001, 'NN__hidden_layer_sizes': (32, 32), 'pca__n_components': 6}",0.9354901682322199,0.9261949275961046,0.9292014784641182,0.9258377703817791,0.9494083944742711,0.9332265478296986,0.008800170871491975,124
135,0.4384774208068848,0.09112056903395332,0.004197502136230468,0.005872412222431555,0.001,"(32, 32)",7,"{'NN__alpha': 0.001, 'NN__hidden_layer_sizes': (32, 32), 'pca__n_components': 7}",0.9383111692604076,0.9408565555446411,0.9278763657648285,0.918711712763292,0.9423714697262063,0.9336254546118751,0.009013426000637566,112
136,0.5378737449645996,0.1782413294693538,0.006442356109619141,0.006039656961692862,0.001,"(32, 32)",9,"{'NN__alpha': 0.001, 'NN__hidden_layer_sizes': (32, 32), 'pca__n_components': 9}",0.9393292170125183,0.9390859757445209,0.9132911553450246,0.9291176591567587,0.9502501718371466,0.9342148358191938,0.01241610659494032,94
137,0.5119194984436035,0.18909603951507137,0.0009975910186767578,0.0015023340385738422,0.001,"(32, 32)",10,"{'NN__alpha': 0.001, 'NN__hidden_layer_sizes': (32, 32), 'pca__n_components': 10}",0.9369231774583291,0.9301413385611423,0.9261252969668055,0.9261403426316067,0.946957869836874,0.9332576050909516,0.007904050051291639,121
138,0.5504378795623779,0.14427474770706858,0.005006313323974609,0.0047319824275078295,0.001,"(32, 32)",11,"{'NN__alpha': 0.001, 'NN__hidden_layer_sizes': (32, 32), 'pca__n_components': 11}",0.9357814369445412,0.9402172984238372,0.9277895151914153,0.9179847862990834,0.9466304686458005,0.9336807011009354,0.00995896066866359,110
139,0.5586306095123291,0.14509779006023402,0.0,0.0,0.001,"(32, 32)",12,"{'NN__alpha': 0.001, 'NN__hidden_layer_sizes': (32, 32), 'pca__n_components': 12}",0.9392742523450028,0.9427236630283611,0.9131455365090231,0.9320129125083941,0.9505136398178604,0.9355340008417283,0.012678420293939277,65
140,0.4868328094482422,0.09188603864364361,0.0,0.0,0.001,"(32, 32)",13,"{'NN__alpha': 0.001, 'NN__hidden_layer_sizes': (32, 32), 'pca__n_components': 13}",0.9389773596294131,0.9413483950730465,0.9270363631414436,0.9276360218673975,0.9477086504021152,0.936541358022683,0.008042388548811927,35
141,0.6172319412231445,0.08864359211553036,0.0006672382354736328,0.0013344764709472656,0.001,"(32, 32)",14,"{'NN__alpha': 0.001, 'NN__hidden_layer_sizes': (32, 32), 'pca__n_components': 14}",0.9420029093899014,0.9418662849392831,0.9309396800972575,0.9269257611541492,0.9465782325814093,0.9376625736324001,0.007436062364080815,15
142,0.5299715042114258,0.14365731149432204,0.0027048587799072266,0.0037666746844211237,0.001,"(32, 32)",16,"{'NN__alpha': 0.001, 'NN__hidden_layer_sizes': (32, 32), 'pca__n_components': 16}",0.9361901822487182,0.927800003485253,0.9306271412052993,0.9317349105714354,0.9519745019066751,0.9356653478834762,0.008590220748757654,63
143,0.3104846000671387,0.04843463407839876,0.005066585540771484,0.006242856848464271,0.001,"(32,)",2,"{'NN__alpha': 0.001, 'NN__hidden_layer_sizes': (32,), 'pca__n_components': 2}",0.8808625172403761,0.8585854605681486,0.8408811267997834,0.8550429071933147,0.8631627346278458,0.8597069492858938,0.012937721017785841,258
144,0.4621907711029053,0.13105156592814846,0.00033769607543945315,0.0006753921508789063,0.001,"(32,)",3,"{'NN__alpha': 0.001, 'NN__hidden_layer_sizes': (32,), 'pca__n_components': 3}",0.8896973304018916,0.8700556973132618,0.8528038272904921,0.8655630393437659,0.8713225964707507,0.8698884981640325,0.011874931587167167,234
145,0.3216090202331543,0.07154306234018168,0.0,0.0,0.001,"(32,)",4,"{'NN__alpha': 0.001, 'NN__hidden_layer_sizes': (32,), 'pca__n_components': 4}",0.8920802365450277,0.8695633171272225,0.8820958461973945,0.8734116695868089,0.88426514017004,0.8802832419252986,0.008005565864023794,214
146,0.420465087890625,0.13731054566338535,0.00031757354736328125,0.0006351470947265625,0.001,"(32,)",5,"{'NN__alpha': 0.001, 'NN__hidden_layer_sizes': (32,), 'pca__n_components': 5}",0.9344871870698485,0.928082693849934,0.9218812101680488,0.911549024150295,0.94155942319803,0.9275119076872314,0.010323094659079178,178
147,0.4764237403869629,0.19656098990217913,0.000690460205078125,0.0008084674669789854,0.001,"(32,)",6,"{'NN__alpha': 0.001, 'NN__hidden_layer_sizes': (32,), 'pca__n_components': 6}",0.9274730021879438,0.9236048853175273,0.9268960988667182,0.9312125366307255,0.9461512840282659,0.9310675614062361,0.007919004938140222,156
148,0.6675014495849609,0.1383566877370338,0.0001693248748779297,0.00033864974975585934,0.001,"(32,)",7,"{'NN__alpha': 0.001, 'NN__hidden_layer_sizes': (32,), 'pca__n_components': 7}",0.9374230106841719,0.9386425262255402,0.9301763150548188,0.9294304416843026,0.9491272664998199,0.9369599120297307,0.007124609144327866,26
149,0.39046149253845214,0.03857751732033938,0.0011472702026367188,0.001229791901594558,0.001,"(32,)",9,"{'NN__alpha': 0.001, 'NN__hidden_layer_sizes': (32,), 'pca__n_components': 9}",0.9347773441748355,0.937268889697565,0.9265379132587935,0.9296854468622218,0.9446373909593482,0.9345813969905528,0.0062777700698879065,87
150,0.6187717914581299,0.0860145996251463,0.0016398429870605469,0.0014267001559987581,0.001,"(32,)",10,"{'NN__alpha': 0.001, 'NN__hidden_layer_sizes': (32,), 'pca__n_components': 10}",0.939372665975443,0.9366855790631137,0.9314968824022797,0.9322882113459129,0.9448062981026253,0.9369299273778748,0.004881135097021884,27
151,0.5094545364379883,0.15422150029247764,0.00023984909057617188,0.00047969818115234375,0.001,"(32,)",11,"{'NN__alpha': 0.001, 'NN__hidden_layer_sizes': (32,), 'pca__n_components': 11}",0.9355077752192428,0.9318761251623884,0.930351841159487,0.9210651412972197,0.9411682506710748,0.9319938267018826,0.006613078317955607,149
152,0.3851763248443604,0.104657045709426,6.532669067382812e-05,0.00013065338134765625,0.001,"(32,)",12,"{'NN__alpha': 0.001, 'NN__hidden_layer_sizes': (32,), 'pca__n_components': 12}",0.9352640494754048,0.9382386364123187,0.9304308744360501,0.9241952091377061,0.9423260570690669,0.9340909653061095,0.006288374889261112,101
153,0.575069808959961,0.26921650547316794,0.0005994796752929688,0.000735793536306608,0.001,"(32,)",13,"{'NN__alpha': 0.001, 'NN__hidden_layer_sizes': (32,), 'pca__n_components': 13}",0.9362002900968684,0.9216320662263896,0.9316589914476117,0.9259789118788472,0.9482547038664486,0.9327449927032332,0.009197245280777267,132
154,0.46278133392333987,0.21171800331064802,0.0016138076782226563,0.0005070008257127112,0.001,"(32,)",14,"{'NN__alpha': 0.001, 'NN__hidden_layer_sizes': (32,), 'pca__n_components': 14}",0.9419032015805209,0.9347099425972832,0.9288208036481665,0.9183347930408506,0.9396354087462171,0.9326808299226077,0.008464563555306502,133
155,0.5223896026611328,0.09783813596185365,0.0018770217895507813,0.00025497011225946977,0.001,"(32,)",16,"{'NN__alpha': 0.001, 'NN__hidden_layer_sizes': (32,), 'pca__n_components': 16}",0.9367330711816392,0.9369902106002226,0.9309036721747802,0.9273145172649949,0.947213607115519,0.9358310156674312,0.006760625474765996,58
156,0.45026426315307616,0.05771306081274572,0.001178741455078125,0.0004528754477309327,0.001,"(16,)",2,"{'NN__alpha': 0.001, 'NN__hidden_layer_sizes': (16,), 'pca__n_components': 2}",0.880649160041948,0.8555671491687907,0.8473453427311779,0.8583493866877645,0.8577798312620076,0.8599381739783378,0.011079827514614145,253
157,0.3178610324859619,0.022145156773809512,0.0011900901794433595,0.0004524727266631355,0.001,"(16,)",3,"{'NN__alpha': 0.001, 'NN__hidden_layer_sizes': (16,), 'pca__n_components': 3}",0.8695130743503136,0.8603957088682349,0.8535821747314661,0.8626842394433739,0.8753568445383261,0.8643064083863429,0.007512066292229878,239
158,0.4505181789398193,0.08107713074233715,0.0010087966918945312,1.5244924683892185e-05,0.001,"(16,)",4,"{'NN__alpha': 0.001, 'NN__hidden_layer_sizes': (16,), 'pca__n_components': 4}",0.8831263095103156,0.8702019801505656,0.8813501736423303,0.8775636484374315,0.8801752345918726,0.8784834692665031,0.004518078391508033,218
159,0.4298720359802246,0.03663012409164319,0.0019680023193359374,0.0027042766779413322,0.001,"(16,)",5,"{'NN__alpha': 0.001, 'NN__hidden_layer_sizes': (16,), 'pca__n_components': 5}",0.9244955283920059,0.9260631262892414,0.9213842336955267,0.9191815537792924,0.9322098807130792,0.9246668645738293,0.004466325006937135,192
160,0.4304815292358398,0.03821557243514793,0.003156900405883789,0.006313800811767578,0.001,"(16,)",6,"{'NN__alpha': 0.001, 'NN__hidden_layer_sizes': (16,), 'pca__n_components': 6}",0.9279278518273747,0.931358653304938,0.9272277136792402,0.9254631271331927,0.9458505727294736,0.9315655837348438,0.007394510361132402,153
161,0.5396246433258056,0.16235967822821937,0.0031248092651367187,0.006249618530273437,0.001,"(16,)",7,"{'NN__alpha': 0.001, 'NN__hidden_layer_sizes': (16,), 'pca__n_components': 7}",0.9330984879688163,0.927167957676338,0.9283720227621398,0.9298900053706336,0.9418087902862996,0.9320674528128455,0.005260403453737815,144
162,0.3791008949279785,0.10604797370337538,0.0,0.0,0.001,"(16,)",9,"{'NN__alpha': 0.001, 'NN__hidden_layer_sizes': (16,), 'pca__n_components': 9}",0.9360679281202702,0.9191411726400888,0.920153443710544,0.9263839592861907,0.9446040827403402,0.9292701172994867,0.009750691190009418,165
163,0.3141929626464844,0.052950778439169795,0.0,0.0,0.001,"(16,)",10,"{'NN__alpha': 0.001, 'NN__hidden_layer_sizes': (16,), 'pca__n_components': 10}",0.9287387672724364,0.9297365942428387,0.9231862390663619,0.9215477485709985,0.9419168472915962,0.9290252392888464,0.007166427841218989,170
164,0.3421936988830566,0.05071261901024538,0.0017377376556396485,0.0034754753112792975,0.001,"(16,)",11,"{'NN__alpha': 0.001, 'NN__hidden_layer_sizes': (16,), 'pca__n_components': 11}",0.9336658554585137,0.9297574172246283,0.919666144268678,0.9183265818244416,0.9410672031273946,0.9284966403807312,0.008575979747662976,173
165,0.3730127811431885,0.11489046624255735,0.0007286548614501953,0.0006162619598092282,0.001,"(16,)",12,"{'NN__alpha': 0.001, 'NN__hidden_layer_sizes': (16,), 'pca__n_components': 12}",0.9321350645294589,0.9277818692269147,0.9153079246406657,0.9059927596587817,0.9405737477114491,0.924358273153454,0.012282849860248454,195
166,0.5218013286590576,0.08495356497428132,0.0002808570861816406,0.00034904558150407154,0.001,"(16,)",13,"{'NN__alpha': 0.001, 'NN__hidden_layer_sizes': (16,), 'pca__n_components': 13}",0.9405886573789006,0.9375712463483369,0.9146039748613051,0.9289604356817849,0.9472819410782178,0.9338012510697091,0.0112603699704242,107
167,0.33945741653442385,0.09930949262698359,0.0,0.0,0.001,"(16,)",14,"{'NN__alpha': 0.001, 'NN__hidden_layer_sizes': (16,), 'pca__n_components': 14}",0.9146254285428508,0.9108147610285672,0.9213094057130697,0.924100783832092,0.9404700608715555,0.9222640879976269,0.01024869283810859,198
168,0.3435667991638184,0.09949555283738266,0.0,0.0,0.001,"(16,)",16,"{'NN__alpha': 0.001, 'NN__hidden_layer_sizes': (16,), 'pca__n_components': 16}",0.9324022989622776,0.9225987558742729,0.9309127383320451,0.9122371217701578,0.9374379075845973,0.9271177645046702,0.008839552603701954,181
169,0.37898573875427244,0.051479316220979586,0.0023786544799804686,0.0033799250660402507,0.001,"(16, 16)",2,"{'NN__alpha': 0.001, 'NN__hidden_layer_sizes': (16, 16), 'pca__n_components': 2}",0.8727753516245985,0.8597796944272342,0.8524260677928794,0.8559872988052133,0.8606361889151123,0.8603209203130076,0.006879159116250064,249
170,0.5372025489807128,0.2153535334065704,0.002476215362548828,0.0023096206245177596,0.001,"(16, 16)",3,"{'NN__alpha': 0.001, 'NN__hidden_layer_sizes': (16, 16), 'pca__n_components': 3}",0.8830541560887977,0.856496010344729,0.8635805168417218,0.86794743788397,0.8828845030301004,0.8707925248378638,0.010593030192531779,230
171,0.34528298377990724,0.04479037931739131,0.0003552436828613281,0.0006321115670108989,0.001,"(16, 16)",4,"{'NN__alpha': 0.001, 'NN__hidden_layer_sizes': (16, 16), 'pca__n_components': 4}",0.896172856052989,0.8777697641106003,0.8800114806280315,0.8731389138647768,0.88170221471743,0.8817590458747656,0.007759332223708808,211
172,0.5056586265563965,0.035584783569124735,0.0003117561340332031,0.0006235122680664061,0.001,"(16, 16)",5,"{'NN__alpha': 0.001, 'NN__hidden_layer_sizes': (16, 16), 'pca__n_components': 5}",0.9361393115867612,0.9306429301149025,0.9290533327435244,0.9283931220394104,0.9362241525524403,0.9320905698074078,0.0034196609763111063,142
173,0.5967936992645264,0.19211154057309693,0.0006276130676269531,0.0007943214094983587,0.001,"(16, 16)",6,"{'NN__alpha': 0.001, 'NN__hidden_layer_sizes': (16, 16), 'pca__n_components': 6}",0.9344180455257985,0.9353230253588926,0.9257743212500547,0.9276442003543307,0.9409610904453126,0.9328241365868779,0.00550502760304308,128
174,0.631649398803711,0.1715189158961735,0.00016641616821289062,0.00033283233642578125,0.001,"(16, 16)",7,"{'NN__alpha': 0.001, 'NN__hidden_layer_sizes': (16, 16), 'pca__n_components': 7}",0.9345774570758905,0.9392296942515803,0.9354821283834033,0.9248657379534752,0.9452842374239612,0.9358878510176621,0.006675757833158259,54
175,0.4915920257568359,0.19928784026474453,0.0,0.0,0.001,"(16, 16)",9,"{'NN__alpha': 0.001, 'NN__hidden_layer_sizes': (16, 16), 'pca__n_components': 9}",0.9317995778273774,0.9395275457148203,0.9276030877892399,0.9265900383052392,0.9437947523295398,0.9338630003932433,0.006738946004427675,106
176,0.5371523857116699,0.16409230260402696,0.0005940914154052735,0.0006915502479507581,0.001,"(16, 16)",10,"{'NN__alpha': 0.001, 'NN__hidden_layer_sizes': (16, 16), 'pca__n_components': 10}",0.9379695641797416,0.9369220678505032,0.931466689149632,0.9339320601647899,0.9396445203101363,0.9359869803309607,0.0029270584325992695,50
177,0.46423702239990233,0.02813839702195055,0.0008092880249023438,0.0007356748482519133,0.001,"(16, 16)",11,"{'NN__alpha': 0.001, 'NN__hidden_layer_sizes': (16, 16), 'pca__n_components': 11}",0.9374455570032393,0.9346072193158081,0.931794267288571,0.9299266007812319,0.946404480909627,0.9360356250596954,0.005776689641460603,44
178,0.6104410648345947,0.10534160093914603,0.0010422229766845702,0.0012582179093241286,0.001,"(16, 16)",12,"{'NN__alpha': 0.001, 'NN__hidden_layer_sizes': (16, 16), 'pca__n_components': 12}",0.9423572527138725,0.9367145860144822,0.9272191913397715,0.9320802867978005,0.9459161243974202,0.9368574882526695,0.006753445640603861,29
179,0.36461358070373534,0.10335945456477959,0.002666330337524414,0.005332660675048828,0.001,"(16, 16)",13,"{'NN__alpha': 0.001, 'NN__hidden_layer_sizes': (16, 16), 'pca__n_components': 13}",0.9210024693794087,0.9229363212385464,0.9319728275567436,0.9173176931859803,0.9391298079384335,0.9264718238598226,0.007958609529549238,185
180,0.37585835456848143,0.06669654364045616,0.001317739486694336,0.0016142340363908838,0.001,"(16, 16)",14,"{'NN__alpha': 0.001, 'NN__hidden_layer_sizes': (16, 16), 'pca__n_components': 14}",0.9365029336333694,0.9293749850021419,0.9243936676931453,0.9204720610504022,0.9442756955993084,0.9310038685956735,0.008528166229699256,159
181,0.4769618034362793,0.12216547432367739,0.004201030731201172,0.005874439183640797,0.001,"(16, 16)",16,"{'NN__alpha': 0.001, 'NN__hidden_layer_sizes': (16, 16), 'pca__n_components': 16}",0.9357632092399126,0.9315418034968028,0.9326630733946538,0.9319215153748589,0.9484630593919289,0.9360705321796313,0.006371870642081344,43
182,0.4850508689880371,0.08237203844715224,0.00045666694641113283,0.0009133338928222657,0.001,"(32, 16, 32)",2,"{'NN__alpha': 0.001, 'NN__hidden_layer_sizes': (32, 16, 32), 'pca__n_components': 2}",0.8784256504860254,0.8557042464715936,0.8587677066638156,0.8555714845123297,0.8582821591807931,0.8613502494629115,0.008636243390741068,244
183,0.573460054397583,0.12329751440572141,0.0031253337860107423,0.0062506675720214845,0.001,"(32, 16, 32)",3,"{'NN__alpha': 0.001, 'NN__hidden_layer_sizes': (32, 16, 32), 'pca__n_components': 3}",0.8950793494483104,0.8733241583602044,0.870300194644786,0.8701019369957562,0.8812531890245564,0.8780117656947226,0.009442633329921951,221
184,0.6052052974700928,0.12022733929595682,0.0067843437194824215,0.0071637604120511015,0.001,"(32, 16, 32)",4,"{'NN__alpha': 0.001, 'NN__hidden_layer_sizes': (32, 16, 32), 'pca__n_components': 4}",0.8960261479065211,0.8791109068838389,0.8893090469427777,0.8816925453406916,0.8964933183494355,0.8885263930846529,0.007150994658224381,204
185,0.6615779399871826,0.039007925803917154,0.0003284454345703125,0.000656890869140625,0.001,"(32, 16, 32)",5,"{'NN__alpha': 0.001, 'NN__hidden_layer_sizes': (32, 16, 32), 'pca__n_components': 5}",0.9375856265266177,0.9356773108014785,0.927380384069147,0.9297541960696809,0.9401480711053422,0.9341091177144533,0.004801156113649341,99
186,0.5475008964538575,0.11045316662191977,0.004163789749145508,0.005847875094971693,0.001,"(32, 16, 32)",6,"{'NN__alpha': 0.001, 'NN__hidden_layer_sizes': (32, 16, 32), 'pca__n_components': 6}",0.9348489248393448,0.9340620689494984,0.9251516164418763,0.9269363338894091,0.9453915544810333,0.9332780997202323,0.007156474130123575,120
187,0.684037733078003,0.1444059604214897,0.003125429153442383,0.006250858306884766,0.001,"(32, 16, 32)",7,"{'NN__alpha': 0.001, 'NN__hidden_layer_sizes': (32, 16, 32), 'pca__n_components': 7}",0.9391024727549654,0.9334949708624141,0.9301218919968698,0.9321723954087132,0.9469798532281826,0.9363743168502291,0.006082102106505028,40
188,0.6218302726745606,0.12154184892157259,7.395744323730468e-05,0.00014791488647460937,0.001,"(32, 16, 32)",9,"{'NN__alpha': 0.001, 'NN__hidden_layer_sizes': (32, 16, 32), 'pca__n_components': 9}",0.9408586579580733,0.9415610082156841,0.9302301706297746,0.9345432978886657,0.9481228885010443,0.9390632046386485,0.006164293858159302,3
189,0.7924740314483643,0.21549666469779974,0.00039610862731933596,0.000526197735459184,0.001,"(32, 16, 32)",10,"{'NN__alpha': 0.001, 'NN__hidden_layer_sizes': (32, 16, 32), 'pca__n_components': 10}",0.9393079488793697,0.9353462746705382,0.9310066712325373,0.9324607683722882,0.9472367194553248,0.9370716765220116,0.005819807326157627,23
190,0.5993223190307617,0.12468439725340918,0.0,0.0,0.001,"(32, 16, 32)",11,"{'NN__alpha': 0.001, 'NN__hidden_layer_sizes': (32, 16, 32), 'pca__n_components': 11}",0.9375424133824625,0.9295717928861799,0.9287111325305615,0.9315684721356171,0.9474558765429535,0.9349699374955549,0.006962741952600018,76
191,0.6381206035614013,0.10829011456911863,0.0006243228912353515,0.0007680046739706201,0.001,"(32, 16, 32)",12,"{'NN__alpha': 0.001, 'NN__hidden_layer_sizes': (32, 16, 32), 'pca__n_components': 12}",0.9378219235625548,0.9372507445658832,0.9316866131098518,0.9321583849834663,0.9521857346986141,0.9382206801840741,0.007423853247074113,10
192,0.7376234531402588,0.11017384359937106,0.0003658294677734375,0.0004570910757748954,0.001,"(32, 16, 32)",13,"{'NN__alpha': 0.001, 'NN__hidden_layer_sizes': (32, 16, 32), 'pca__n_components': 13}",0.9407785870073072,0.9364941408812868,0.9331873485793706,0.9305113364690527,0.941477299563635,0.9364897425001304,0.004240685706215679,36
193,0.6382344722747803,0.09053557682539394,0.00022459030151367188,0.00044918060302734375,0.001,"(32, 16, 32)",14,"{'NN__alpha': 0.001, 'NN__hidden_layer_sizes': (32, 16, 32), 'pca__n_components': 14}",0.9413875512194567,0.9373464060073115,0.9328615947300112,0.9342329521285477,0.950275412761926,0.9392207833694506,0.006256688342185535,2
194,0.500648307800293,0.0507194400651807,0.0,0.0,0.001,"(32, 16, 32)",16,"{'NN__alpha': 0.001, 'NN__hidden_layer_sizes': (32, 16, 32), 'pca__n_components': 16}",0.9345151510526584,0.932672673822676,0.9273872865783913,0.9303428109539041,0.9473779774071999,0.934459179962966,0.006885437302290606,90
195,0.37235593795776367,0.09579721650411091,0.0018944263458251954,0.0037888526916503907,0.0001,"(32, 32)",2,"{'NN__alpha': 0.0001, 'NN__hidden_layer_sizes': (32, 32), 'pca__n_components': 2}",0.8769970464557033,0.8579015791839916,0.8588256188145287,0.847113393768899,0.8604741385963658,0.8602623553638977,0.009598201968976972,250
196,0.3710299491882324,0.077438410840519,0.0012726783752441406,0.0006735799570149444,0.0001,"(32, 32)",3,"{'NN__alpha': 0.0001, 'NN__hidden_layer_sizes': (32, 32), 'pca__n_components': 3}",0.8893642127353767,0.8580549420244087,0.8573313293859617,0.8752412365385506,0.8880732732939786,0.8736129987956552,0.013906813628959047,228
197,0.40615015029907225,0.04599101469248046,0.00046591758728027345,0.0009318351745605468,0.0001,"(32, 32)",4,"{'NN__alpha': 0.0001, 'NN__hidden_layer_sizes': (32, 32), 'pca__n_components': 4}",0.8991170436803437,0.8812346506467377,0.8838686987935979,0.867218623382281,0.888388493883329,0.8839655020772579,0.010363946506058269,206
198,0.5004889488220214,0.11281145153632552,0.0019379615783691405,0.00176197736233918,0.0001,"(32, 32)",5,"{'NN__alpha': 0.0001, 'NN__hidden_layer_sizes': (32, 32), 'pca__n_components': 5}",0.9322981120911474,0.935068807246042,0.9273521818464048,0.9291115569154303,0.9423991658536072,0.9332459647905264,0.005288331966293499,122
199,0.5744845390319824,0.10113083938354867,0.00029926300048828126,0.0005985260009765625,0.0001,"(32, 32)",6,"{'NN__alpha': 0.0001, 'NN__hidden_layer_sizes': (32, 32), 'pca__n_components': 6}",0.9354901682322199,0.9305666184406198,0.9292014784641182,0.9258377703817791,0.9465619957799529,0.9335316062597379,0.007216138663571619,115
200,0.45469207763671876,0.09959334443868281,0.0018175601959228515,0.002548341778419073,0.0001,"(32, 32)",7,"{'NN__alpha': 0.0001, 'NN__hidden_layer_sizes': (32, 32), 'pca__n_components': 7}",0.9388402697895082,0.9404694088160309,0.9278763657648285,0.918711712763292,0.9423714697262063,0.9336538453719732,0.009011042949477991,111
201,0.531758975982666,0.16639448121169528,0.0003223419189453125,0.000644683837890625,0.0001,"(32, 32)",9,"{'NN__alpha': 0.0001, 'NN__hidden_layer_sizes': (32, 32), 'pca__n_components': 9}",0.9393292170125183,0.9395889938531727,0.9136783020736348,0.9291176591567587,0.9502501718371466,0.9343928687866463,0.012326738581608054,91
202,0.47077178955078125,0.10128401193253728,0.0024257659912109374,0.0033352595198415415,0.0001,"(32, 32)",10,"{'NN__alpha': 0.0001, 'NN__hidden_layer_sizes': (32, 32), 'pca__n_components': 10}",0.9369231774583291,0.9336865735517199,0.9261252969668055,0.9261403426316067,0.9478511068823571,0.9341452994981637,0.008052030384276421,96
203,0.5732792854309082,0.1620802924382807,0.0007639884948730469,0.0015279769897460938,0.0001,"(32, 32)",11,"{'NN__alpha': 0.0001, 'NN__hidden_layer_sizes': (32, 32), 'pca__n_components': 11}",0.9356817291351608,0.9436944838117348,0.9281766619200255,0.9187569870712842,0.9472570350618406,0.934713379400009,0.010356412183645448,83
204,0.5862987518310547,0.18032128822024043,0.0021925449371337892,0.0034425310217013395,0.0001,"(32, 32)",12,"{'NN__alpha': 0.0001, 'NN__hidden_layer_sizes': (32, 32), 'pca__n_components': 12}",0.9386993745065434,0.9394459784196251,0.9131455365090231,0.9272440066169386,0.9476033297993556,0.933227645170297,0.011952931167738223,123
205,0.4681419849395752,0.10781310569836035,0.003110170364379883,0.006220340728759766,0.0001,"(32, 32)",13,"{'NN__alpha': 0.0001, 'NN__hidden_layer_sizes': (32, 32), 'pca__n_components': 13}",0.935393193235009,0.9361913105466508,0.9268474730036942,0.9267250031133251,0.9492530519465168,0.9348820063690392,0.008241273796494837,79
206,0.6014078617095947,0.10059803779434842,0.0032471179962158202,0.0043630623780958,0.0001,"(32, 32)",14,"{'NN__alpha': 0.0001, 'NN__hidden_layer_sizes': (32, 32), 'pca__n_components': 14}",0.9395168616983742,0.9412598145666634,0.9310388083926879,0.9269257611541492,0.9456642272461394,0.9368810946116028,0.006877570035546481,28
207,0.5675028324127197,0.19820469960196332,0.003457164764404297,0.005399933941147448,0.0001,"(32, 32)",16,"{'NN__alpha': 0.0001, 'NN__hidden_layer_sizes': (32, 32), 'pca__n_components': 16}",0.9373495297495292,0.927800003485253,0.9348840325855456,0.9318001224211145,0.947971428773096,0.9359610234029077,0.0068007799453913016,52
208,0.3408970355987549,0.03295617188551576,0.00023856163024902344,0.0004771232604980469,0.0001,"(32,)",2,"{'NN__alpha': 0.0001, 'NN__hidden_layer_sizes': (32,), 'pca__n_components': 2}",0.8808625172403761,0.8585854605681486,0.8408811267997834,0.8550429071933147,0.8631627346278458,0.8597069492858938,0.012937721017785841,258
209,0.46110825538635253,0.11044803817683826,0.00027022361755371096,0.0005404472351074219,0.0001,"(32,)",3,"{'NN__alpha': 0.0001, 'NN__hidden_layer_sizes': (32,), 'pca__n_components': 3}",0.8896973304018916,0.8700556973132618,0.8528038272904921,0.8655630393437659,0.8713225964707507,0.8698884981640325,0.011874931587167167,234
210,0.319498348236084,0.050556255562346906,0.0034218788146972655,0.006127815007966048,0.0001,"(32,)",4,"{'NN__alpha': 0.0001, 'NN__hidden_layer_sizes': (32,), 'pca__n_components': 4}",0.8920802365450277,0.8695633171272225,0.8820958461973945,0.8734116695868089,0.88426514017004,0.8802832419252986,0.008005565864023794,214
211,0.41230621337890627,0.08593118837909816,0.0002219676971435547,0.0004439353942871094,0.0001,"(32,)",5,"{'NN__alpha': 0.0001, 'NN__hidden_layer_sizes': (32,), 'pca__n_components': 5}",0.9344871870698485,0.928082693849934,0.9226534109402496,0.911549024150295,0.94155942319803,0.9276663478416716,0.010243167420118954,177
212,0.4737203121185303,0.19864850696301636,0.002705669403076172,0.004810637820627934,0.0001,"(32,)",6,"{'NN__alpha': 0.0001, 'NN__hidden_layer_sizes': (32,), 'pca__n_components': 6}",0.9274730021879438,0.9236048853175273,0.9268960988667182,0.9312125366307255,0.9461512840282659,0.9310675614062361,0.007919004938140222,156
213,0.705485725402832,0.15219613999531667,0.0012703895568847655,0.0025407791137695306,0.0001,"(32,)",7,"{'NN__alpha': 0.0001, 'NN__hidden_layer_sizes': (32,), 'pca__n_components': 7}",0.9374230106841719,0.9401159745799794,0.9301763150548188,0.9294304416843026,0.9491272664998199,0.9372546017006185,0.007217972119310299,18
214,0.3798854827880859,0.049458665887232814,0.0033903598785400392,0.006150424598726768,0.0001,"(32,)",9,"{'NN__alpha': 0.0001, 'NN__hidden_layer_sizes': (32,), 'pca__n_components': 9}",0.9347773441748355,0.937268889697565,0.9265379132587935,0.9296854468622218,0.9446373909593482,0.9345813969905528,0.0062777700698879065,87
215,0.6625126361846924,0.06312069409065772,0.00023455619812011718,0.00046911239624023435,0.0001,"(32,)",10,"{'NN__alpha': 0.0001, 'NN__hidden_layer_sizes': (32,), 'pca__n_components': 10}",0.9396601048946727,0.9366855790631137,0.9314968824022797,0.9328173118750135,0.9448062981026253,0.9370932352675408,0.0048135024215832725,22
216,0.5464894771575928,0.2029657056779434,0.0019122600555419923,0.003536077638316546,0.0001,"(32,)",11,"{'NN__alpha': 0.0001, 'NN__hidden_layer_sizes': (32,), 'pca__n_components': 11}",0.9355077752192428,0.9318761251623884,0.930351841159487,0.9210651412972197,0.9411682506710748,0.9319938267018826,0.006613078317955607,149
217,0.39322490692138673,0.10203234474578331,0.000542593002319336,0.001085186004638672,0.0001,"(32,)",12,"{'NN__alpha': 0.0001, 'NN__hidden_layer_sizes': (32,), 'pca__n_components': 12}",0.9352640494754048,0.9382386364123187,0.9304308744360501,0.9241952091377061,0.9423260570690669,0.9340909653061095,0.006288374889261112,101
218,0.6041544914245606,0.3229482386389064,0.00013327598571777344,0.0002665519714355469,0.0001,"(32,)",13,"{'NN__alpha': 0.0001, 'NN__hidden_layer_sizes': (32,), 'pca__n_components': 13}",0.936539417593679,0.9216320662263896,0.9316589914476117,0.9259789118788472,0.9482547038664486,0.9328128182025953,0.00922368887650545,129
219,0.4363697528839111,0.1853196294056586,0.0005482196807861328,0.0006721790877750549,0.0001,"(32,)",14,"{'NN__alpha': 0.0001, 'NN__hidden_layer_sizes': (32,), 'pca__n_components': 14}",0.9419032015805209,0.9347099425972832,0.9293238217568185,0.9183347930408506,0.9396354087462171,0.9327814335443382,0.008420965223196072,131
220,0.48975405693054197,0.08746678063606553,0.005357074737548828,0.005949039357149915,0.0001,"(32,)",16,"{'NN__alpha': 0.0001, 'NN__hidden_layer_sizes': (32,), 'pca__n_components': 16}",0.9370205101008688,0.9369902106002226,0.9309036721747802,0.9273145172649949,0.947213607115519,0.935888503451277,0.006769268094562119,53
221,0.4308753490447998,0.06608087953494053,0.00023398399353027343,0.00046796798706054686,0.0001,"(16,)",2,"{'NN__alpha': 0.0001, 'NN__hidden_layer_sizes': (16,), 'pca__n_components': 2}",0.880649160041948,0.8555671491687907,0.8473453427311779,0.8583493866877645,0.8577798312620076,0.8599381739783378,0.011079827514614145,253
222,0.29923267364501954,0.02221122702818319,7.658004760742187e-05,0.00015316009521484374,0.0001,"(16,)",3,"{'NN__alpha': 0.0001, 'NN__hidden_layer_sizes': (16,), 'pca__n_components': 3}",0.8695130743503136,0.8603957088682349,0.8535821747314661,0.8626842394433739,0.8753568445383261,0.8643064083863429,0.007512066292229878,239
223,0.43047170639038085,0.10237486631376835,0.0031653404235839843,0.006330680847167969,0.0001,"(16,)",4,"{'NN__alpha': 0.0001, 'NN__hidden_layer_sizes': (16,), 'pca__n_components': 4}",0.8831263095103156,0.8702019801505656,0.8813501736423303,0.8775636484374315,0.8801752345918726,0.8784834692665031,0.004518078391508033,218
224,0.4335763931274414,0.06344765073522401,0.0008533000946044922,0.0007627393340868746,0.0001,"(16,)",5,"{'NN__alpha': 0.0001, 'NN__hidden_layer_sizes': (16,), 'pca__n_components': 5}",0.9248826751206161,0.9260631262892414,0.9213842336955267,0.9191815537792924,0.9322098807130792,0.9247442939195512,0.004466039339839451,191
225,0.4252464771270752,0.028832189118889313,0.003204822540283203,0.006217506930340438,0.0001,"(16,)",6,"{'NN__alpha': 0.0001, 'NN__hidden_layer_sizes': (16,), 'pca__n_components': 6}",0.9279278518273747,0.931358653304938,0.9272277136792402,0.9254631271331927,0.9458505727294736,0.9315655837348438,0.007394510361132402,153
226,0.5284257411956788,0.15199839096221773,0.0009949207305908203,0.0010060298113987699,0.0001,"(16,)",7,"{'NN__alpha': 0.0001, 'NN__hidden_layer_sizes': (16,), 'pca__n_components': 7}",0.9330984879688163,0.927167957676338,0.9283720227621398,0.9298900053706336,0.9418087902862996,0.9320674528128455,0.005260403453737815,144
227,0.3987751007080078,0.12438875612253347,0.0038516044616699217,0.006054696865417631,0.0001,"(16,)",9,"{'NN__alpha': 0.0001, 'NN__hidden_layer_sizes': (16,), 'pca__n_components': 9}",0.9360679281202702,0.9191411726400888,0.920153443710544,0.9263839592861907,0.9446040827403402,0.9292701172994867,0.009750691190009418,165
228,0.3223433971405029,0.0645709375939085,0.0006215095520019532,0.0008126338033443692,0.0001,"(16,)",10,"{'NN__alpha': 0.0001, 'NN__hidden_layer_sizes': (16,), 'pca__n_components': 10}",0.9287387672724364,0.9294485758096591,0.9231862390663619,0.9215477485709985,0.9419168472915962,0.9289676356022104,0.007161634408886108,171
229,0.3436902523040771,0.05318714640275563,0.0023308753967285155,0.0035365563372356697,0.0001,"(16,)",11,"{'NN__alpha': 0.0001, 'NN__hidden_layer_sizes': (16,), 'pca__n_components': 11}",0.9336658554585137,0.9297574172246283,0.919666144268678,0.9183265818244416,0.9410672031273946,0.9284966403807312,0.008575979747662976,173
230,0.3865670204162598,0.12827459307251451,0.000858306884765625,0.0010769090475783456,0.0001,"(16,)",12,"{'NN__alpha': 0.0001, 'NN__hidden_layer_sizes': (16,), 'pca__n_components': 12}",0.9321350645294589,0.9277818692269147,0.9153079246406657,0.9059927596587817,0.9405737477114491,0.924358273153454,0.012282849860248454,195
231,0.5156632900238037,0.13036587108999034,0.0002632617950439453,0.0005265235900878906,0.0001,"(16,)",13,"{'NN__alpha': 0.0001, 'NN__hidden_layer_sizes': (16,), 'pca__n_components': 13}",0.9405886573789006,0.9384854009210281,0.9146039748613051,0.9289604356817849,0.9472819410782178,0.9339840819842472,0.01132732023972428,103
232,0.333543062210083,0.06588280651309715,0.00035276412963867185,0.0007055282592773436,0.0001,"(16,)",14,"{'NN__alpha': 0.0001, 'NN__hidden_layer_sizes': (16,), 'pca__n_components': 14}",0.9146254285428508,0.9108147610285672,0.9213094057130697,0.924100783832092,0.9404700608715555,0.9222640879976269,0.01024869283810859,198
233,0.34252495765686036,0.12219111679584332,0.002599954605102539,0.004724444508147729,0.0001,"(16,)",16,"{'NN__alpha': 0.0001, 'NN__hidden_layer_sizes': (16,), 'pca__n_components': 16}",0.9324022989622776,0.9225987558742729,0.9309127383320451,0.9122371217701578,0.9374379075845973,0.9271177645046702,0.008839552603701954,181
234,0.3674872875213623,0.05001738798797594,0.0006028652191162109,0.0012057304382324218,0.0001,"(16, 16)",2,"{'NN__alpha': 0.0001, 'NN__hidden_layer_sizes': (16, 16), 'pca__n_components': 2}",0.8713765844363576,0.860774244389133,0.8524260677928794,0.8559872988052133,0.8619966891427564,0.860512176913268,0.006421331471723851,247
235,0.4724477767944336,0.1698602378436419,0.0,0.0,0.0001,"(16, 16)",3,"{'NN__alpha': 0.0001, 'NN__hidden_layer_sizes': (16, 16), 'pca__n_components': 3}",0.8830541560887977,0.856496010344729,0.8648064263285168,0.8655193720605896,0.8817827665849812,0.870331746281523,0.010374018242055845,231
236,0.33591604232788086,0.041304801460040834,0.0006868839263916016,0.0005634265972464709,0.0001,"(16, 16)",4,"{'NN__alpha': 0.0001, 'NN__hidden_layer_sizes': (16, 16), 'pca__n_components': 4}",0.896172856052989,0.8777697641106003,0.8800114806280315,0.8734073692107321,0.8809300139452293,0.8816582967895166,0.007708609761678315,212
237,0.49541945457458497,0.01954484679945828,0.0,0.0,0.0001,"(16, 16)",5,"{'NN__alpha': 0.0001, 'NN__hidden_layer_sizes': (16, 16), 'pca__n_components': 5}",0.9361393115867612,0.9306429301149025,0.9298255335157252,0.9283931220394104,0.9381390029611784,0.9326279800435955,0.003806020884880728,134
238,0.6008560180664062,0.12338179854074316,0.0,0.0,0.0001,"(16, 16)",6,"{'NN__alpha': 0.0001, 'NN__hidden_layer_sizes': (16, 16), 'pca__n_components': 6}",0.9344180455257985,0.9328573340722062,0.92976442090113,0.9276442003543307,0.9412485293645423,0.9331865060436015,0.0046700981314315715,125
239,0.623256778717041,0.17995120928878333,0.0051190853118896484,0.0062718943786537916,0.0001,"(16, 16)",7,"{'NN__alpha': 0.0001, 'NN__hidden_layer_sizes': (16, 16), 'pca__n_components': 7}",0.9345774570758905,0.9392296942515803,0.9354821283834033,0.9248657379534752,0.9452842374239612,0.9358878510176621,0.006675757833158259,54
240,0.5416409492492675,0.18645072537366672,0.0,0.0,0.0001,"(16, 16)",9,"{'NN__alpha': 0.0001, 'NN__hidden_layer_sizes': (16, 16), 'pca__n_components': 9}",0.9317995778273774,0.938903715396667,0.9291909069963188,0.9265900383052392,0.9465484640541499,0.9346065405159504,0.007246346436598251,86
241,0.537177848815918,0.14317265855877942,0.0030083656311035156,0.005370034729712334,0.0001,"(16, 16)",10,"{'NN__alpha': 0.0001, 'NN__hidden_layer_sizes': (16, 16), 'pca__n_components': 10}",0.9379695641797416,0.9369220678505032,0.931466689149632,0.9339320601647899,0.9396445203101363,0.9359869803309607,0.0029270584325992695,50
242,0.47969956398010255,0.036380900354517465,0.0024158477783203123,0.004831695556640625,0.0001,"(16, 16)",11,"{'NN__alpha': 0.0001, 'NN__hidden_layer_sizes': (16, 16), 'pca__n_components': 11}",0.9368189905871992,0.9338350185436074,0.931794267288571,0.9299266007812319,0.946404480909627,0.9357558716220474,0.0057946093168244955,59
243,0.5303596019744873,0.09527793869633953,0.0034685134887695312,0.006114210334893821,0.0001,"(16, 16)",12,"{'NN__alpha': 0.0001, 'NN__hidden_layer_sizes': (16, 16), 'pca__n_components': 12}",0.9388400341280937,0.9339938182921168,0.92720244825516,0.9323683052309804,0.9463032711260304,0.9357415754064762,0.006457556225632837,60
244,0.3623635768890381,0.08928924447173008,0.0003592967987060547,0.0007185935974121094,0.0001,"(16, 16)",13,"{'NN__alpha': 0.0001, 'NN__hidden_layer_sizes': (16, 16), 'pca__n_components': 13}",0.9210024693794087,0.9224333031298945,0.9319728275567436,0.9177048399145905,0.9391298079384335,0.9264486495838142,0.007919171837850255,186
245,0.38736662864685056,0.05591445466189699,0.002316713333129883,0.00244721172704172,0.0001,"(16, 16)",14,"{'NN__alpha': 0.0001, 'NN__hidden_layer_sizes': (16, 16), 'pca__n_components': 14}",0.9365029336333694,0.9290869665689622,0.9243936676931453,0.9195574762011824,0.9442756955993084,0.9307633479391935,0.008769048130472431,162
246,0.4850613117218018,0.13079597953602526,0.0008023262023925781,0.001187602841645743,0.0001,"(16, 16)",16,"{'NN__alpha': 0.0001, 'NN__hidden_layer_sizes': (16, 16), 'pca__n_components': 16}",0.9357632092399126,0.9315418034968028,0.9326630733946538,0.9315343686462486,0.9484630593919289,0.9359931028339095,0.006423957347842575,48
247,0.5206345081329345,0.08087097369293614,0.002204132080078125,0.003699096979813387,0.0001,"(32, 16, 32)",2,"{'NN__alpha': 0.0001, 'NN__hidden_layer_sizes': (32, 16, 32), 'pca__n_components': 2}",0.8805159505460154,0.8567456299073433,0.8583846910488028,0.8578834858679703,0.8645196080022596,0.8636098730744782,0.00887530219215437,242
248,0.5695188522338868,0.14757049868188446,0.0,0.0,0.0001,"(32, 16, 32)",3,"{'NN__alpha': 0.0001, 'NN__hidden_layer_sizes': (32, 16, 32), 'pca__n_components': 3}",0.8931077971066297,0.8734449705697058,0.8730219045947062,0.868706349471861,0.8812531890245564,0.8779068421534918,0.008610308327080795,222
249,0.6103611469268799,0.12854372829264352,0.004128503799438477,0.0059113858454134865,0.0001,"(32, 16, 32)",4,"{'NN__alpha': 0.0001, 'NN__hidden_layer_sizes': (32, 16, 32), 'pca__n_components': 4}",0.8961236137934607,0.8855590400668866,0.8894065128297173,0.8823191117567318,0.8969742504093148,0.8900765057712222,0.005747694239475904,202
250,0.7682735919952393,0.11301046923774474,0.001802968978881836,0.003605937957763672,0.0001,"(32, 16, 32)",5,"{'NN__alpha': 0.0001, 'NN__hidden_layer_sizes': (32, 16, 32), 'pca__n_components': 5}",0.9387174529737505,0.9366395073012309,0.9272885295418087,0.9286089220419655,0.9399086514179121,0.9342326126553335,0.005253009365208983,93
251,0.5635787963867187,0.1156333253582286,0.0006256580352783203,0.0012513160705566403,0.0001,"(32, 16, 32)",6,"{'NN__alpha': 0.0001, 'NN__hidden_layer_sizes': (32, 16, 32), 'pca__n_components': 6}",0.9348489248393448,0.9336749222208882,0.9242370315926565,0.9274654344185097,0.9448867589232344,0.9330226143989269,0.007107567167373243,127
252,0.6291017532348633,0.17664619696453548,0.0,0.0,0.0001,"(32, 16, 32)",7,"{'NN__alpha': 0.0001, 'NN__hidden_layer_sizes': (32, 16, 32), 'pca__n_components': 7}",0.9391186363256266,0.9335210532828626,0.9308904122134003,0.9329972184156142,0.9468306763438837,0.9366715993162776,0.005762707277109609,33
253,0.6079185485839844,0.13788852094072865,0.0,0.0,0.0001,"(32, 16, 32)",9,"{'NN__alpha': 0.0001, 'NN__hidden_layer_sizes': (32, 16, 32), 'pca__n_components': 9}",0.9408586579580733,0.9423312949124066,0.9302301706297746,0.9345432978886659,0.9472569023975742,0.9390440647572988,0.005991510073086095,4
254,0.6244402408599854,0.10548154076947545,0.0004306316375732422,0.0008612632751464844,0.0001,"(32, 16, 32)",10,"{'NN__alpha': 0.0001, 'NN__hidden_layer_sizes': (32, 16, 32), 'pca__n_components': 10}",0.9393698612083374,0.9375927809117133,0.9279363530339134,0.9308465712320464,0.9457148315084376,0.9362920795788897,0.006315450021835895,41
255,0.49302000999450685,0.1001427534564212,0.0,0.0,0.0001,"(32, 16, 32)",11,"{'NN__alpha': 0.0001, 'NN__hidden_layer_sizes': (32, 16, 32), 'pca__n_components': 11}",0.9371904166742799,0.9292093686932379,0.9285952611505196,0.9328457837014893,0.9474558765429535,0.9350593413524961,0.0069155175829629465,75
256,0.5716215610504151,0.1306213534611051,0.0,0.0,0.0001,"(32, 16, 32)",12,"{'NN__alpha': 0.0001, 'NN__hidden_layer_sizes': (32, 16, 32), 'pca__n_components': 12}",0.9429852292120897,0.9409161182263117,0.9270123259854486,0.9289928825812853,0.9510263871978032,0.9381865886405878,0.008996956008279365,11
257,0.5460738182067871,0.09537639410779872,0.0031248092651367187,0.006249618530273437,0.0001,"(32, 16, 32)",13,"{'NN__alpha': 0.0001, 'NN__hidden_layer_sizes': (32, 16, 32), 'pca__n_components': 13}",0.9362367822568332,0.9331554548754399,0.9336903666880224,0.9299822359399522,0.941477299563635,0.9349084278647766,0.003840274859924057,78
258,0.6045165061950684,0.11418087837646607,0.003143501281738281,0.006287002563476562,0.0001,"(32, 16, 32)",14,"{'NN__alpha': 0.0001, 'NN__hidden_layer_sizes': (32, 16, 32), 'pca__n_components': 14}",0.9413875512194567,0.9396505534727493,0.9306946359466541,0.9327667504249263,0.9501334589614355,0.9389265900050443,0.006897580101446793,5
259,0.45686912536621094,0.09556554591834313,0.003144645690917969,0.006289291381835938,0.0001,"(32, 16, 32)",16,"{'NN__alpha': 0.0001, 'NN__hidden_layer_sizes': (32, 16, 32), 'pca__n_components': 16}",0.9350900288911177,0.932672673822676,0.9273872865783913,0.9310122028750043,0.9473779774071999,0.9347080339148779,0.006812761372679961,84
