,mean_fit_time,std_fit_time,mean_score_time,std_score_time,param_NN__alpha,param_NN__hidden_layer_sizes,param_gmm__n_components,params,split0_test_score,split1_test_score,split2_test_score,split3_test_score,split4_test_score,mean_test_score,std_test_score,rank_test_score
0,0.48679533004760744,0.23155407539256173,0.0,0.0,0.1,"(32, 32)",2,"{'NN__alpha': 0.1, 'NN__hidden_layer_sizes': (32, 32), 'gmm__n_components': 2}",0.2714589106077218,0.29219505470308155,0.2748303063278517,0.28557728647014363,0.2794737191288915,0.28070705544753805,0.00744686187300079,209
1,0.5510941982269287,0.17275521644500247,0.0007032394409179687,0.0014064788818359375,0.1,"(32, 32)",3,"{'NN__alpha': 0.1, 'NN__hidden_layer_sizes': (32, 32), 'gmm__n_components': 3}",0.43472691573190675,0.4171618087037093,0.45867495333067587,0.4155026691972505,0.4042785348204067,0.4260689763567898,0.01899430163804468,188
2,0.7739384651184082,0.20957913193068894,0.009469175338745117,0.007734186189305778,0.1,"(32, 32)",4,"{'NN__alpha': 0.1, 'NN__hidden_layer_sizes': (32, 32), 'gmm__n_components': 4}",0.5317135366914066,0.5169431358862724,0.5254314028182594,0.5638126570077538,0.5226731398536587,0.5321147744514703,0.016546342721648476,167
3,0.6984641075134277,0.19962650329332277,0.0032183647155761717,0.006436729431152343,0.1,"(32, 32)",5,"{'NN__alpha': 0.1, 'NN__hidden_layer_sizes': (32, 32), 'gmm__n_components': 5}",0.6952476653640216,0.6342016304428488,0.7429156601628603,0.6975985049475714,0.6236697890094614,0.6787266499853527,0.044188358630309815,143
4,0.700844669342041,0.24305562235232778,0.007251071929931641,0.007079000151705796,0.1,"(32, 32)",6,"{'NN__alpha': 0.1, 'NN__hidden_layer_sizes': (32, 32), 'gmm__n_components': 6}",0.7870235820852135,0.787898928698691,0.7891123302276721,0.7813854383904018,0.7905231016612617,0.7871886762126481,0.0031313933553060464,129
5,0.9354233264923095,0.17813776273492127,0.003124427795410156,0.006248855590820312,0.1,"(32, 32)",7,"{'NN__alpha': 0.1, 'NN__hidden_layer_sizes': (32, 32), 'gmm__n_components': 7}",0.8744546931968371,0.8804480066252922,0.8914150445160817,0.8656421676995425,0.898779371735896,0.8821478567547298,0.011806778449267785,89
6,1.0247272968292236,0.12084949842445877,0.009602689743041992,0.007843352861000802,0.1,"(32, 32)",8,"{'NN__alpha': 0.1, 'NN__hidden_layer_sizes': (32, 32), 'gmm__n_components': 8}",0.8830224530120925,0.8979355332025477,0.8896878543220513,0.8743642482225165,0.8837411725886923,0.8857502522695799,0.0078115831871909975,49
7,1.0762743949890137,0.18615823294640418,0.0041083812713623045,0.006067888360299377,0.1,"(32, 32)",9,"{'NN__alpha': 0.1, 'NN__hidden_layer_sizes': (32, 32), 'gmm__n_components': 9}",0.8928607795590615,0.8342232629478344,0.8935207392621005,0.8957944025463215,0.9007224143292304,0.8834243197289096,0.02475468228680032,75
8,1.2801756381988525,0.3545605111082913,0.003830432891845703,0.007413413167729117,0.1,"(32, 32)",10,"{'NN__alpha': 0.1, 'NN__hidden_layer_sizes': (32, 32), 'gmm__n_components': 10}",0.8920672021765157,0.8642512682080143,0.8888187856760197,0.8805590219247281,0.8783031001761838,0.8807998756322923,0.009709828748367228,97
9,2.078216552734375,0.3974544882147,0.009378480911254882,0.007657498994398852,0.1,"(32, 32)",15,"{'NN__alpha': 0.1, 'NN__hidden_layer_sizes': (32, 32), 'gmm__n_components': 15}",0.8797363376320495,0.8848561636019725,0.9262701652034799,0.8736803870981781,0.9105480442968986,0.8950182195665157,0.02004976784695771,23
10,2.2689856052398683,0.12639195095405828,0.0099761962890625,0.006981188357919862,0.1,"(32, 32)",20,"{'NN__alpha': 0.1, 'NN__hidden_layer_sizes': (32, 32), 'gmm__n_components': 20}",0.9180546026722083,0.9031963000046415,0.9121443510000345,0.9085755242252265,0.9043575346309051,0.9092656625066031,0.00542098677269455,5
11,0.3573478698730469,0.05377851523560463,0.0031253337860107423,0.0062506675720214845,0.1,"(32,)",2,"{'NN__alpha': 0.1, 'NN__hidden_layer_sizes': (32,), 'gmm__n_components': 2}",0.27185329694996185,0.26601513123460035,0.2756536904365384,0.29035852713178295,0.24532268497785742,0.2698406661461482,0.014660086435673507,217
12,0.6574309825897217,0.2748389654155263,0.003124904632568359,0.0062498092651367175,0.1,"(32,)",3,"{'NN__alpha': 0.1, 'NN__hidden_layer_sizes': (32,), 'gmm__n_components': 3}",0.4327252991750342,0.41685562566831824,0.38122239049318096,0.4159131782284492,0.404708137294917,0.41028492617198,0.017053757403336863,197
13,0.6362868785858155,0.23681923622646486,0.0,0.0,0.1,"(32,)",4,"{'NN__alpha': 0.1, 'NN__hidden_layer_sizes': (32,), 'gmm__n_components': 4}",0.5133069128518626,0.5206015115711567,0.5219325190143523,0.5591156699531084,0.5178329519741767,0.5265579130729313,0.01654445209216516,169
14,0.6166618824005127,0.3560088490443651,0.0031264781951904296,0.006252956390380859,0.1,"(32,)",5,"{'NN__alpha': 0.1, 'NN__hidden_layer_sizes': (32,), 'gmm__n_components': 5}",0.6866271850454281,0.636846770303993,0.7405847546342804,0.6961333218414499,0.6239370972158232,0.676825825808195,0.042260121964203805,152
15,0.6271749973297119,0.1150251199910616,0.0031247615814208986,0.006249523162841797,0.1,"(32,)",6,"{'NN__alpha': 0.1, 'NN__hidden_layer_sizes': (32,), 'gmm__n_components': 6}",0.7884736266619429,0.7872314509444717,0.7865820476606246,0.7746036932265393,0.7938856919080886,0.7861553020803334,0.006323186396649918,132
16,0.8468744277954101,0.1635242707521965,0.003127288818359375,0.006254577636718749,0.1,"(32,)",7,"{'NN__alpha': 0.1, 'NN__hidden_layer_sizes': (32,), 'gmm__n_components': 7}",0.874659364560538,0.880929171713806,0.8913095354971294,0.868964426835755,0.898779371735896,0.8829283740686249,0.01085230984225204,79
17,0.8059998035430909,0.13912307163172988,0.006251239776611328,0.007656175105048054,0.1,"(32,)",8,"{'NN__alpha': 0.1, 'NN__hidden_layer_sizes': (32,), 'gmm__n_components': 8}",0.8820095344478569,0.8962887649851743,0.8885552154446223,0.865211325391051,0.8820020023594317,0.8828133685256272,0.010253696919402904,82
18,0.8778038024902344,0.18121942741029112,0.0032843589782714845,0.006568717956542969,0.1,"(32,)",9,"{'NN__alpha': 0.1, 'NN__hidden_layer_sizes': (32,), 'gmm__n_components': 9}",0.8943771565534051,0.8300021705817108,0.8891279058707081,0.8924912368534205,0.8969384588865883,0.8805873857491665,0.025420548853930146,98
19,1.0821553230285645,0.1788622996779872,0.00010700225830078125,0.0002140045166015625,0.1,"(32,)",10,"{'NN__alpha': 0.1, 'NN__hidden_layer_sizes': (32,), 'gmm__n_components': 10}",0.8857872913081802,0.8598475410569847,0.8893240597286433,0.8767307865407592,0.8759450599272053,0.8775269477123546,0.01022841913012816,116
20,1.8382882118225097,0.2233420945386039,0.0037396907806396484,0.004610550958630549,0.1,"(32,)",15,"{'NN__alpha': 0.1, 'NN__hidden_layer_sizes': (32,), 'gmm__n_components': 15}",0.8746605856557872,0.8686009573054654,0.9270171086312808,0.8800145246024178,0.8965530276856031,0.8893692407761108,0.020995931019401816,39
21,2.1922200202941893,0.30492639724506126,0.0,0.0,0.1,"(32,)",20,"{'NN__alpha': 0.1, 'NN__hidden_layer_sizes': (32,), 'gmm__n_components': 20}",0.9169514587119214,0.9048368922907883,0.9121903448947362,0.9064788182492101,0.9032410527656262,0.9087397133824565,0.0050974218394344096,7
22,0.42540926933288575,0.10469561540974007,0.001806783676147461,0.003613567352294922,0.1,"(16,)",2,"{'NN__alpha': 0.1, 'NN__hidden_layer_sizes': (16,), 'gmm__n_components': 2}",0.27267668105864856,0.2849101009851241,0.2760653824908818,0.28482142857142856,0.28153514976175076,0.28000174857356674,0.0048749184591493685,213
23,0.4167591094970703,0.11038056448208859,0.0,0.0,0.1,"(16,)",3,"{'NN__alpha': 0.1, 'NN__hidden_layer_sizes': (16,), 'gmm__n_components': 3}",0.4285695397585494,0.41609976776960317,0.38883542610127625,0.4192881602715204,0.41077026421854007,0.4127126316238979,0.01326684241681444,196
24,0.5477526187896729,0.2263793213763396,0.0031493663787841796,0.006298732757568359,0.1,"(16,)",4,"{'NN__alpha': 0.1, 'NN__hidden_layer_sizes': (16,), 'gmm__n_components': 4}",0.5127081427095191,0.523388190954074,0.5197351126742948,0.41707954515836293,0.5092313629946806,0.49642847089818626,0.03998804779619747,179
25,0.6847808361053467,0.13663139984867292,0.006251239776611328,0.007656174641758043,0.1,"(16,)",5,"{'NN__alpha': 0.1, 'NN__hidden_layer_sizes': (16,), 'gmm__n_components': 5}",0.6902835175427309,0.6337980611439308,0.72124350273447,0.6961333218414499,0.6197752039099845,0.6722467214345133,0.038802422347254076,159
26,0.5831828117370605,0.17201689621022254,0.003127431869506836,0.006254863739013673,0.1,"(16,)",6,"{'NN__alpha': 0.1, 'NN__hidden_layer_sizes': (16,), 'gmm__n_components': 6}",0.6421326173750802,0.6435725986126909,0.6424780252299107,0.6388095588003939,0.6498965392982462,0.6433778678632643,0.003626590977186381,160
27,0.7621331691741944,0.17793446737842306,0.0031269073486328127,0.006253814697265625,0.1,"(16,)",7,"{'NN__alpha': 0.1, 'NN__hidden_layer_sizes': (16,), 'gmm__n_components': 7}",0.8751461451027805,0.8798721493372498,0.88983580250868,0.8706064629605499,0.7507004039131144,0.853232192764475,0.05166113786880253,120
28,0.8635237216949463,0.153179830287773,0.0008031845092773438,0.0016063690185546876,0.1,"(16,)",8,"{'NN__alpha': 0.1, 'NN__hidden_layer_sizes': (16,), 'gmm__n_components': 8}",0.8813260302649704,0.8945799197026147,0.8905807114649085,0.8675860758469104,0.8826989130403039,0.8833543300639416,0.009288873596840783,76
29,0.8266730785369873,0.18552699504283904,0.006331157684326172,0.006390442464776565,0.1,"(16,)",9,"{'NN__alpha': 0.1, 'NN__hidden_layer_sizes': (16,), 'gmm__n_components': 9}",0.8849251020391474,0.8364706735399782,0.8893386699201296,0.8922048352037469,0.89251941501816,0.8790917391442324,0.021484127694059423,110
30,1.03045973777771,0.18836566214242978,0.00805807113647461,0.007009399492722756,0.1,"(16,)",10,"{'NN__alpha': 0.1, 'NN__hidden_layer_sizes': (16,), 'gmm__n_components': 10}",0.8850958394022368,0.8598475410569847,0.8869869337931475,0.8802726202750546,0.8783031001761838,0.8781012069407215,0.009652286153132331,115
31,1.8111019134521484,0.2819656990324454,0.007007312774658203,0.008889564375250491,0.1,"(16,)",15,"{'NN__alpha': 0.1, 'NN__hidden_layer_sizes': (16,), 'gmm__n_components': 15}",0.8676154195809715,0.8605282246345795,0.9264723132461595,0.8679329096789826,0.9132874688436609,0.8871672671968709,0.027162567706174385,40
32,2.133524990081787,0.21360096963970424,0.0012452125549316407,0.0024904251098632813,0.1,"(16,)",20,"{'NN__alpha': 0.1, 'NN__hidden_layer_sizes': (16,), 'gmm__n_components': 20}",0.9169514587119214,0.9044492028445332,0.9064652728657127,0.9085755242252265,0.9020899495696152,0.9077062816434017,0.00509746471779301,14
33,0.6112542152404785,0.1974012470967122,0.0021030426025390623,0.004206085205078125,0.1,"(16, 16)",2,"{'NN__alpha': 0.1, 'NN__hidden_layer_sizes': (16, 16), 'gmm__n_components': 2}",0.27267668105864856,0.2888225787601119,0.27360557418628756,0.28708900226757367,0.27871786123017644,0.2801823395005596,0.006694612345604998,212
34,0.5064122676849365,0.055693280404297926,0.0063496589660644535,0.007778093299713114,0.1,"(16, 16)",3,"{'NN__alpha': 0.1, 'NN__hidden_layer_sizes': (16, 16), 'gmm__n_components': 3}",0.4503562585724325,0.4164439336139749,0.45445264022921833,0.4159131782284492,0.4042785348204067,0.4282889090928964,0.020206281059394583,183
35,0.802699613571167,0.2716855694928163,0.0063593387603759766,0.0077905094625928826,0.1,"(16, 16)",4,"{'NN__alpha': 0.1, 'NN__hidden_layer_sizes': (16, 16), 'gmm__n_components': 4}",0.5235648412111747,0.5168741356500598,0.5219325190143523,0.4211982323163444,0.5225203995395312,0.5012180255462926,0.04007628385938813,176
36,0.889681625366211,0.1581516556705592,0.0,0.0,0.1,"(16, 16)",5,"{'NN__alpha': 0.1, 'NN__hidden_layer_sizes': (16, 16), 'gmm__n_components': 5}",0.6915913328667187,0.6307407619124467,0.7416751371200117,0.6963478844106638,0.6269548159312165,0.6774619864482114,0.0433900711845828,146
37,0.6850197792053223,0.15408012616501313,0.0036341667175292967,0.0060239736007839904,0.1,"(16, 16)",6,"{'NN__alpha': 0.1, 'NN__hidden_layer_sizes': (16, 16), 'gmm__n_components': 6}",0.7841813633292092,0.6501865387440755,0.7885586203716367,0.638650377893132,0.7923088159469762,0.7307771432570058,0.07065273242453458,136
38,0.9260940551757812,0.11399943500462728,0.0031264305114746095,0.006252861022949219,0.1,"(16, 16)",7,"{'NN__alpha': 0.1, 'NN__hidden_layer_sizes': (16, 16), 'gmm__n_components': 7}",0.8761094091372674,0.8803311635132688,0.8930618127334552,0.8722484990853445,0.8969936574501816,0.8837489083839035,0.00963800713868855,71
39,0.9699622631072998,0.28248779990532885,0.009503793716430665,0.00776299248177094,0.1,"(16, 16)",8,"{'NN__alpha': 0.1, 'NN__hidden_layer_sizes': (16, 16), 'gmm__n_components': 8}",0.8844360557595544,0.8941007014382996,0.8885582871779736,0.8661540675985427,0.8784186365975517,0.8823335497143845,0.009578475182443346,87
40,1.1764616012573241,0.2951855005915498,0.009754133224487305,0.008134697326994038,0.1,"(16, 16)",9,"{'NN__alpha': 0.1, 'NN__hidden_layer_sizes': (16, 16), 'gmm__n_components': 9}",0.8995714617229856,0.8311659637163503,0.8923911721180228,0.8948829292962355,0.8960701917843596,0.8828163437275908,0.025928517306813805,80
41,1.0797525882720946,0.11588384914522383,0.0017030715942382812,0.0034061431884765624,0.1,"(16, 16)",10,"{'NN__alpha': 0.1, 'NN__hidden_layer_sizes': (16, 16), 'gmm__n_components': 10}",0.8872349865579682,0.8598475410569847,0.8900838135407226,0.8888933099302273,0.8701789664007812,0.8792477234973367,0.01210672532320551,108
42,2.028211307525635,0.32361709421604373,0.006251811981201172,0.007656875909570553,0.1,"(16, 16)",15,"{'NN__alpha': 0.1, 'NN__hidden_layer_sizes': (16, 16), 'gmm__n_components': 15}",0.8816658788776153,0.8755590670252029,0.9273647745312721,0.8738697809970545,0.9132597905832239,0.8943438584028737,0.02182191920879231,25
43,2.229168748855591,0.10908350175361839,0.005924129486083984,0.007308230012727019,0.1,"(16, 16)",20,"{'NN__alpha': 0.1, 'NN__hidden_layer_sizes': (16, 16), 'gmm__n_components': 20}",0.9141671756274133,0.8691722522840051,0.9118710468336674,0.9067898099395121,0.9015889853507278,0.900717854007065,0.016358670294424033,20
44,0.8031648635864258,0.19186324045497616,0.0032381057739257813,0.006476211547851563,0.1,"(32, 16, 32)",2,"{'NN__alpha': 0.1, 'NN__hidden_layer_sizes': (32, 16, 32), 'gmm__n_components': 2}",0.2724760070422098,0.2893762886161474,0.27812700962455505,0.2888995456063562,0.27816771693003217,0.2814093135638601,0.006643217606407083,202
45,0.7939754962921143,0.18846771670247306,0.006847476959228516,0.008438762658497795,0.1,"(32, 16, 32)",3,"{'NN__alpha': 0.1, 'NN__hidden_layer_sizes': (32, 16, 32), 'gmm__n_components': 3}",0.435972288944935,0.41907046509245993,0.46608541030885614,0.4159783383921315,0.40468904385160537,0.4283591093179976,0.021359160516909594,182
46,1.0601218223571778,0.1966692331924404,0.0,0.0,0.1,"(32, 16, 32)",4,"{'NN__alpha': 0.1, 'NN__hidden_layer_sizes': (32, 16, 32), 'gmm__n_components': 4}",0.5232179405947324,0.5195084532098189,0.5293221704459581,0.5621515274396475,0.5214043805456052,0.5311208944471524,0.01586096910929695,168
47,0.9731754302978516,0.31967274098298853,0.0,0.0,0.1,"(32, 16, 32)",5,"{'NN__alpha': 0.1, 'NN__hidden_layer_sizes': (32, 16, 32), 'gmm__n_components': 5}",0.693041377443448,0.6333044962367869,0.745379669022218,0.6983481612655917,0.6211499318284174,0.6782447271592924,0.045628125867010906,144
48,0.9391716480255127,0.26515936677189667,0.008393192291259765,0.0071939385294072945,0.1,"(32, 16, 32)",6,"{'NN__alpha': 0.1, 'NN__hidden_layer_sizes': (32, 16, 32), 'gmm__n_components': 6}",0.7908912110249429,0.7900741876067419,0.7885586203716367,0.7870471216683639,0.785561905296411,0.7884266091936193,0.0019450304890406293,122
49,1.0876986503601074,0.2227170693978978,0.009495925903320313,0.0077566010425346435,0.1,"(32, 16, 32)",7,"{'NN__alpha': 0.1, 'NN__hidden_layer_sizes': (32, 16, 32), 'gmm__n_components': 7}",0.8792166998597809,0.8788923860761382,0.8928364333448177,0.8733559187974155,0.898779371735896,0.8846161619628097,0.009559061148637965,63
50,1.3760606288909911,0.20900701306681976,0.0,0.0,0.1,"(32, 16, 32)",8,"{'NN__alpha': 0.1, 'NN__hidden_layer_sizes': (32, 16, 32), 'gmm__n_components': 8}",0.8843388198396486,0.8966259654477972,0.8922274796822818,0.8712233767977637,0.886490628425558,0.8861812540386097,0.008635707368784879,43
51,1.198893404006958,0.23594946514060103,0.0015034675598144531,0.0030069351196289062,0.1,"(32, 16, 32)",9,"{'NN__alpha': 0.1, 'NN__hidden_layer_sizes': (32, 16, 32), 'gmm__n_components': 9}",0.8992241756614139,0.8391523167019009,0.8936596853304413,0.8957416569091732,0.9011575134010578,0.8857870696007974,0.02346349686960178,48
52,1.3903746128082275,0.17427968746774491,0.0032387733459472655,0.006477546691894531,0.1,"(32, 16, 32)",10,"{'NN__alpha': 0.1, 'NN__hidden_layer_sizes': (32, 16, 32), 'gmm__n_components': 10}",0.8865594300981383,0.8660400542270797,0.8944553089722173,0.8864302557430351,0.8743945600159337,0.881575921811281,0.010071878327670099,92
53,2.066442680358887,0.21377425810515205,0.010583114624023438,0.005960770304272666,0.1,"(32, 16, 32)",15,"{'NN__alpha': 0.1, 'NN__hidden_layer_sizes': (32, 16, 32), 'gmm__n_components': 15}",0.8794892031408669,0.8819482723957099,0.9214597645556571,0.8753270664417501,0.9103520978349139,0.8937152808737796,0.018576922562988697,26
54,2.543721389770508,0.1484096396068571,0.00455322265625,0.006190289272721625,0.1,"(32, 16, 32)",20,"{'NN__alpha': 0.1, 'NN__hidden_layer_sizes': (32, 16, 32), 'gmm__n_components': 20}",0.9170284736246631,0.9053987249022489,0.9113868100118024,0.9091292340812619,0.9028832893715755,0.9091653063983104,0.004907476998154205,6
55,0.7542123794555664,0.4255037154419404,0.0,0.0,0.01,"(32, 32)",2,"{'NN__alpha': 0.01, 'NN__hidden_layer_sizes': (32, 32), 'gmm__n_components': 2}",0.2714589106077218,0.2964764036946399,0.2748303063278517,0.28784486016628874,0.27590057269860224,0.2813022106990209,0.009391657905655711,203
56,0.6796154499053955,0.16656528564151496,0.002904844284057617,0.003561217811307137,0.01,"(32, 32)",3,"{'NN__alpha': 0.01, 'NN__hidden_layer_sizes': (32, 32), 'gmm__n_components': 3}",0.43107019778947464,0.4171618087037093,0.4623801818197661,0.41474681129853547,0.4042785348204067,0.4259275068863785,0.020128428599843068,189
57,1.029353380203247,0.29665341735951567,0.00793304443359375,0.006972135904013963,0.01,"(32, 32)",4,"{'NN__alpha': 0.01, 'NN__hidden_layer_sizes': (32, 32), 'gmm__n_components': 4}",0.5328166806516934,0.5169431358862724,0.5304206756871147,0.5638126570077538,0.5246020549642098,0.5337190408394089,0.016011680855670122,164
58,0.965184211730957,0.2936527057044628,0.003124856948852539,0.006249713897705078,0.01,"(32, 32)",5,"{'NN__alpha': 0.01, 'NN__hidden_layer_sizes': (32, 32), 'gmm__n_components': 5}",0.6957992373441649,0.6334837553531145,0.7423704689199946,0.6960805762043017,0.6372053696410724,0.6809878814925296,0.04095982929507728,141
59,0.6779608249664306,0.1402645862366536,0.004947137832641601,0.006419419087451487,0.01,"(32, 32)",6,"{'NN__alpha': 0.01, 'NN__hidden_layer_sizes': (32, 32), 'gmm__n_components': 6}",0.7870235820852135,0.7875927456633001,0.7885586203716367,0.7810990367407281,0.791415958804119,0.7871379887329994,0.0033766271957017557,130
60,0.879489803314209,0.21888993550713037,0.006408071517944336,0.007852255397075316,0.01,"(32, 32)",7,"{'NN__alpha': 0.01, 'NN__hidden_layer_sizes': (32, 32), 'gmm__n_components': 7}",0.8735562206002514,0.8819585997785366,0.8914150445160817,0.87280220894138,0.8983688627046972,0.8836201873081894,0.009993559724191586,73
61,0.9744204521179199,0.07972569882143068,0.0033353328704833984,0.006157979373541679,0.01,"(32, 32)",8,"{'NN__alpha': 0.01, 'NN__hidden_layer_sizes': (32, 32), 'gmm__n_components': 8}",0.883880208027627,0.8979355332025477,0.8909229304850813,0.8656194511858188,0.886223320219196,0.8849162886240542,0.010777107270060454,58
62,1.0386555671691895,0.1524223092267078,0.0062506675720214845,0.007655473342674866,0.01,"(32, 32)",9,"{'NN__alpha': 0.01, 'NN__hidden_layer_sizes': (32, 32), 'gmm__n_components': 9}",0.8934123515392051,0.8373635306828354,0.8947558154251306,0.8957225634658617,0.9021297134156653,0.8846767949057396,0.023845565387933323,62
63,1.2147111415863037,0.2731998514872469,0.004330825805664062,0.0058386015535849675,0.01,"(32, 32)",10,"{'NN__alpha': 0.01, 'NN__hidden_layer_sizes': (32, 32), 'gmm__n_components': 10}",0.8922229775484293,0.8653501693069154,0.8888187856760197,0.8813800399871256,0.8783031001761838,0.8812150145389348,0.009372218286126685,95
64,2.0743107318878176,0.3873127447397668,0.004430246353149414,0.006144438777345524,0.01,"(32, 32)",15,"{'NN__alpha': 0.01, 'NN__hidden_layer_sizes': (32, 32), 'gmm__n_components': 15}",0.8818635397174617,0.8878894075709789,0.9262701652034799,0.8689503515394478,0.8913732151832163,0.891269335842917,0.01909501936663154,34
65,2.2895549297332765,0.10723126658368907,0.0031271934509277343,0.006254386901855469,0.01,"(32, 32)",20,"{'NN__alpha': 0.01, 'NN__hidden_layer_sizes': (32, 32), 'gmm__n_components': 20}",0.9172312185635215,0.9037500098606768,0.9137212685138849,0.9102366537933327,0.9054649543429758,0.9100808210148783,0.00501578950823198,1
66,0.34497623443603515,0.058364861032035184,0.006460905075073242,0.007919775880538145,0.01,"(32,)",2,"{'NN__alpha': 0.01, 'NN__hidden_layer_sizes': (32,), 'gmm__n_components': 2}",0.27185329694996185,0.26457938105513157,0.2756536904365384,0.29035852713178295,0.24532268497785742,0.2695535161102544,0.014746015049775348,218
67,0.5558397769927979,0.22095339222030014,0.0,0.0,0.01,"(32,)",3,"{'NN__alpha': 0.01, 'NN__hidden_layer_sizes': (32,), 'gmm__n_components': 3}",0.4323783985585918,0.41685562566831824,0.3789564125026728,0.4166690361271642,0.404708137294917,0.4099135220303328,0.017798534274564164,199
68,0.6275130271911621,0.28014805755644345,0.0,0.0,0.01,"(32,)",4,"{'NN__alpha': 0.01, 'NN__hidden_layer_sizes': (32,), 'gmm__n_components': 4}",0.5113761090311049,0.5206015115711567,0.5221296484994821,0.5587051609219097,0.519618666259891,0.5264862192567088,0.016535709301549413,170
69,0.5912058830261231,0.3334642594454718,0.003124856948852539,0.006249713897705078,0.01,"(32,)",5,"{'NN__alpha': 0.01, 'NN__hidden_layer_sizes': (32,), 'gmm__n_components': 5}",0.6866271850454281,0.6364350782496496,0.7405847546342804,0.6961333218414499,0.6250445169278942,0.6769649713397404,0.0420634441797668,150
70,0.6506927967071533,0.16289998497842603,0.006129312515258789,0.007509401072177359,0.01,"(32,)",6,"{'NN__alpha': 0.01, 'NN__hidden_layer_sizes': (32,), 'gmm__n_components': 6}",0.7884736266619429,0.7872314509444717,0.7861703556062813,0.7831711526761159,0.793064673845691,0.7876222519469006,0.0032378328602826216,125
71,0.7947121143341065,0.12112507492472169,0.0065860748291015625,0.008083864454483093,0.01,"(32,)",7,"{'NN__alpha': 0.01, 'NN__hidden_layer_sizes': (32,), 'gmm__n_components': 7}",0.8741077925803947,0.8800363145709487,0.88983580250868,0.8697854448981523,0.8996003897982935,0.8826731488712939,0.010809682971731426,83
72,0.7878973484039307,0.1141800699530986,0.0033210277557373046,0.006642055511474609,0.01,"(32,)",8,"{'NN__alpha': 0.01, 'NN__hidden_layer_sizes': (32,), 'gmm__n_components': 8}",0.8825611064280002,0.897112149093861,0.8876623583017651,0.8696274073933398,0.8835788783205442,0.884108379907502,0.008878082761338425,68
73,0.901849889755249,0.19652741142180297,0.006249570846557617,0.007654129852002962,0.01,"(32,)",9,"{'NN__alpha': 0.01, 'NN__hidden_layer_sizes': (32,), 'gmm__n_components': 9}",0.8936212986546902,0.8302496974023552,0.8887162138163647,0.8922048352037469,0.8967515745778114,0.8803087239309937,0.025162279188296235,103
74,1.0333359718322754,0.15195218606353614,0.007433795928955078,0.0072937299712736775,0.01,"(32,)",10,"{'NN__alpha': 0.01, 'NN__hidden_layer_sizes': (32,), 'gmm__n_components': 10}",0.8850694162184458,0.8598475410569847,0.8889849124418214,0.8806067555330072,0.8770524796392762,0.878312220977907,0.010073353684345525,114
75,1.8648104190826416,0.16443926107323265,0.0009460926055908203,0.0018921852111816405,0.01,"(32,)",15,"{'NN__alpha': 0.01, 'NN__hidden_layer_sizes': (32,), 'gmm__n_components': 15}",0.871349998240343,0.8755590670252029,0.9264633987752454,0.8796959027671561,0.9020901262459574,0.8910316986107809,0.020654133355674897,35
76,2.081660032272339,0.23773341016732064,0.007991790771484375,0.007040318671774042,0.01,"(32,)",20,"{'NN__alpha': 0.01, 'NN__hidden_layer_sizes': (32,), 'gmm__n_components': 20}",0.9169514587119214,0.9067603001425619,0.9065285699686565,0.9060928992586399,0.9022858960315999,0.907723824822676,0.004893612753404933,13
77,0.42566332817077634,0.06923264727125555,0.0031267642974853516,0.006253528594970703,0.01,"(16,)",2,"{'NN__alpha': 0.01, 'NN__hidden_layer_sizes': (16,), 'gmm__n_components': 2}",0.27267668105864856,0.2849101009851241,0.27647707454522513,0.28482142857142856,0.27943936195167723,0.2796649294224207,0.004757104640253192,214
78,0.41475820541381836,0.12887667532327454,0.006249237060546875,0.007653721041500415,0.01,"(16,)",3,"{'NN__alpha': 0.01, 'NN__hidden_layer_sizes': (16,), 'gmm__n_components': 3}",0.43140483747410685,0.41609976776960317,0.38883542610127625,0.4192881602715204,0.41077026421854007,0.4132796911670094,0.013974224700437405,195
79,0.5398238182067872,0.20540750817366366,0.0030050754547119142,0.0036939639622170528,0.01,"(16,)",4,"{'NN__alpha': 0.01, 'NN__hidden_layer_sizes': (16,), 'gmm__n_components': 4}",0.5132597146896626,0.5231185167014226,0.5197351126742948,0.41707954515836293,0.5103387827067516,0.4967063343860989,0.04007046696386941,177
80,0.7008977890014648,0.16479679176016976,0.0,0.0,0.01,"(16,)",5,"{'NN__alpha': 0.01, 'NN__hidden_layer_sizes': (16,), 'gmm__n_components': 5}",0.6902835175427309,0.6337980611439308,0.7195823731663636,0.6961333218414499,0.6216322799400757,0.6722859107269101,0.03788581028475007,158
81,0.5617543220520019,0.10244158784855215,0.0,0.0,0.01,"(16,)",6,"{'NN__alpha': 0.01, 'NN__hidden_layer_sizes': (16,), 'gmm__n_components': 6}",0.6442862426442835,0.6435725986126909,0.6424780252299107,0.6385231571507205,0.79347518287689,0.6724670413028991,0.06053683988278322,157
82,0.7509634494781494,0.17463927178436345,0.003124570846557617,0.006249141693115234,0.01,"(16,)",7,"{'NN__alpha': 0.01, 'NN__hidden_layer_sizes': (16,), 'gmm__n_components': 7}",0.8736961005260514,0.8798721493372498,0.88983580250868,0.8729454097662167,0.7514219046346152,0.8535542733545626,0.05142316611701376,118
83,0.8302525997161865,0.14573211784767862,0.0,0.0,0.01,"(16,)",8,"{'NN__alpha': 0.01, 'NN__hidden_layer_sizes': (16,), 'gmm__n_components': 8}",0.8813260302649704,0.8941682276482712,0.8905807114649085,0.865436396586451,0.8844127882455584,0.8831848308420319,0.009952929147602589,78
84,0.8060391902923584,0.15942745725291613,0.004646778106689453,0.007449183905342442,0.01,"(16,)",9,"{'NN__alpha': 0.01, 'NN__hidden_layer_sizes': (16,), 'gmm__n_components': 9}",0.8853367940934906,0.8368823655943216,0.8906388948816971,0.8922048352037469,0.8944085848801705,0.8798942949306854,0.021713163311839954,105
85,1.0261710643768311,0.13318137269233227,0.00044388771057128905,0.0008877754211425781,0.01,"(16,)",10,"{'NN__alpha': 0.01, 'NN__hidden_layer_sizes': (16,), 'gmm__n_components': 10}",0.8850958394022368,0.8598475410569847,0.8877048088828817,0.8883396000741917,0.8799642297442902,0.8801904038321171,0.010590771467624696,104
86,1.871000337600708,0.24138185434771287,0.006655406951904297,0.008175683170577444,0.01,"(16,)",15,"{'NN__alpha': 0.01, 'NN__hidden_layer_sizes': (16,), 'gmm__n_components': 15}",0.8681712673128991,0.8689230673659475,0.9271591264329728,0.875810972915326,0.9123860268836783,0.8904900921821648,0.024506297454973663,37
87,2.088326168060303,0.241914155507387,0.008874034881591797,0.007302841525766477,0.01,"(16,)",20,"{'NN__alpha': 0.01, 'NN__hidden_layer_sizes': (16,), 'gmm__n_components': 20}",0.9176429106178647,0.9044871856535139,0.9053663717668115,0.9096829439372973,0.9027682441432584,0.9079895312237491,0.005337876153526035,12
88,0.6454219818115234,0.23527561496753202,0.0,0.0,0.01,"(16, 16)",2,"{'NN__alpha': 0.01, 'NN__hidden_layer_sizes': (16, 16), 'gmm__n_components': 2}",0.27267668105864856,0.2893762886161474,0.27360557418628756,0.287994273936965,0.27943936195167723,0.2806184359499452,0.006996354560721831,211
89,0.5993387699127197,0.18355401561363274,0.010376787185668946,0.006618023715090297,0.01,"(16, 16)",3,"{'NN__alpha': 0.01, 'NN__hidden_layer_sizes': (16, 16), 'gmm__n_components': 3}",0.4334815425188786,0.41603224155963153,0.45445264022921833,0.4159131782284492,0.4042785348204067,0.42483162747131686,0.017502131150068934,192
90,0.7464124679565429,0.25235159921131867,0.0062273979187011715,0.007428178140444179,0.01,"(16, 16)",4,"{'NN__alpha': 0.01, 'NN__hidden_layer_sizes': (16, 16), 'gmm__n_components': 4}",0.5235648412111747,0.5258296205786681,0.5210947735549327,0.4230271527499159,0.5179229298257824,0.5022878635840947,0.039717350214502685,175
91,0.8695018291473389,0.2522986288927667,0.006249618530273437,0.007654188315885407,0.01,"(16, 16)",5,"{'NN__alpha': 0.01, 'NN__hidden_layer_sizes': (16, 16), 'gmm__n_components': 5}",0.6935929494235913,0.631458637002181,0.7456667763589534,0.6972407415535209,0.6207394227972186,0.677739705427093,0.04612303596910268,145
92,0.7219110012054444,0.21396608337033624,0.0031244754791259766,0.006248950958251953,0.01,"(16, 16)",6,"{'NN__alpha': 0.01, 'NN__hidden_layer_sizes': (16, 16), 'gmm__n_components': 6}",0.7845930553835524,0.6476174471865607,0.7892764954613712,0.7824742419952436,0.7935403430405722,0.75950031661346,0.05607239513980076,135
93,0.9146336078643799,0.1264499936513341,0.004851245880126953,0.007955940486734328,0.01,"(16, 16)",7,"{'NN__alpha': 0.01, 'NN__hidden_layer_sizes': (16, 16), 'gmm__n_components': 7}",0.8752109365406816,0.8843762773030378,0.8930618127334552,0.8733559187974154,0.9008696264424297,0.8853749143634039,0.010468376039651861,55
94,0.878220796585083,0.14308004196596488,0.009729576110839844,0.0058677785283475295,0.01,"(16, 16)",8,"{'NN__alpha': 0.01, 'NN__hidden_layer_sizes': (16, 16), 'gmm__n_components': 8}",0.8855434754716253,0.8933448435395844,0.8885582871779736,0.8491721166608122,0.8788291456287505,0.8790895736957491,0.01568211822221129,111
95,1.3461554050445557,0.2751204634808953,0.0022832393646240235,0.004566478729248046,0.01,"(16, 16)",9,"{'NN__alpha': 0.01, 'NN__hidden_layer_sizes': (16, 16), 'gmm__n_components': 9}",0.9012155705099516,0.8349324860749084,0.8935207392621005,0.894276473803052,0.9007997500070073,0.884949003931404,0.02521101242982013,57
96,1.2325465202331543,0.24095531759142555,0.007550287246704102,0.007286461232421991,0.01,"(16, 16)",10,"{'NN__alpha': 0.01, 'NN__hidden_layer_sizes': (16, 16), 'gmm__n_components': 10}",0.8872349865579682,0.8633254468137266,0.890495505595066,0.8872512738054324,0.8692861092579239,0.8795186644060233,0.01101591030297771,106
97,2.0324009895324706,0.30106743288102067,0.005394077301025391,0.005727879510123886,0.01,"(16, 16)",15,"{'NN__alpha': 0.01, 'NN__hidden_layer_sizes': (16, 16), 'gmm__n_components': 15}",0.8799460930947625,0.8749968385559979,0.9257855325238704,0.8869158848970481,0.9132597905832242,0.8961808279309805,0.019830767457527772,22
98,2.2072943210601808,0.1332601782861025,0.012518739700317383,0.006273518446764147,0.01,"(16, 16)",20,"{'NN__alpha': 0.01, 'NN__hidden_layer_sizes': (16, 16), 'gmm__n_components': 20}",0.9152703195877002,0.8877027765877925,0.9122827388880107,0.9078196663265113,0.8993741459265862,0.9044899294633201,0.009960035947751656,18
99,0.8142889976501465,0.18805256008439647,0.007470226287841797,0.007340229399824589,0.01,"(32, 16, 32)",2,"{'NN__alpha': 0.01, 'NN__hidden_layer_sizes': (32, 16, 32), 'gmm__n_components': 2}",0.2724760070422098,0.2888225787601119,0.27812700962455505,0.2872384160382499,0.27744621620853144,0.2808220455347316,0.006220838256123745,208
100,0.791328239440918,0.19054427905241422,0.0,0.0,0.01,"(32, 16, 32)",3,"{'NN__alpha': 0.01, 'NN__hidden_layer_sizes': (32, 16, 32), 'gmm__n_components': 3}",0.4354207169647916,0.41907046509245993,0.46773217852622967,0.4159783383921315,0.40468904385160537,0.4285781485654436,0.0219075301662445,181
101,1.0326037406921387,0.1873888970375709,0.0016128063201904298,0.002735948889644066,0.01,"(32, 16, 32)",4,"{'NN__alpha': 0.01, 'NN__hidden_layer_sizes': (32, 16, 32), 'gmm__n_components': 4}",0.5241164131913182,0.5195084532098189,0.5304206756871147,0.5627052372956831,0.5438871487130165,0.5361275856193901,0.015618034666046613,161
102,1.184550905227661,0.4032141489903132,0.0032625198364257812,0.0065250396728515625,0.01,"(32, 16, 32)",5,"{'NN__alpha': 0.01, 'NN__hidden_layer_sizes': (32, 16, 32), 'gmm__n_components': 5}",0.6910397608865753,0.6327507863807513,0.7511694370734081,0.700009290833698,0.6447587358151283,0.6839456021979122,0.04238851924498078,138
103,0.9141853332519532,0.21277222185979372,0.0031269550323486327,0.0062539100646972655,0.01,"(32, 16, 32)",6,"{'NN__alpha': 0.01, 'NN__hidden_layer_sizes': (32, 16, 32), 'gmm__n_components': 6}",0.7908912110249429,0.7890393126621926,0.7891123302276721,0.7852614073826497,0.786037574491292,0.7880683671577499,0.0020978171319577755,124
104,1.014258050918579,0.15535003965824798,0.006449604034423828,0.007905445832207056,0.01,"(32, 16, 32)",7,"{'NN__alpha': 0.01, 'NN__hidden_layer_sizes': (32, 16, 32), 'gmm__n_components': 7}",0.875697717082924,0.8794460959321736,0.8928364333448177,0.8730167715105938,0.8997435906231301,0.8841481216987278,0.010355006052365104,67
105,1.284688949584961,0.1468323479403453,0.0,0.0,0.01,"(32, 16, 32)",8,"{'NN__alpha': 0.01, 'NN__hidden_layer_sizes': (32, 16, 32), 'gmm__n_components': 8}",0.8847505118939918,0.8970376575021406,0.8951093240626851,0.8661204154047062,0.8839058500932714,0.8853847517913589,0.010991465637145434,54
106,1.4581196308135986,0.5229278497656393,0.002105379104614258,0.002583376253629815,0.01,"(32, 16, 32)",9,"{'NN__alpha': 0.01, 'NN__hidden_layer_sizes': (32, 16, 32), 'gmm__n_components': 9}",0.9004714752992847,0.842978668062958,0.8956486725679877,0.8922048352037469,0.9008465217107556,0.8864300345689466,0.02196064670933145,42
107,1.3419703006744386,0.36314847459276184,0.006249094009399414,0.0076535458421980165,0.01,"(32, 16, 32)",10,"{'NN__alpha': 0.01, 'NN__hidden_layer_sizes': (32, 16, 32), 'gmm__n_components': 10}",0.8889320211283028,0.8696149503896041,0.8944553089722173,0.883394398256496,0.8755019797280046,0.882379731694925,0.008944548345455227,86
108,2.07649507522583,0.22762448199884475,0.006334495544433594,0.007831951611621125,0.01,"(32, 16, 32)",15,"{'NN__alpha': 0.01, 'NN__hidden_layer_sizes': (32, 16, 32), 'gmm__n_components': 15}",0.8794892031408669,0.8784611154939025,0.9218714566100004,0.8683558218715706,0.9089336864325408,0.8914222567097763,0.020377700119201876,32
109,2.362764024734497,0.23633672219526614,0.00971689224243164,0.007957554478137325,0.01,"(32, 16, 32)",20,"{'NN__alpha': 0.01, 'NN__hidden_layer_sizes': (32, 16, 32), 'gmm__n_components': 20}",0.9168195265091781,0.9029991705195116,0.9119405198678379,0.9107467166716509,0.9043575346309051,0.9093726936398168,0.005093340896960582,4
110,0.8628570556640625,0.7801705538178632,0.0032395839691162108,0.0064791679382324215,0.001,"(32, 32)",2,"{'NN__alpha': 0.001, 'NN__hidden_layer_sizes': (32, 32), 'gmm__n_components': 2}",0.2714589106077218,0.32287919443385077,0.2748303063278517,0.28557728647014363,0.27590057269860224,0.286129254107634,0.018965093751186494,201
111,0.7670138835906982,0.27263608161982916,0.00010190010070800781,0.0002038002014160156,0.001,"(32, 32)",3,"{'NN__alpha': 0.001, 'NN__hidden_layer_sizes': (32, 32), 'gmm__n_components': 3}",0.4418973514737711,0.4171618087037093,0.46238018181976603,0.4155026691972505,0.4042785348204067,0.4282441092029807,0.021029469377356152,184
112,1.0071065425872803,0.29871602000686936,0.0,0.0,0.001,"(32, 32)",4,"{'NN__alpha': 0.001, 'NN__hidden_layer_sizes': (32, 32), 'gmm__n_components': 4}",0.5317135366914066,0.5169431358862724,0.52973930938012,0.5638126570077538,0.5241197068525513,0.5332656691636208,0.01611233387234299,165
113,0.825951099395752,0.16262553066368537,0.0031271457672119142,0.0062542915344238285,0.001,"(32, 32)",5,"{'NN__alpha': 0.001, 'NN__hidden_layer_sizes': (32, 32), 'gmm__n_components': 5}",0.6957992373441649,0.6334837553531145,0.7385759591661825,0.6960805762043017,0.6505982267839296,0.6829075509703386,0.03721639382054751,139
114,0.7491058826446533,0.23111192593022,0.0036305904388427733,0.0060822538630666,0.001,"(32, 32)",6,"{'NN__alpha': 0.001, 'NN__hidden_layer_sizes': (32, 32), 'gmm__n_components': 6}",0.7870235820852135,0.7875927456633001,0.7885586203716367,0.7812422375655649,0.7922369768665163,0.7873308325104462,0.00354433929529787,128
115,0.9042007446289062,0.2233146020687008,0.0032055854797363283,0.006411170959472657,0.001,"(32, 32)",7,"{'NN__alpha': 0.001, 'NN__hidden_layer_sizes': (32, 32), 'gmm__n_components': 7}",0.8735562206002514,0.8834703155759668,0.8914150445160817,0.87280220894138,0.8969936574501816,0.8836474894167724,0.009570165295164752,72
116,0.9176887989044189,0.15687132879974006,0.006252002716064453,0.007657109598676692,0.001,"(32, 32)",8,"{'NN__alpha': 0.001, 'NN__hidden_layer_sizes': (32, 32), 'gmm__n_components': 8}",0.883880208027627,0.8973818233465123,0.8887224524116722,0.8686744021156696,0.8826337528766214,0.8842585277556205,0.009357301979594517,66
117,1.0187127590179443,0.13329701053970291,0.007257795333862305,0.007082446909958171,0.001,"(32, 32)",9,"{'NN__alpha': 0.001, 'NN__hidden_layer_sizes': (32, 32), 'gmm__n_components': 9}",0.8934123515392051,0.8349741022889996,0.8947558154251306,0.8955984560843366,0.9032371331277362,0.8843955716930816,0.024946453307110504,64
118,1.2371720314025878,0.29858706926025574,0.0040302276611328125,0.006060636379215474,0.001,"(32, 32)",10,"{'NN__alpha': 0.001, 'NN__hidden_layer_sizes': (32, 32), 'gmm__n_components': 10}",0.8947408162128303,0.8653501693069154,0.8888187856760197,0.8813800399871256,0.8783031001761838,0.881718582271815,0.009996964909503308,91
119,2.0592801094055178,0.39862995743503116,0.0031248092651367187,0.006249618530273437,0.001,"(32, 32)",15,"{'NN__alpha': 0.001, 'NN__hidden_layer_sizes': (32, 32), 'gmm__n_components': 15}",0.8813119677373182,0.8891244837340091,0.9262701652034799,0.8700577712515187,0.8926765813572722,0.8918881938567196,0.01886161982563121,30
120,2.2868656635284426,0.1250581761103861,0.00937795639038086,0.007657070490389302,0.001,"(32, 32)",20,"{'NN__alpha': 0.001, 'NN__hidden_layer_sizes': (32, 32), 'gmm__n_components': 20}",0.9168195265091781,0.903398448047321,0.913102356941429,0.9056642514562953,0.9043575346309051,0.9086684235170257,0.0053194304170833635,8
121,0.35595126152038575,0.0523172376840731,0.004527521133422851,0.006070927687555916,0.001,"(32,)",2,"{'NN__alpha': 0.001, 'NN__hidden_layer_sizes': (32,), 'gmm__n_components': 2}",0.27185329694996185,0.26457938105513157,0.2756536904365384,0.29035852713178295,0.24532268497785742,0.2695535161102544,0.014746015049775348,218
122,0.5481053829193115,0.21940030673682984,0.003128814697265625,0.00625762939453125,0.001,"(32,)",3,"{'NN__alpha': 0.001, 'NN__hidden_layer_sizes': (32,), 'gmm__n_components': 3}",0.433828443135321,0.41685562566831824,0.3731640010404001,0.4166690361271642,0.404708137294917,0.4090450486532241,0.020197055816580295,200
123,0.6382606506347657,0.2906016222380608,0.006253242492675781,0.0076586298135227,0.001,"(32,)",4,"{'NN__alpha': 0.001, 'NN__hidden_layer_sizes': (32,), 'gmm__n_components': 4}",0.5121994931397916,0.5195084532098189,0.5221296484994821,0.5587051609219097,0.5178329519741767,0.5260751415490359,0.01663654881991747,172
124,0.5895029067993164,0.3134664843197827,0.0023026466369628906,0.004605293273925781,0.001,"(32,)",5,"{'NN__alpha': 0.001, 'NN__hidden_layer_sizes': (32,), 'gmm__n_components': 5}",0.6866271850454281,0.636846770303993,0.7405847546342804,0.6961333218414499,0.6250445169278942,0.6770473097506091,0.04198435566661164,148
125,0.634589672088623,0.09474666070562997,0.0031252384185791017,0.0062504768371582035,0.001,"(32,)",6,"{'NN__alpha': 0.001, 'NN__hidden_layer_sizes': (32,), 'gmm__n_components': 6}",0.7884736266619429,0.7881243080873287,0.7873379055593397,0.7808377024677658,0.793064673845691,0.7875676433244136,0.003916450162907356,126
126,0.8459793090820312,0.10194548801317171,0.0031249523162841797,0.006249904632568359,0.001,"(32,)",7,"{'NN__alpha': 0.001, 'NN__hidden_layer_sizes': (32,), 'gmm__n_components': 7}",0.8741077925803947,0.8800363145709487,0.88983580250868,0.8723916999101812,0.900010898829492,0.8832765016799394,0.010354780769684574,77
127,0.7330430507659912,0.11692477830235268,0.006883001327514649,0.00845038182780182,0.001,"(32,)",8,"{'NN__alpha': 0.001, 'NN__hidden_layer_sizes': (32,), 'gmm__n_components': 8}",0.8825611064280002,0.8942283578892588,0.8876623583017651,0.8721685022416862,0.8828573775990434,0.8838955404919508,0.007229632831131276,69
128,0.8308507919311523,0.1452688057369441,0.010092020034790039,0.008342764717696276,0.001,"(32,)",9,"{'NN__alpha': 0.001, 'NN__hidden_layer_sizes': (32,), 'gmm__n_components': 9}",0.8936212986546902,0.8302496974023552,0.8887162138163647,0.893312254915818,0.8962692264661528,0.8804337382510763,0.02520939501570209,101
129,1.0747082233428955,0.17631769131017005,0.0053577423095703125,0.00680979735890096,0.001,"(32,)",10,"{'NN__alpha': 0.001, 'NN__hidden_layer_sizes': (32,), 'gmm__n_components': 10}",0.8850694162184458,0.8620538618679567,0.8889849124418214,0.8806067555330072,0.8770524796392762,0.8787534851401014,0.009271230105130526,112
130,1.8626438617706298,0.19955492329836688,0.0044819355010986325,0.006159751140174337,0.001,"(32,)",15,"{'NN__alpha': 0.001, 'NN__hidden_layer_sizes': (32,), 'gmm__n_components': 15}",0.8721105173359713,0.8757010848268952,0.9270171086312808,0.8795527019423193,0.8959993178295675,0.8900761461132068,0.02019835516326851,38
131,2.056078052520752,0.21681596133658873,0.001155853271484375,0.00231170654296875,0.001,"(32,)",20,"{'NN__alpha': 0.001, 'NN__hidden_layer_sizes': (32,), 'gmm__n_components': 20}",0.9165397666575781,0.8999450413669786,0.9061168779143133,0.9060928992586399,0.9033933157436709,0.906417580188236,0.005544266095833827,16
132,0.4123698711395264,0.06875565566327212,0.0031243324279785155,0.006248664855957032,0.001,"(16,)",2,"{'NN__alpha': 0.001, 'NN__hidden_layer_sizes': (16,), 'gmm__n_components': 2}",0.27267668105864856,0.2849101009851241,0.27647707454522513,0.28482142857142856,0.27943936195167723,0.2796649294224207,0.004757104640253192,214
133,0.4194730281829834,0.12467967144650778,0.006030130386352539,0.006525048932211382,0.001,"(16,)",3,"{'NN__alpha': 0.001, 'NN__hidden_layer_sizes': (16,), 'gmm__n_components': 3}",0.434162697374824,0.41609976776960317,0.38883542610127625,0.4192881602715204,0.41077026421854007,0.41383126314715274,0.014713617102990769,193
134,0.5365551948547364,0.21215660162954894,0.010778522491455078,0.006337555457495191,0.001,"(16,)",4,"{'NN__alpha': 0.001, 'NN__hidden_layer_sizes': (16,), 'gmm__n_components': 4}",0.5132597146896626,0.5227068246470793,0.5197351126742948,0.41707954515836293,0.5092313629946806,0.49640251203281605,0.03994297156443155,180
135,0.7338786602020264,0.19974558707418702,0.003124523162841797,0.006249046325683594,0.001,"(16,)",5,"{'NN__alpha': 0.001, 'NN__hidden_layer_sizes': (16,), 'gmm__n_components': 5}",0.6902835175427309,0.640318527112071,0.7186895160235066,0.6961333218414499,0.62779230208847,0.6746434369216457,0.03469787494513087,153
136,0.5612555980682373,0.09848198415696355,0.006327247619628907,0.007750231313129669,0.001,"(16,)",6,"{'NN__alpha': 0.001, 'NN__hidden_layer_sizes': (16,), 'gmm__n_components': 6}",0.6442862426442835,0.6435725986126909,0.6419243153738753,0.6396305768627913,0.79347518287689,0.6725777832741062,0.060469904487748576,156
137,0.7615197181701661,0.19161401671022485,0.003124380111694336,0.006248760223388672,0.001,"(16,)",7,"{'NN__alpha': 0.001, 'NN__hidden_layer_sizes': (16,), 'gmm__n_components': 7}",0.8736961005260514,0.8798721493372498,0.88983580250868,0.8729454097662167,0.7514219046346152,0.8535542733545626,0.05142316611701376,118
138,0.8901499748229981,0.2775539206137701,0.007528877258300782,0.007633016223793223,0.001,"(16,)",8,"{'NN__alpha': 0.001, 'NN__hidden_layer_sizes': (16,), 'gmm__n_components': 8}",0.8813260302649704,0.8940262098465792,0.8905807114649085,0.8756671370604896,0.884823297276757,0.8852846771827411,0.006524464840447526,56
139,0.8010936737060547,0.1634285800499665,0.006453657150268554,0.007910318797462807,0.001,"(16,)",9,"{'NN__alpha': 0.001, 'NN__hidden_layer_sizes': (16,), 'gmm__n_components': 9}",0.8842293743814199,0.8364706735399782,0.8906388948816971,0.8916511253477116,0.8944085848801705,0.8794797306061956,0.021761794930251897,107
140,1.003516435623169,0.11416622979381341,0.0033273220062255858,0.0066546440124511715,0.001,"(16,)",10,"{'NN__alpha': 0.001, 'NN__hidden_layer_sizes': (16,), 'gmm__n_components': 10}",0.8850958394022368,0.8598475410569847,0.8877048088828817,0.8893038189614259,0.8799642297442902,0.8803832476095639,0.010745056479256297,102
141,1.89089093208313,0.2584759364764339,0.0,0.0,0.001,"(16,)",15,"{'NN__alpha': 0.001, 'NN__hidden_layer_sizes': (16,), 'gmm__n_components': 15}",0.8681712673128991,0.8689230673659475,0.9271591264329728,0.8848281987132456,0.9122428260588417,0.8922648971767814,0.023653217036054764,29
142,2.0631112098693847,0.18258279936192426,0.009282588958740234,0.00758101642925611,0.001,"(16,)",20,"{'NN__alpha': 0.001, 'NN__hidden_layer_sizes': (16,), 'gmm__n_components': 20}",0.9170913386377214,0.9044871856535139,0.9073581300085697,0.9152427235383472,0.9027682441432584,0.9093895243962822,0.00575462810792611,3
143,0.6984655857086182,0.34377979408977655,0.004536581039428711,0.007442250562467435,0.001,"(16, 16)",2,"{'NN__alpha': 0.001, 'NN__hidden_layer_sizes': (16, 16), 'gmm__n_components': 2}",0.27267668105864856,0.2893762886161474,0.27360557418628756,0.2898575515477509,0.28016086267317797,0.28113539161640244,0.007391699381337512,205
144,0.6022558212280273,0.18306666177730072,0.006441354751586914,0.00789484483380061,0.001,"(16, 16)",3,"{'NN__alpha': 0.001, 'NN__hidden_layer_sizes': (16, 16), 'gmm__n_components': 3}",0.4334772667670946,0.41603224155963153,0.45500635008525375,0.4159131782284492,0.40483224467644213,0.42505225626337423,0.01756109802852664,190
145,0.9480669021606445,0.4455573572660047,0.0,0.0,0.001,"(16, 16)",4,"{'NN__alpha': 0.001, 'NN__hidden_layer_sizes': (16, 16), 'gmm__n_components': 4}",0.5324049885973501,0.5172858277044031,0.5210947735549327,0.4230271527499159,0.5184766396818178,0.5024578764576839,0.04007461101761289,174
146,0.8906852245330811,0.22461046377290367,0.01324467658996582,0.006774972300648893,0.001,"(16, 16)",5,"{'NN__alpha': 0.001, 'NN__hidden_layer_sizes': (16, 16), 'gmm__n_components': 5}",0.6946960933838782,0.631458637002181,0.7418082404507894,0.6972407415535209,0.6207394227972186,0.6771886270375176,0.04508223100093325,147
147,0.7217893123626709,0.21257933314015023,0.00312657356262207,0.00625314712524414,0.001,"(16, 16)",6,"{'NN__alpha': 0.001, 'NN__hidden_layer_sizes': (16, 16), 'gmm__n_components': 6}",0.7854084917691824,0.6480291392409041,0.7895461697140225,0.7835816617073146,0.793950852071771,0.7601032629006389,0.056151122993278645,133
148,0.8992256164550781,0.15417894391735826,0.0,0.0,0.001,"(16, 16)",7,"{'NN__alpha': 0.001, 'NN__hidden_layer_sizes': (16, 16), 'gmm__n_components': 7}",0.8763183562527523,0.8870773003732434,0.8930618127334552,0.8704441686924015,0.9008696264424297,0.8855542528988565,0.011016898171828386,51
149,0.8943699359893799,0.14449114571690963,0.0012024879455566407,0.0024049758911132814,0.001,"(16, 16)",8,"{'NN__alpha': 0.001, 'NN__hidden_layer_sizes': (16, 16), 'gmm__n_components': 8}",0.8855434754716253,0.8933448435395844,0.8885582871779736,0.8662781749800679,0.8803470743720199,0.8828143711082543,0.009282938841160538,81
150,1.3869672298431397,0.28861172060054235,0.003126859664916992,0.006253719329833984,0.001,"(16, 16)",9,"{'NN__alpha': 0.001, 'NN__hidden_layer_sizes': (16, 16), 'gmm__n_components': 9}",0.9034112512770609,0.8349324860749084,0.8935207392621005,0.896419474146734,0.8991140303982723,0.8854795962318152,0.025482516763233723,53
151,1.2634678840637208,0.2545263244202719,0.006360530853271484,0.007792008009928702,0.001,"(16, 16)",10,"{'NN__alpha': 0.001, 'NN__hidden_layer_sizes': (16, 16), 'gmm__n_components': 10}",0.8872349865579682,0.8627717369576912,0.8922986529648643,0.8858765458869995,0.8746416937531496,0.8805647232241345,0.010602505538756328,99
152,2.060773324966431,0.21095337633255742,0.012938261032104492,0.006470945202807538,0.001,"(16, 16)",15,"{'NN__alpha': 0.001, 'NN__hidden_layer_sizes': (16, 16), 'gmm__n_components': 15}",0.8799460930947625,0.8773536957818316,0.9264727415684282,0.8780413825878824,0.9125101342652037,0.8948648094596218,0.020604144008474455,24
153,2.186376190185547,0.14080090302083453,0.009521675109863282,0.007779089009649077,0.001,"(16, 16)",20,"{'NN__alpha': 0.001, 'NN__hidden_layer_sizes': (16, 16), 'gmm__n_components': 20}",0.9121166630787535,0.8866038754888914,0.9123859678891011,0.9124214513513116,0.8983662435554118,0.9043788402726939,0.010399733455770877,19
154,0.810696029663086,0.1875415081684831,0.0,0.0,0.001,"(32, 16, 32)",2,"{'NN__alpha': 0.001, 'NN__hidden_layer_sizes': (32, 16, 32), 'gmm__n_components': 2}",0.2724760070422098,0.2888225787601119,0.27812700962455505,0.28834583575032074,0.27744621620853144,0.2810435294771458,0.006460440791932113,206
155,0.7824163436889648,0.15478102951707312,0.005032777786254883,0.006308755583127216,0.001,"(32, 16, 32)",3,"{'NN__alpha': 0.001, 'NN__hidden_layer_sizes': (32, 16, 32), 'gmm__n_components': 3}",0.43652386092507844,0.41907046509245993,0.45538141689592904,0.4159783383921315,0.4052427537076409,0.42643936700264795,0.017620269690483147,186
156,0.958970022201538,0.17393832160367884,0.007275199890136719,0.007431152040629005,0.001,"(32, 16, 32)",4,"{'NN__alpha': 0.001, 'NN__hidden_layer_sizes': (32, 16, 32), 'gmm__n_components': 4}",0.5241164131913182,0.5188240151694731,0.5302150275888153,0.5621515274396475,0.5447800058558736,0.5360173978490256,0.015688781807177962,162
157,1.1774269104003907,0.41341164067730174,0.0,0.0,0.001,"(32, 16, 32)",5,"{'NN__alpha': 0.001, 'NN__hidden_layer_sizes': (32, 16, 32), 'gmm__n_components': 5}",0.6910397608865753,0.6329149516144503,0.7500620173613373,0.6977944514095563,0.6630263877034698,0.6869675137950778,0.03901173964739235,137
158,0.9739407539367676,0.30407730502596964,0.0032642841339111327,0.0062818042014289414,0.001,"(32, 16, 32)",6,"{'NN__alpha': 0.001, 'NN__hidden_layer_sizes': (32, 16, 32), 'gmm__n_components': 6}",0.7908912110249429,0.7890393126621926,0.7891123302276721,0.7859829081041503,0.786037574491292,0.78821266730205,0.0019167778808543649,123
159,1.2044668197631836,0.4207757491677079,0.0064847469329833984,0.007741712027429355,0.001,"(32, 16, 32)",7,"{'NN__alpha': 0.001, 'NN__hidden_layer_sizes': (32, 16, 32), 'gmm__n_components': 7}",0.8760446176993664,0.8856638282676268,0.8928364333448177,0.8732840797169557,0.9012424259230881,0.885814276990371,0.01039050701888594,47
160,1.2881760597229004,0.1411727190493453,0.0064585208892822266,0.00791693366177467,0.001,"(32, 16, 32)",8,"{'NN__alpha': 0.001, 'NN__hidden_layer_sizes': (32, 16, 32), 'gmm__n_components': 8}",0.8841989399138485,0.8975913673581759,0.8930508637909683,0.8665309244359047,0.8863696092638411,0.8855483409525476,0.01063465871307155,52
161,1.4856391906738282,0.6104772624871477,0.006468486785888672,0.007723378091937323,0.001,"(32, 16, 32)",9,"{'NN__alpha': 0.001, 'NN__hidden_layer_sizes': (32, 16, 32), 'gmm__n_components': 9}",0.9004714752992847,0.8433907559750459,0.8971899317664087,0.8937227639470166,0.899639584657788,0.8868829023291088,0.021872208926660135,41
162,1.488134241104126,0.35755076096231236,0.004259347915649414,0.006317321467605522,0.001,"(32, 16, 32)",10,"{'NN__alpha': 0.001, 'NN__hidden_layer_sizes': (32, 16, 32), 'gmm__n_components': 10}",0.8854446664435219,0.8678987091380602,0.8935624518293602,0.8845018179685668,0.8809475420748358,0.8824710374908691,0.008374482699599919,85
163,2.113759469985962,0.20243206555886206,0.0018054485321044923,0.0024675046436261833,0.001,"(32, 16, 32)",15,"{'NN__alpha': 0.001, 'NN__hidden_layer_sizes': (32, 16, 32), 'gmm__n_components': 15}",0.8741711067223099,0.8827406862495929,0.9226948407186871,0.8769824717652447,0.9109917281858514,0.8935161667283372,0.019598447180364395,27
164,2.3744627475738525,0.25314226668468065,0.012761926651000977,0.006387248716660741,0.001,"(32, 16, 32)",20,"{'NN__alpha': 0.001, 'NN__hidden_layer_sizes': (32, 16, 32), 'gmm__n_components': 20}",0.9166167815703199,0.9015526035206191,0.9119405198678379,0.9073654738113727,0.903436999227611,0.9081824755995521,0.005520917598234559,11
165,0.6401976585388184,0.30694579667523036,0.0,0.0,0.0001,"(32, 32)",2,"{'NN__alpha': 0.0001, 'NN__hidden_layer_sizes': (32, 32), 'gmm__n_components': 2}",0.2696114683739096,0.29565933164098623,0.2748303063278517,0.28557728647014363,0.27943936195167723,0.28102355095291365,0.009011594155062079,207
166,0.7197898387908935,0.24759385556483537,0.004405021667480469,0.005831147101198956,0.0001,"(32, 32)",3,"{'NN__alpha': 0.0001, 'NN__hidden_layer_sizes': (32, 32), 'gmm__n_components': 3}",0.4374847756326239,0.4171618087037093,0.4615567977110793,0.4155026691972505,0.4042785348204067,0.4271969172130139,0.020244270842116042,185
167,0.9775334358215332,0.2726746982150829,0.0031246662139892576,0.006249332427978515,0.0001,"(32, 32)",4,"{'NN__alpha': 0.0001, 'NN__hidden_layer_sizes': (32, 32), 'gmm__n_components': 4}",0.5328166806516934,0.5169431358862724,0.52973930938012,0.5638126570077538,0.5259054211382657,0.5338434408128212,0.01590399015057504,163
168,0.8230969429016113,0.1668158650788006,0.012305021286010742,0.006195961707662441,0.0001,"(32, 32)",5,"{'NN__alpha': 0.0001, 'NN__hidden_layer_sizes': (32, 32), 'gmm__n_components': 5}",0.6957992373441649,0.6342016304428488,0.7394688163090397,0.6960805762043017,0.6389910839267867,0.6809082688454284,0.039547030318427906,142
169,0.7378411769866944,0.2456629669159184,0.006451320648193359,0.007907692104057664,0.0001,"(32, 32)",6,"{'NN__alpha': 0.0001, 'NN__hidden_layer_sizes': (32, 32), 'gmm__n_components': 6}",0.7870235820852135,0.7875927456633001,0.7867698343525712,0.7812422375655649,0.791415958804119,0.7868088716941537,0.003251914821330661,131
170,0.8324473381042481,0.12779226088674941,0.009590387344360352,0.007840237752217646,0.0001,"(32, 32)",7,"{'NN__alpha': 0.0001, 'NN__hidden_layer_sizes': (32, 32), 'gmm__n_components': 7}",0.8752152122924657,0.8816205751359006,0.8914150445160817,0.87280220894138,0.8969936574501816,0.883609339667202,0.009287406785242812,74
171,0.9167784214019775,0.1416278761132533,0.006253862380981445,0.007460870789480203,0.0001,"(32, 32)",8,"{'NN__alpha': 0.0001, 'NN__hidden_layer_sizes': (32, 32), 'gmm__n_components': 8}",0.883880208027627,0.8973818233465123,0.8887224524116722,0.8665309244359047,0.8826337528766214,0.8838298322196675,0.010082455552823524,70
172,1.0453218460083007,0.1357122387099013,0.0067999839782714845,0.00833416630929875,0.0001,"(32, 32)",9,"{'NN__alpha': 0.0001, 'NN__hidden_layer_sizes': (32, 32), 'gmm__n_components': 9}",0.8934123515392051,0.8349741022889996,0.8947558154251306,0.8961330724970604,0.904344552839807,0.8847239789180404,0.025164697989160583,61
173,1.226655626296997,0.2374173602340905,0.004328012466430664,0.006109668260668892,0.0001,"(32, 32)",10,"{'NN__alpha': 0.0001, 'NN__hidden_layer_sizes': (32, 32), 'gmm__n_components': 10}",0.8938776934888594,0.8634954103092992,0.8893724955320552,0.8813800399871256,0.8794105198882547,0.881507231841119,0.010428123397633039,93
174,2.0615235328674317,0.40141476075573324,0.009655427932739259,0.00788758702091243,0.0001,"(32, 32)",15,"{'NN__alpha': 0.0001, 'NN__hidden_layer_sizes': (32, 32), 'gmm__n_components': 15}",0.8818635397174617,0.8857016951426663,0.9254467810947932,0.8689503515394478,0.8923374340704505,0.8908599603129639,0.018899763703312564,36
175,2.236595296859741,0.11490321349499455,0.003926801681518555,0.006050852418678098,0.0001,"(32, 32)",20,"{'NN__alpha': 0.0001, 'NN__hidden_layer_sizes': (32, 32), 'gmm__n_components': 20}",0.9168195265091781,0.9042913051901782,0.9126895422429002,0.9056642514562953,0.9036606239500329,0.9086250498697168,0.005212729429976606,9
176,0.34062771797180175,0.054209526283138944,0.006547451019287109,0.008020185792011043,0.0001,"(32,)",2,"{'NN__alpha': 0.0001, 'NN__hidden_layer_sizes': (32,), 'gmm__n_components': 2}",0.27185329694996185,0.26457938105513157,0.2756536904365384,0.29035852713178295,0.24532268497785742,0.2695535161102544,0.014746015049775348,218
177,0.5564530372619629,0.22402925778247204,0.0,0.0,0.0001,"(32,)",3,"{'NN__alpha': 0.0001, 'NN__hidden_layer_sizes': (32,), 'gmm__n_components': 3}",0.4332768711551776,0.41685562566831824,0.37951012235870824,0.4166690361271642,0.404708137294917,0.4102039585208571,0.01783657383593332,198
178,0.6533520698547364,0.26223376411341687,0.0031249523162841797,0.006249904632568359,0.0001,"(32,)",4,"{'NN__alpha': 0.0001, 'NN__hidden_layer_sizes': (32,), 'gmm__n_components': 4}",0.5121994931397916,0.5195084532098189,0.522271666301174,0.5587051609219097,0.5178329519741767,0.5261035451093743,0.016629908345708388,171
179,0.5841183185577392,0.31517769121955586,0.0032212257385253905,0.006442451477050781,0.0001,"(32,)",5,"{'NN__alpha': 0.0001, 'NN__hidden_layer_sizes': (32,), 'gmm__n_components': 5}",0.6866271850454281,0.636846770303993,0.7405847546342804,0.6961333218414499,0.6250445169278942,0.6770473097506091,0.04198435566661164,148
180,0.623079490661621,0.11540682068962997,0.003124856948852539,0.006249713897705078,0.0001,"(32,)",6,"{'NN__alpha': 0.0001, 'NN__hidden_layer_sizes': (32,), 'gmm__n_components': 6}",0.7884736266619429,0.7881243080873287,0.7873379055593397,0.7802839926117304,0.793064673845691,0.7874569013532066,0.004108309974725485,127
181,0.8017848014831543,0.12293741790398402,0.0037396907806396484,0.0060648475759029295,0.0001,"(32,)",7,"{'NN__alpha': 0.0001, 'NN__hidden_layer_sizes': (32,), 'gmm__n_components': 7}",0.8741077925803947,0.8800363145709487,0.88983580250868,0.8675706054740108,0.900010898829492,0.8823122827927052,0.011486122928935798,88
182,0.7153631210327148,0.11169398901895612,0.006249141693115234,0.007653604240727637,0.0001,"(32,)",8,"{'NN__alpha': 0.0001, 'NN__hidden_layer_sizes': (32,), 'gmm__n_components': 8}",0.882149414373657,0.8942283578892588,0.8876623583017651,0.8653712364227686,0.8835788783205442,0.8825980490615987,0.009579537403429964,84
183,0.9050583839416504,0.10421465328890127,0.006353139877319336,0.007579255664717613,0.0001,"(32,)",9,"{'NN__alpha': 0.0001, 'NN__hidden_layer_sizes': (32,), 'gmm__n_components': 9}",0.8936212986546902,0.8302496974023552,0.8927668281875841,0.8922048352037469,0.8958587174349543,0.8809402753766662,0.025375817699854714,96
184,1.0394579410552978,0.16753554128110185,0.0022192478179931642,0.0044384956359863285,0.0001,"(32,)",10,"{'NN__alpha': 0.0001, 'NN__hidden_layer_sizes': (32,), 'gmm__n_components': 10}",0.8845178442383025,0.862607571723992,0.8889849124418214,0.8800530456769716,0.8770524796392762,0.8786431707440727,0.00897910787836818,113
185,1.8728837966918945,0.1287855000697115,0.003124094009399414,0.006248188018798828,0.0001,"(32,)",15,"{'NN__alpha': 0.0001, 'NN__hidden_layer_sizes': (32,), 'gmm__n_components': 15}",0.8721105173359713,0.8761127768812385,0.9270171086312808,0.879070353830661,0.9022333270707942,0.8913088167499892,0.020706044226455254,33
186,2.0851412296295164,0.20947886406374147,0.008704519271850586,0.007213819041672389,0.0001,"(32,)",20,"{'NN__alpha': 0.0001, 'NN__hidden_layer_sizes': (32,), 'gmm__n_components': 20}",0.9165397666575781,0.8994588577209148,0.9093752025442913,0.9060928992586399,0.9033933157436709,0.9069720083850189,0.005785233743041577,15
187,0.4252613067626953,0.07045013684479007,0.0031244754791259766,0.006248950958251953,0.0001,"(16,)",2,"{'NN__alpha': 0.0001, 'NN__hidden_layer_sizes': (16,), 'gmm__n_components': 2}",0.27267668105864856,0.2849101009851241,0.27647707454522513,0.28482142857142856,0.27943936195167723,0.2796649294224207,0.004757104640253192,214
188,0.4299777507781982,0.13794174331239734,0.003173828125,0.00634765625,0.0001,"(16,)",3,"{'NN__alpha': 0.0001, 'NN__hidden_layer_sizes': (16,), 'gmm__n_components': 3}",0.43195640945425035,0.41609976776960317,0.38883542610127625,0.4192881602715204,0.41077026421854007,0.41339000556303807,0.014118305924500932,194
189,0.5522857666015625,0.2124779443076555,0.0,0.0,0.0001,"(16,)",4,"{'NN__alpha': 0.0001, 'NN__hidden_layer_sizes': (16,), 'gmm__n_components': 4}",0.5132597146896626,0.5227068246470793,0.5197351126742948,0.41707954515836293,0.5103387827067516,0.4966239959752302,0.040016496184940194,178
190,0.8207019805908203,0.2140798165630667,0.005160713195800781,0.006674024445888573,0.0001,"(16,)",5,"{'NN__alpha': 0.0001, 'NN__hidden_layer_sizes': (16,), 'gmm__n_components': 5}",0.6902835175427309,0.6397648172560356,0.7195823731663636,0.6961333218414499,0.6259901197078995,0.674350829902896,0.03552230442369943,154
191,0.5610078334808349,0.11525366227930828,0.003139638900756836,0.006279277801513672,0.0001,"(16,)",6,"{'NN__alpha': 0.0001, 'NN__hidden_layer_sizes': (16,), 'gmm__n_components': 6}",0.6442862426442835,0.644465455755548,0.6419243153738753,0.6396305768627913,0.79347518287689,0.6727563547026776,0.06038524575801534,155
192,0.7733766078948975,0.16387079691889753,0.003124713897705078,0.006249427795410156,0.0001,"(16,)",7,"{'NN__alpha': 0.0001, 'NN__hidden_layer_sizes': (16,), 'gmm__n_components': 7}",0.8742476725061948,0.8798721493372498,0.88983580250868,0.8729454097662167,0.7518324136658139,0.8537466895568311,0.051303731857143355,117
193,0.9084179401397705,0.28762666499938333,0.0,0.0,0.0001,"(16,)",8,"{'NN__alpha': 0.0001, 'NN__hidden_layer_sizes': (16,), 'gmm__n_components': 8}",0.8813260302649704,0.8941682276482712,0.8905807114649085,0.8736145919044962,0.884823297276757,0.8849025717118806,0.007187629265285386,59
194,0.78329439163208,0.17248805947258405,0.013962030410766602,0.003839149749356834,0.0001,"(16,)",9,"{'NN__alpha': 0.0001, 'NN__hidden_layer_sizes': (16,), 'gmm__n_components': 9}",0.8842293743814199,0.8364706735399782,0.888784960064094,0.8916511253477116,0.8945517857050072,0.8791375838076423,0.021603933779186738,109
195,1.1025257110595703,0.16188029424481543,0.007354545593261719,0.007050904286480705,0.0001,"(16,)",10,"{'NN__alpha': 0.0001, 'NN__hidden_layer_sizes': (16,), 'gmm__n_components': 10}",0.8850958394022368,0.8598475410569847,0.8877048088828817,0.8897143279926246,0.8799642297442902,0.8804653494158037,0.010814249470495677,100
196,2.191979455947876,0.31767412779393533,0.007167005538940429,0.007351444097267081,0.0001,"(16,)",15,"{'NN__alpha': 0.0001, 'NN__hidden_layer_sizes': (16,), 'gmm__n_components': 15}",0.8681712673128991,0.8687810495642554,0.9271591264329728,0.8823257680876049,0.9122428260588417,0.8917360074913148,0.02385835971755292,31
197,2.375061798095703,0.2760709871054075,0.00983433723449707,0.006869937132050718,0.0001,"(16,)",20,"{'NN__alpha': 0.0001, 'NN__hidden_layer_sizes': (16,), 'gmm__n_components': 20}",0.9175030306920647,0.9062298985726976,0.9064652728657127,0.9106414385799196,0.9018753870004014,0.9085430055421592,0.005268966613032243,10
198,0.7770095825195312,0.38591909484371345,0.0012568950653076172,0.0016962300317752853,0.0001,"(16, 16)",2,"{'NN__alpha': 0.0001, 'NN__hidden_layer_sizes': (16, 16), 'gmm__n_components': 2}",0.27267668105864856,0.29009416370588176,0.27360557418628756,0.2898575515477509,0.28016086267317797,0.2812789666343493,0.007555531004267837,204
199,0.6540808200836181,0.19504107724262632,0.004571247100830078,0.005054288584983605,0.0001,"(16, 16)",3,"{'NN__alpha': 0.0001, 'NN__hidden_layer_sizes': (16, 16), 'gmm__n_components': 3}",0.4334772667670946,0.41603224155963153,0.45500635008525375,0.4159131782284492,0.40483224467644213,0.42505225626337423,0.01756109802852664,190
200,1.0021237850189209,0.34068671051634064,0.000708770751953125,0.0011755445426789336,0.0001,"(16, 16)",4,"{'NN__alpha': 0.0001, 'NN__hidden_layer_sizes': (16, 16), 'gmm__n_components': 4}",0.5306103927311198,0.5172858277044031,0.52198763069779,0.42247344289388056,0.5234600283861367,0.503163464482666,0.04057081299955274,173
201,1.040808343887329,0.2473007716034012,0.0,0.0,0.0001,"(16, 16)",5,"{'NN__alpha': 0.0001, 'NN__hidden_layer_sizes': (16, 16), 'gmm__n_components': 5}",0.6910397608865753,0.6357122235960933,0.7418082404507894,0.6936693129820923,0.622525137082933,0.6769509349996966,0.043237178549751516,151
202,0.9500813007354736,0.27664235619253547,0.00507960319519043,0.0048871262515699475,0.0001,"(16, 16)",6,"{'NN__alpha': 0.0001, 'NN__hidden_layer_sizes': (16, 16), 'gmm__n_components': 6}",0.7845851076604956,0.6476174471865607,0.7896660400837077,0.7831711526761158,0.793950852071771,0.7597981199357301,0.056220456285464605,134
203,1.2023242473602296,0.19013412734180624,0.004172182083129883,0.006286471233300431,0.0001,"(16, 16)",7,"{'NN__alpha': 0.0001, 'NN__hidden_layer_sizes': (16, 16), 'gmm__n_components': 7}",0.8763183562527523,0.8846071480471833,0.8930618127334552,0.873336825354104,0.9008696264424297,0.8856387537659849,0.010260143758597094,50
204,0.916981840133667,0.19198826795691268,0.006997585296630859,0.00858538021516521,0.0001,"(16, 16)",8,"{'NN__alpha': 0.0001, 'NN__hidden_layer_sizes': (16, 16), 'gmm__n_components': 8}",0.8855434754716253,0.8933448435395844,0.8885582871779736,0.8658676659488691,0.8761319580929502,0.8818892460462004,0.009786701279115372,90
205,1.3890496253967286,0.32129514464359965,0.0069465160369873045,0.0033186423041491747,0.0001,"(16, 16)",9,"{'NN__alpha': 0.0001, 'NN__hidden_layer_sizes': (16, 16), 'gmm__n_components': 9}",0.9026933761873267,0.8299339592866716,0.8935207392621005,0.896419474146734,0.8991140303982723,0.8843363158562211,0.027369089349039973,65
206,1.4550002574920655,0.18002688004260844,0.005687141418457031,0.0006528232731814356,0.0001,"(16, 16)",10,"{'NN__alpha': 0.0001, 'NN__hidden_layer_sizes': (16, 16), 'gmm__n_components': 10}",0.8872349865579682,0.8633254468137266,0.890495505595066,0.8858765458869995,0.8802697248372752,0.881440441938207,0.00964130250863468,94
207,2.6282844066619875,0.5661327969896254,0.01053757667541504,0.0037679592840680204,0.0001,"(16, 16)",15,"{'NN__alpha': 0.0001, 'NN__hidden_layer_sizes': (16, 16), 'gmm__n_components': 15}",0.8821155537409394,0.8757010848268952,0.9257855325238704,0.8842635631646485,0.9136175539772744,0.8962966576467256,0.019696110691158064,21
208,3.129273700714111,0.15810224185584398,0.008483552932739257,0.0019219044883843146,0.0001,"(16, 16)",20,"{'NN__alpha': 0.0001, 'NN__hidden_layer_sizes': (16, 16), 'gmm__n_components': 20}",0.9148586275333568,0.8895059239575909,0.9123859678891011,0.9104930249419884,0.8979557345242131,0.90503985576925,0.009711833066967396,17
209,0.9921395301818847,0.1953976157725181,0.004057645797729492,0.0010243175835137949,0.0001,"(32, 16, 32)",2,"{'NN__alpha': 0.0001, 'NN__hidden_layer_sizes': (32, 16, 32), 'gmm__n_components': 2}",0.271040256862741,0.2889867439938109,0.27812700962455505,0.28834583575032074,0.276622073420103,0.28062438393030614,0.006980841547132396,210
210,1.1831342697143554,0.27582529927659133,0.0048179149627685545,0.001306538628826874,0.0001,"(32, 16, 32)",3,"{'NN__alpha': 0.0001, 'NN__hidden_layer_sizes': (32, 16, 32), 'gmm__n_components': 3}",0.43562538832849257,0.41907046509245993,0.4562048010046158,0.4159783383921315,0.40507496284217553,0.4263907911319751,0.0178354918694851,187
211,1.39846510887146,0.3263468693618533,0.006004190444946289,0.0011893806559466569,0.0001,"(32, 16, 32)",4,"{'NN__alpha': 0.0001, 'NN__hidden_layer_sizes': (32, 16, 32), 'gmm__n_components': 4}",0.5241164131913182,0.5199201452641621,0.5286349614014004,0.5627052372956831,0.5260767775596221,0.5322907069424372,0.015471722108476044,166
212,1.7639322757720948,0.5806658846162294,0.0050755500793457035,0.0014684661562859717,0.0001,"(32, 16, 32)",5,"{'NN__alpha': 0.0001, 'NN__hidden_layer_sizes': (32, 16, 32), 'gmm__n_components': 5}",0.6910397608865753,0.6357824346441209,0.7518477316470515,0.6977944514095563,0.6365079816241175,0.6825944720422843,0.04339056968223653,140
213,1.2756015300750732,0.4332204998816281,0.005634593963623047,0.0008774640908933295,0.0001,"(32, 16, 32)",6,"{'NN__alpha': 0.0001, 'NN__hidden_layer_sizes': (32, 16, 32), 'gmm__n_components': 6}",0.7908912110249429,0.7899321698050499,0.7893820044803235,0.7876440376722567,0.7852165564288947,0.7886131958822935,0.001999826946109258,121
214,1.4272769927978515,0.25528175448083057,0.005153512954711914,0.0017509885247278042,0.0001,"(32, 16, 32)",7,"{'NN__alpha': 0.0001, 'NN__hidden_layer_sizes': (32, 16, 32), 'gmm__n_components': 7}",0.8765961896795098,0.8856638282676268,0.8928364333448177,0.8732840797169557,0.9017961357791238,0.8860353333576068,0.01045454707600471,45
215,1.452864170074463,0.23612026039572223,0.005859375,0.001447798159446742,0.0001,"(32, 16, 32)",8,"{'NN__alpha': 0.0001, 'NN__hidden_layer_sizes': (32, 16, 32), 'gmm__n_components': 8}",0.8884215980714896,0.8975913673581759,0.8926391717366251,0.8665309244359047,0.8856383414057546,0.8861642806015899,0.010614549406163019,44
216,1.5592915534973144,0.6145979139596066,0.0065250396728515625,0.0017221752054370444,0.0001,"(32, 16, 32)",9,"{'NN__alpha': 0.0001, 'NN__hidden_layer_sizes': (32, 16, 32), 'gmm__n_components': 9}",0.898586050256492,0.8390968091607188,0.8984168851740137,0.8937227639470166,0.9000500936889868,0.8859745204454456,0.023535250068787275,46
217,2.087414360046387,0.5667737454951822,0.0067154884338378905,0.00113023784706716,0.0001,"(32, 16, 32)",10,"{'NN__alpha': 0.0001, 'NN__hidden_layer_sizes': (32, 16, 32), 'gmm__n_components': 10}",0.8920226949273974,0.8691337853010903,0.8935624518293602,0.885322836030964,0.8835919839734879,0.8847267504124601,0.00867276195676619,60
218,2.4409221172332765,0.2680388187171208,0.006444883346557617,0.0007930322545132475,0.0001,"(32, 16, 32)",15,"{'NN__alpha': 0.0001, 'NN__hidden_layer_sizes': (32, 16, 32), 'gmm__n_components': 15}",0.8811806393150863,0.8820623916759494,0.9226948407186871,0.8681131037058372,0.9095310797725163,0.8927164110376152,0.02016603193621595,28
219,2.875493574142456,0.24548681947618348,0.007860183715820312,0.004899161958162097,0.0001,"(32, 16, 32)",20,"{'NN__alpha': 0.0001, 'NN__hidden_layer_sizes': (32, 16, 32), 'gmm__n_components': 20}",0.9164078344548348,0.9067766430469844,0.9128974031650468,0.9086688399854284,0.903436999227611,0.9096375439759811,0.004561434244269657,2
