,mean_fit_time,std_fit_time,mean_score_time,std_score_time,param_NN__alpha,param_NN__hidden_layer_sizes,param_rp__n_components,params,split0_test_score,split1_test_score,split2_test_score,split3_test_score,split4_test_score,mean_test_score,std_test_score,rank_test_score
0,1.3399333477020263,0.28812605578668826,0.003126096725463867,0.006252193450927733,0.1,"(32, 32)",2,"{'NN__alpha': 0.1, 'NN__hidden_layer_sizes': (32, 32), 'rp__n_components': 2}",0.6843971400933196,0.6605489632006887,0.6550048493496545,0.6822712942347267,0.670090851981427,0.6704626197719632,0.011584274802385112,245
1,1.382134199142456,0.16196451457596478,0.0037645816802978514,0.006058263659149773,0.1,"(32, 32)",3,"{'NN__alpha': 0.1, 'NN__hidden_layer_sizes': (32, 32), 'rp__n_components': 3}",0.8814404247037556,0.8963274953940384,0.8766429376780589,0.8859268834230599,0.8849193993487662,0.8850514281095359,0.006506544458267745,206
2,1.7090378761291505,0.8554829151968691,0.0062506675720214845,0.007655473431777263,0.1,"(32, 32)",4,"{'NN__alpha': 0.1, 'NN__hidden_layer_sizes': (32, 32), 'rp__n_components': 4}",0.854961163945651,0.8680361939255762,0.8557893214104138,0.8507017226458997,0.8496243709343719,0.8558225545723823,0.006550671485192094,227
3,1.497602939605713,0.22522307222995297,0.0,0.0,0.1,"(32, 32)",5,"{'NN__alpha': 0.1, 'NN__hidden_layer_sizes': (32, 32), 'rp__n_components': 5}",0.9139905503492675,0.9281096218383614,0.9095350599709522,0.9071985912364713,0.9094310209313394,0.9136529688652782,0.007557113007446574,185
4,1.3277027606964111,0.48077179112785057,0.006399106979370117,0.007840836829775783,0.1,"(32, 32)",6,"{'NN__alpha': 0.1, 'NN__hidden_layer_sizes': (32, 32), 'rp__n_components': 6}",0.9287787300056034,0.9311542453317365,0.9217945611093686,0.9341270961174941,0.9280303492921,0.9287769963712605,0.004088686022857492,101
5,1.9151996612548827,0.6138342091718484,0.005827760696411133,0.007168521130165232,0.1,"(32, 32)",7,"{'NN__alpha': 0.1, 'NN__hidden_layer_sizes': (32, 32), 'rp__n_components': 7}",0.9316314696515026,0.919423804466954,0.9262787292188422,0.9180204731670937,0.9294667563649105,0.9249642465738607,0.005391934911958905,153
6,1.1177422046661376,0.4178833484264022,0.0031247615814208986,0.006249523162841797,0.1,"(32, 32)",8,"{'NN__alpha': 0.1, 'NN__hidden_layer_sizes': (32, 32), 'rp__n_components': 8}",0.9279732349390349,0.9214294002818757,0.9210443435225327,0.9276475048680208,0.9259832280099889,0.9248155423242906,0.0030014137566379095,154
7,1.8069942951202393,0.2978317169106538,0.005862808227539063,0.007206469661151967,0.1,"(32, 32)",9,"{'NN__alpha': 0.1, 'NN__hidden_layer_sizes': (32, 32), 'rp__n_components': 9}",0.9308879552258955,0.9388506781624151,0.9291673368003913,0.936382940290729,0.9372559631931191,0.9345089747345099,0.0037829342911156107,11
8,1.2752537727355957,0.3481965213237914,0.0048462867736816405,0.006478158538260384,0.1,"(32, 32)",10,"{'NN__alpha': 0.1, 'NN__hidden_layer_sizes': (32, 32), 'rp__n_components': 10}",0.9328930891268975,0.9325926831359943,0.9309715936488437,0.9329826545471392,0.9321723050879087,0.9323224651093568,0.0007323771405421702,37
9,1.3440628051757812,0.24640988856329396,0.004376840591430664,0.006366522778066638,0.1,"(32, 32)",11,"{'NN__alpha': 0.1, 'NN__hidden_layer_sizes': (32, 32), 'rp__n_components': 11}",0.9305132711608796,0.934350717005697,0.9272113697237153,0.9282307019612047,0.9338643756655587,0.9308340871034112,0.002882844183105546,66
10,1.2216183185577392,0.1397936395480624,0.003327751159667969,0.0066555023193359385,0.1,"(32, 32)",12,"{'NN__alpha': 0.1, 'NN__hidden_layer_sizes': (32, 32), 'rp__n_components': 12}",0.928801930376461,0.9354022320575168,0.9283611721618733,0.9350420995869602,0.9279447911540049,0.9311104450673632,0.003370057836787149,60
11,1.1901214122772217,0.14165443538068184,0.002958822250366211,0.005917644500732422,0.1,"(32, 32)",13,"{'NN__alpha': 0.1, 'NN__hidden_layer_sizes': (32, 32), 'rp__n_components': 13}",0.9266150346641275,0.9347321428125897,0.9353831572761153,0.9342399727492584,0.9315968841020762,0.9325134383208334,0.0032177661496741285,36
12,1.5226591587066651,0.2866243406291713,0.003861856460571289,0.006054917004326408,0.1,"(32, 32)",14,"{'NN__alpha': 0.1, 'NN__hidden_layer_sizes': (32, 32), 'rp__n_components': 14}",0.9369481085795661,0.9383062397716433,0.9345327861378284,0.9353463279648149,0.9352468483147063,0.9360760621537118,0.001366452751822183,3
13,1.07547025680542,0.2687219406702239,0.0,0.0,0.1,"(32,)",2,"{'NN__alpha': 0.1, 'NN__hidden_layer_sizes': (32,), 'rp__n_components': 2}",0.6700629520120277,0.6665933942692052,0.6458795364415908,0.6764673272354876,0.662744761942723,0.6643495943802069,0.010278473333439554,251
14,1.1435293674468994,0.12232843151336699,0.003326559066772461,0.006653118133544923,0.1,"(32,)",3,"{'NN__alpha': 0.1, 'NN__hidden_layer_sizes': (32,), 'rp__n_components': 3}",0.8802327357283821,0.8814545481211276,0.871016962833011,0.8746359154568197,0.8744643246692062,0.8763608973617092,0.0039004255458531863,214
15,1.535109043121338,0.4589722621660876,0.006494951248168945,0.008078253810793672,0.1,"(32,)",4,"{'NN__alpha': 0.1, 'NN__hidden_layer_sizes': (32,), 'rp__n_components': 4}",0.8469235992271792,0.8465767757997671,0.8538346997179292,0.8432271592394427,0.8534713208767074,0.8488067109722051,0.004163877391192309,237
16,1.6136845111846925,0.3684049926463459,0.004494428634643555,0.0061664425880396745,0.1,"(32,)",5,"{'NN__alpha': 0.1, 'NN__hidden_layer_sizes': (32,), 'rp__n_components': 5}",0.9113029363236641,0.9231545363352898,0.9069607353372255,0.9101115926473401,0.9005507058630271,0.9104161013013095,0.0073812263221172915,196
17,1.4208833694458007,0.10355165695715311,0.009378433227539062,0.007657459735180754,0.1,"(32,)",6,"{'NN__alpha': 0.1, 'NN__hidden_layer_sizes': (32,), 'rp__n_components': 6}",0.9253370738295975,0.9372023994316155,0.9263785732347511,0.9295039095088607,0.9308275468294074,0.9298499005668465,0.0041845061880780385,85
18,1.3175431728363036,0.688276480405008,0.0022021770477294923,0.0044043540954589845,0.1,"(32,)",7,"{'NN__alpha': 0.1, 'NN__hidden_layer_sizes': (32,), 'rp__n_components': 7}",0.9306213163761535,0.9188369103105556,0.9289979659633067,0.9103095131035226,0.9130195100248906,0.9203570431556859,0.00821125944265749,171
19,1.5334043502807617,0.4329623462593731,0.0011690139770507812,0.0023380279541015624,0.1,"(32,)",8,"{'NN__alpha': 0.1, 'NN__hidden_layer_sizes': (32,), 'rp__n_components': 8}",0.9276304268865541,0.9327592871504609,0.9215537082561073,0.9310561218251678,0.9244933242451168,0.9274985736726814,0.004116347637545092,127
20,1.5302684783935547,0.6898051038228369,0.003124713897705078,0.006249427795410156,0.1,"(32,)",9,"{'NN__alpha': 0.1, 'NN__hidden_layer_sizes': (32,), 'rp__n_components': 9}",0.9292515340093492,0.936766934996363,0.9196306775394318,0.9340790176471049,0.9088553030868041,0.9257166934558108,0.01025551048592159,152
21,1.314652681350708,0.39932652204141217,0.0,0.0,0.1,"(32,)",10,"{'NN__alpha': 0.1, 'NN__hidden_layer_sizes': (32,), 'rp__n_components': 10}",0.9315041201020748,0.9363789612106213,0.9152484561235467,0.9311450391746197,0.9329515489215522,0.9294456251064828,0.0073354981873342915,94
22,1.3231823921203614,0.08117866476304028,0.0033331871032714843,0.006666374206542969,0.1,"(32,)",11,"{'NN__alpha': 0.1, 'NN__hidden_layer_sizes': (32,), 'rp__n_components': 11}",0.9309534209974076,0.934896965599667,0.9325271149419162,0.9316743801528168,0.9248585187850809,0.9309820800953776,0.0033374111231043568,63
23,1.3379804134368896,0.18275643591395946,0.0,0.0,0.1,"(32,)",12,"{'NN__alpha': 0.1, 'NN__hidden_layer_sizes': (32,), 'rp__n_components': 12}",0.9263014552941534,0.9264696108348524,0.9238856109984732,0.9336471146095039,0.926052583197866,0.9272712749869697,0.0033221221188111665,134
24,0.8716531276702881,0.22596992891587647,0.003127431869506836,0.006254863739013673,0.1,"(32,)",13,"{'NN__alpha': 0.1, 'NN__hidden_layer_sizes': (32,), 'rp__n_components': 13}",0.9171680092987422,0.928414165206578,0.9269199663377659,0.9337277500685836,0.9327496645886492,0.9277959111000638,0.0058962395005541434,119
25,1.5515586376190185,0.3132415699799384,0.0031246662139892576,0.006249332427978514,0.1,"(32,)",14,"{'NN__alpha': 0.1, 'NN__hidden_layer_sizes': (32,), 'rp__n_components': 14}",0.9333060483521659,0.9340964802455183,0.9301015282935243,0.9372053778146471,0.9386047761800365,0.9346628421771783,0.0029990188668005424,8
26,1.2655158042907715,0.2938760026920213,0.006230449676513672,0.005862160390595917,0.1,"(16,)",2,"{'NN__alpha': 0.1, 'NN__hidden_layer_sizes': (16,), 'rp__n_components': 2}",0.6843814466362333,0.6552192356698753,0.6514442581508588,0.6660812790276477,0.6633568609286238,0.6640966160826478,0.011444217050615732,253
27,1.2574859619140626,0.09616751415942727,0.008851385116577149,0.007289771290452511,0.1,"(16,)",3,"{'NN__alpha': 0.1, 'NN__hidden_layer_sizes': (16,), 'rp__n_components': 3}",0.8802288712529643,0.8735933749527631,0.8672508573206003,0.8657184895370895,0.8629499872512717,0.8699483160629378,0.00621483051397309,223
28,1.3704087734222412,0.2048197026225402,0.0,0.0,0.1,"(16,)",4,"{'NN__alpha': 0.1, 'NN__hidden_layer_sizes': (16,), 'rp__n_components': 4}",0.8500465172407248,0.8513124077762511,0.8544516799903817,0.8512952677687651,0.8483694159057896,0.8510950577363825,0.0019941313202822054,229
29,1.600565767288208,0.364511202504062,0.0031246662139892576,0.006249332427978514,0.1,"(16,)",5,"{'NN__alpha': 0.1, 'NN__hidden_layer_sizes': (16,), 'rp__n_components': 5}",0.9113109402769056,0.9190294577897474,0.907296373638698,0.9013486317661114,0.9048099646198092,0.9087590736182543,0.006076881042597075,200
30,1.0459291458129882,0.18215083110092734,0.001802539825439453,0.0036050796508789065,0.1,"(16,)",6,"{'NN__alpha': 0.1, 'NN__hidden_layer_sizes': (16,), 'rp__n_components': 6}",0.9295129969743764,0.9276815913975766,0.9152344087257226,0.9260241930008222,0.9195071136136029,0.9235920607424202,0.005370924584131798,163
31,1.2964993953704833,0.38290033550948854,0.0062541961669921875,0.007659794752926522,0.1,"(16,)",7,"{'NN__alpha': 0.1, 'NN__hidden_layer_sizes': (16,), 'rp__n_components': 7}",0.9169650769881447,0.9283368604021662,0.917696719540164,0.9233823731704116,0.9209682420060413,0.9214698544213856,0.004137503611493497,166
32,1.122917890548706,0.26747628934964385,0.0,0.0,0.1,"(16,)",8,"{'NN__alpha': 0.1, 'NN__hidden_layer_sizes': (16,), 'rp__n_components': 8}",0.9084590434691604,0.9197024574233189,0.9186787615824131,0.924019228743107,0.9232720487390742,0.9188263079914147,0.005567775465533521,180
33,1.4154849529266358,0.22856008890932142,0.005028390884399414,0.0064551506783122985,0.1,"(16,)",9,"{'NN__alpha': 0.1, 'NN__hidden_layer_sizes': (16,), 'rp__n_components': 9}",0.9279140360126922,0.9342076835654476,0.9296306613587251,0.930911305384631,0.9213177591788965,0.9287962891000785,0.004269881527676522,100
34,1.068873357772827,0.28688249278582545,0.004840373992919922,0.006959406863105862,0.1,"(16,)",10,"{'NN__alpha': 0.1, 'NN__hidden_layer_sizes': (16,), 'rp__n_components': 10}",0.9237611388668203,0.9367514254774917,0.922455430401962,0.929106555698149,0.9253057895632565,0.9274760680015358,0.0051460344988631815,129
35,1.5591905117034912,0.2978442708214554,0.003124856948852539,0.006249713897705078,0.1,"(16,)",11,"{'NN__alpha': 0.1, 'NN__hidden_layer_sizes': (16,), 'rp__n_components': 11}",0.9259500408401801,0.9315339959711968,0.9220820771538923,0.9326988545926984,0.9303981779502076,0.928532629301635,0.003952854487411131,102
36,0.9862619400024414,0.19831936948171164,0.0,0.0,0.1,"(16,)",12,"{'NN__alpha': 0.1, 'NN__hidden_layer_sizes': (16,), 'rp__n_components': 12}",0.916675083045219,0.931826876322089,0.9231733655357837,0.931571492733708,0.9262849611530567,0.9259063557579713,0.005656417845261529,149
37,1.1349420547485352,0.16668787168840699,0.009490871429443359,0.0077521584113221095,0.1,"(16,)",13,"{'NN__alpha': 0.1, 'NN__hidden_layer_sizes': (16,), 'rp__n_components': 13}",0.9198190765506081,0.9371648276318919,0.9294294220550934,0.928400647367366,0.9326652277609564,0.9294958402731833,0.0057219227394098675,93
38,1.1624331951141358,0.26035898622634895,9.999275207519531e-05,0.0001999855041503906,0.1,"(16,)",14,"{'NN__alpha': 0.1, 'NN__hidden_layer_sizes': (16,), 'rp__n_components': 14}",0.9241639491348554,0.9237649672933027,0.9259371135373822,0.9320152106481286,0.9331991405430548,0.9278160762313448,0.003997252256146052,118
39,1.3275670051574706,0.24362848881784077,0.006250572204589844,0.007655356631010263,0.1,"(16, 16)",2,"{'NN__alpha': 0.1, 'NN__hidden_layer_sizes': (16, 16), 'rp__n_components': 2}",0.6705688389104676,0.6591397805479471,0.6512203193421858,0.6741333799560976,0.6616178151965983,0.6633360267906593,0.008200579334755355,257
40,1.3066112518310546,0.20152342727228617,0.007623291015625,0.00699717581654021,0.1,"(16, 16)",3,"{'NN__alpha': 0.1, 'NN__hidden_layer_sizes': (16, 16), 'rp__n_components': 3}",0.8860012807858055,0.8897032753367166,0.8756295474834542,0.8851472082281221,0.884446877522032,0.8841856378712262,0.004646298071023488,208
41,0.968458890914917,0.20494294518201925,0.006693601608276367,0.007731771707465678,0.1,"(16, 16)",4,"{'NN__alpha': 0.1, 'NN__hidden_layer_sizes': (16, 16), 'rp__n_components': 4}",0.8486330632323689,0.8516994100505721,0.8436541938453813,0.8456863115443206,0.8518147924101508,0.8482975542165587,0.0032383803901179322,239
42,2.0311784744262695,0.31460477683349025,0.0,0.0,0.1,"(16, 16)",5,"{'NN__alpha': 0.1, 'NN__hidden_layer_sizes': (16, 16), 'rp__n_components': 5}",0.914422035754007,0.9220780963625709,0.910880047330371,0.9143567716349505,0.9045913699582923,0.9132656642080385,0.005676640197613679,186
43,1.2577312469482422,0.16606859077821112,0.003125,0.006250000000000001,0.1,"(16, 16)",6,"{'NN__alpha': 0.1, 'NN__hidden_layer_sizes': (16, 16), 'rp__n_components': 6}",0.9296194885813753,0.9337969582203198,0.9262644787237229,0.928796592793994,0.9275541775713924,0.9292063391781609,0.0025611149379601407,96
44,1.4363194465637208,0.22460596094834087,0.004539299011230469,0.006344508407640097,0.1,"(16, 16)",7,"{'NN__alpha': 0.1, 'NN__hidden_layer_sizes': (16, 16), 'rp__n_components': 7}",0.9207899776003158,0.9313002206384321,0.9189599777232986,0.9134986435110184,0.9169116436795528,0.9202920926305236,0.006012980755949932,172
45,1.5303812503814698,0.20489653408805433,0.006225395202636719,0.008055268127233855,0.1,"(16, 16)",8,"{'NN__alpha': 0.1, 'NN__hidden_layer_sizes': (16, 16), 'rp__n_components': 8}",0.9304537452086417,0.9347849589905262,0.9246746588678194,0.9325768467353953,0.9300452251250696,0.9305070869854906,0.0033709783085882667,75
46,1.254704475402832,0.14672676919076652,0.0004331111907958984,0.0008662223815917968,0.1,"(16, 16)",9,"{'NN__alpha': 0.1, 'NN__hidden_layer_sizes': (16, 16), 'rp__n_components': 9}",0.9262754274874776,0.9337427372877558,0.9261484501555388,0.9261356150192929,0.9234939309396712,0.9271592321779473,0.0034533333407997233,136
47,0.945637321472168,0.09992767516273181,0.003126096725463867,0.006252193450927733,0.1,"(16, 16)",10,"{'NN__alpha': 0.1, 'NN__hidden_layer_sizes': (16, 16), 'rp__n_components': 10}",0.9291650873696421,0.9345712946976497,0.9311472474002241,0.9278489691005898,0.9213179805024179,0.9288101158141048,0.004378019312835599,99
48,1.3531423091888428,0.3356444564966482,0.003126192092895508,0.006252384185791016,0.1,"(16, 16)",11,"{'NN__alpha': 0.1, 'NN__hidden_layer_sizes': (16, 16), 'rp__n_components': 11}",0.9293580756959231,0.9280973724027425,0.9272255460010516,0.9318738840165747,0.9215525077298001,0.9276214771692184,0.0034150949110736367,123
49,1.4996184825897216,0.17509503885701733,0.0,0.0,0.1,"(16, 16)",12,"{'NN__alpha': 0.1, 'NN__hidden_layer_sizes': (16, 16), 'rp__n_components': 12}",0.9241759892207144,0.9371795260866531,0.9321835230824478,0.9323293514244397,0.9306001368209508,0.9312937053270411,0.004186887730381036,53
50,1.0492087841033935,0.1861946866719682,0.0,0.0,0.1,"(16, 16)",13,"{'NN__alpha': 0.1, 'NN__hidden_layer_sizes': (16, 16), 'rp__n_components': 13}",0.9189294572168477,0.9377543879320908,0.9319362495048151,0.9346733455460438,0.9297624342151329,0.930611174882986,0.006425969720855495,71
51,1.5508426666259765,0.33318656898002375,0.0,0.0,0.1,"(16, 16)",14,"{'NN__alpha': 0.1, 'NN__hidden_layer_sizes': (16, 16), 'rp__n_components': 14}",0.9324226204921157,0.933582253891271,0.9344214430611059,0.9358220789416217,0.9330316055770522,0.9338560003926333,0.001182736840577379,23
52,1.5978491306304932,0.5081332587042937,0.0031246185302734376,0.006249237060546875,0.1,"(32, 16, 32)",2,"{'NN__alpha': 0.1, 'NN__hidden_layer_sizes': (32, 16, 32), 'rp__n_components': 2}",0.6785062871110608,0.6747227769741544,0.6468800345527354,0.6763465455554666,0.680010944154142,0.6712933176695118,0.012339599956398242,244
53,1.5398889541625977,0.30093778534824106,0.003126382827758789,0.006252765655517578,0.1,"(32, 16, 32)",3,"{'NN__alpha': 0.1, 'NN__hidden_layer_sizes': (32, 16, 32), 'rp__n_components': 3}",0.8833752309547026,0.8950545024426051,0.8839262318985418,0.8845501054116094,0.8878187642475207,0.886944966990996,0.004338645544362043,202
54,2.4759287357330324,1.6721141723495607,0.0031264305114746095,0.006252861022949219,0.1,"(32, 16, 32)",4,"{'NN__alpha': 0.1, 'NN__hidden_layer_sizes': (32, 16, 32), 'rp__n_components': 4}",0.8757421513714083,0.8536226940128164,0.8831192898777347,0.841603479368178,0.8520101088273316,0.8612195446914939,0.01560654229443926,224
55,1.5256150722503663,0.3715711091840598,0.003002452850341797,0.006004905700683594,0.1,"(32, 16, 32)",5,"{'NN__alpha': 0.1, 'NN__hidden_layer_sizes': (32, 16, 32), 'rp__n_components': 5}",0.914883887511308,0.9202110727707464,0.9082503362222302,0.9095000757380852,0.9106950343574185,0.9127080813199576,0.004364496821764319,190
56,1.1410356521606446,0.23340808059644594,0.004026937484741211,0.006055735832113027,0.1,"(32, 16, 32)",6,"{'NN__alpha': 0.1, 'NN__hidden_layer_sizes': (32, 16, 32), 'rp__n_components': 6}",0.9245199054640064,0.9264764665874068,0.9258576556556591,0.9356722991381048,0.9229690674150837,0.9270990788520521,0.004452819634633941,137
57,1.480946159362793,0.6254368547585393,0.004029464721679687,0.006401843906216432,0.1,"(32, 16, 32)",7,"{'NN__alpha': 0.1, 'NN__hidden_layer_sizes': (32, 16, 32), 'rp__n_components': 7}",0.9088867573600385,0.9413881753535852,0.9212183890238659,0.9244070832762578,0.9218878589068562,0.9235576527841207,0.01041292088069531,164
58,1.5627499580383302,0.12051728324920191,0.012784862518310547,0.006395341305458118,0.1,"(32, 16, 32)",8,"{'NN__alpha': 0.1, 'NN__hidden_layer_sizes': (32, 16, 32), 'rp__n_components': 8}",0.9300971997231712,0.9352094103098202,0.9295899878454036,0.9282466383480832,0.93146492177771,0.9309216316008376,0.002378603051712121,65
59,1.5661188125610352,0.26811490436608704,0.008650875091552735,0.007185447110176084,0.1,"(32, 16, 32)",9,"{'NN__alpha': 0.1, 'NN__hidden_layer_sizes': (32, 16, 32), 'rp__n_components': 9}",0.9273292393244454,0.9354718784159357,0.9375044725299948,0.9372360013438231,0.9316844302324904,0.9338452043693379,0.003864209139898615,24
60,1.1250494003295899,0.1806560327018059,0.004929256439208984,0.006389141460703105,0.1,"(32, 16, 32)",10,"{'NN__alpha': 0.1, 'NN__hidden_layer_sizes': (32, 16, 32), 'rp__n_components': 10}",0.9299886782445808,0.9341300665879719,0.9262734893479598,0.9339475336592997,0.9323090438912127,0.931329762346205,0.0029331834596194183,52
61,2.129614019393921,0.09210803322932881,0.006261205673217774,0.0076683914125127975,0.1,"(32, 16, 32)",11,"{'NN__alpha': 0.1, 'NN__hidden_layer_sizes': (32, 16, 32), 'rp__n_components': 11}",0.9336271959438429,0.9393479563645617,0.9318349642090558,0.9344538833989161,0.9337419720259742,0.9346011943884701,0.002525565886258535,10
62,1.4050108909606933,0.18026233849557738,0.006249427795410156,0.007653954647501972,0.1,"(32, 16, 32)",12,"{'NN__alpha': 0.1, 'NN__hidden_layer_sizes': (32, 16, 32), 'rp__n_components': 12}",0.925646885134362,0.9335902071691647,0.932602553797764,0.9328119900585942,0.9346760950753729,0.9318655462470516,0.0031932529516257996,46
63,1.5388866901397704,0.30340013977908864,0.0039768218994140625,0.006054346399882914,0.1,"(32, 16, 32)",13,"{'NN__alpha': 0.1, 'NN__hidden_layer_sizes': (32, 16, 32), 'rp__n_components': 13}",0.9275797552926591,0.945799918080198,0.9310364873842644,0.9346010972833942,0.9369688985642458,0.9351972313209522,0.006184640301176551,7
64,1.2978277206420898,0.16836208090288077,0.006248998641967774,0.007653429083017494,0.1,"(32, 16, 32)",14,"{'NN__alpha': 0.1, 'NN__hidden_layer_sizes': (32, 16, 32), 'rp__n_components': 14}",0.9327417212909885,0.9347492561951329,0.9371216697977305,0.9359579708026908,0.9313830391606467,0.9343907314494379,0.0020884564085735047,13
65,1.2666005611419677,0.45504861048306144,0.006298255920410156,0.007750221756086635,0.01,"(32, 32)",2,"{'NN__alpha': 0.01, 'NN__hidden_layer_sizes': (32, 32), 'rp__n_components': 2}",0.6796045609562139,0.6591804825107078,0.6538604592602669,0.6639623560954833,0.6730531804582989,0.6659322078561941,0.00930413580462877,248
66,1.4545567989349366,0.3173411766603935,0.0,0.0,0.01,"(32, 32)",3,"{'NN__alpha': 0.01, 'NN__hidden_layer_sizes': (32, 32), 'rp__n_components': 3}",0.8794528580288351,0.8960379637897893,0.8751758116515858,0.8849938034019629,0.8850269933051742,0.8841374860354694,0.007005757927867293,209
67,1.8139559745788574,0.8847040754572432,0.00622715950012207,0.007626758134230751,0.01,"(32, 32)",4,"{'NN__alpha': 0.01, 'NN__hidden_layer_sizes': (32, 32), 'rp__n_components': 4}",0.8597557612691056,0.8700180319038808,0.858360913384776,0.8520504874329706,0.8514609762819924,0.8583292340545452,0.006712072744013509,225
68,1.4818108081817627,0.14960741179297743,0.007172250747680664,0.007103330191071202,0.01,"(32, 32)",5,"{'NN__alpha': 0.01, 'NN__hidden_layer_sizes': (32, 32), 'rp__n_components': 5}",0.9143776970778775,0.9290631709720052,0.9098716771498818,0.9069105728032915,0.9103570670117677,0.9141160370029647,0.007842811232883294,184
69,1.197149658203125,0.3047365743079955,0.0,0.0,0.01,"(32, 32)",6,"{'NN__alpha': 0.01, 'NN__hidden_layer_sizes': (32, 32), 'rp__n_components': 6}",0.9285448945605004,0.9339088935899581,0.9192583434707264,0.933500529701454,0.9258845119919241,0.9282194346629126,0.005405901424697919,110
70,1.6835374355316162,0.615437285894852,0.003138828277587891,0.006277656555175782,0.01,"(32, 32)",7,"{'NN__alpha': 0.01, 'NN__hidden_layer_sizes': (32, 32), 'rp__n_components': 7}",0.9307902799891963,0.9191363655477244,0.9235699342505336,0.9184545291156886,0.9298967285985806,0.9243695675003447,0.0051920815435317486,161
71,1.2008634090423584,0.4244336516053313,0.0031246662139892576,0.006249332427978514,0.01,"(32, 32)",8,"{'NN__alpha': 0.01, 'NN__hidden_layer_sizes': (32, 32), 'rp__n_components': 8}",0.929777554348988,0.9213296924724952,0.9307774949315234,0.9246711741244947,0.9287752901906974,0.9270662412136398,0.003540898453879517,138
72,1.6067455768585206,0.31991806929913047,0.0031497001647949217,0.006299400329589843,0.01,"(32, 32)",9,"{'NN__alpha': 0.01, 'NN__hidden_layer_sizes': (32, 32), 'rp__n_components': 9}",0.9301303098023084,0.9418874989819269,0.9266853563843743,0.9346492183320495,0.9379128954953291,0.9342530557991976,0.0054056119552206155,16
73,1.235226583480835,0.1323566662931939,0.006249141693115234,0.007653604252610859,0.01,"(32, 32)",10,"{'NN__alpha': 0.01, 'NN__hidden_layer_sizes': (32, 32), 'rp__n_components': 10}",0.9304782176341443,0.9332800788247202,0.9308741277619041,0.9315838873588983,0.9327128655190142,0.9317858354197363,0.0010652705106335828,47
74,1.3307337284088134,0.279772650617564,0.004717111587524414,0.006354113074357811,0.01,"(32, 32)",11,"{'NN__alpha': 0.01, 'NN__hidden_layer_sizes': (32, 32), 'rp__n_components': 11}",0.9305132711608796,0.9334367116704272,0.9268233469218886,0.9301638381048672,0.9352624994409324,0.9312399334597992,0.002905137777651537,55
75,1.6975847244262696,0.19732643693746652,0.0,0.0,0.01,"(32, 32)",12,"{'NN__alpha': 0.01, 'NN__hidden_layer_sizes': (32, 32), 'rp__n_components': 12}",0.9306849879374888,0.9358423567595158,0.9299387947348394,0.9362014470877712,0.9320249695940639,0.9329385112227359,0.0026073087225350093,33
76,1.227215051651001,0.10836706645576573,0.006967878341674805,0.008545834556441256,0.01,"(32, 32)",13,"{'NN__alpha': 0.01, 'NN__hidden_layer_sizes': (32, 32), 'rp__n_components': 13}",0.926612941979108,0.935694167379659,0.93122545320898,0.9343856071054192,0.9368176934722102,0.9329471726290752,0.003679206468469233,32
77,1.6096602916717528,0.3471693749381594,0.0011281013488769532,0.0022562026977539064,0.01,"(32, 32)",14,"{'NN__alpha': 0.01, 'NN__hidden_layer_sizes': (32, 32), 'rp__n_components': 14}",0.9342670966246824,0.9376854500128161,0.9341807337523834,0.9361765365733103,0.9399959013354402,0.9364611436597265,0.0021949282814417836,1
78,1.030180311203003,0.21092591909336272,0.0062526226043701175,0.007657867530172744,0.01,"(32,)",2,"{'NN__alpha': 0.01, 'NN__hidden_layer_sizes': (32,), 'rp__n_components': 2}",0.6702602749457691,0.6662062475405952,0.6451110162250604,0.6762221343073679,0.6580965442534885,0.6631792434544562,0.010786245212306571,258
79,1.113591718673706,0.09672462104845529,0.003239870071411133,0.006479740142822266,0.01,"(32,)",3,"{'NN__alpha': 0.01, 'NN__hidden_layer_sizes': (32,), 'rp__n_components': 3}",0.8799933160409521,0.8811154206243171,0.8619507825787175,0.8754081162290205,0.8738247112443844,0.8744584693434783,0.006821953313542365,218
80,1.2928376197814941,0.22480437535012143,0.006261396408081055,0.007668637238325116,0.01,"(32,)",4,"{'NN__alpha': 0.01, 'NN__hidden_layer_sizes': (32,), 'rp__n_components': 4}",0.8477401386755095,0.8472033422158071,0.8526790327727887,0.8431578684579714,0.844876341111658,0.847131344646747,0.0032257157757391466,240
81,1.484936285018921,0.353961934185363,0.005238962173461914,0.006667329157663177,0.01,"(32,)",5,"{'NN__alpha': 0.01, 'NN__hidden_layer_sizes': (32,), 'rp__n_components': 5}",0.9137818413814571,0.9232964901357801,0.8997507589620032,0.9097705675951469,0.898952307349613,0.9091103930848,0.009102670661166549,199
82,1.346236515045166,0.18701968025098054,0.0,0.0,0.01,"(32,)",6,"{'NN__alpha': 0.01, 'NN__hidden_layer_sizes': (32,), 'rp__n_components': 6}",0.924420826571887,0.9368152527030054,0.9246431888675807,0.9306595764540013,0.9282636588996658,0.9289605006992281,0.004567655823046473,98
83,1.218015193939209,0.565103528781672,0.001201963424682617,0.0014721031755678734,0.01,"(32,)",7,"{'NN__alpha': 0.01, 'NN__hidden_layer_sizes': (32,), 'rp__n_components': 7}",0.9300368467138018,0.9188369103105556,0.9225920886588569,0.9117716039749453,0.9127764097817903,0.9192027718879899,0.006715934583812988,177
84,1.3129362106323241,0.16737991913906247,0.0012660503387451171,0.0025321006774902343,0.01,"(32,)",8,"{'NN__alpha': 0.01, 'NN__hidden_layer_sizes': (32,), 'rp__n_components': 8}",0.9261834912290922,0.9317508312222424,0.9185451231552637,0.9286064002295437,0.92497520076278,0.9260122093197843,0.0043937161456739935,148
85,1.241047477722168,0.5471179530809062,0.009592008590698243,0.007841706827976738,0.01,"(32,)",9,"{'NN__alpha': 0.01, 'NN__hidden_layer_sizes': (32,), 'rp__n_components': 9}",0.9313330400360927,0.9231502346235959,0.9239263438185138,0.9349057559377776,0.9100400494770299,0.9246710847786019,0.008556459079277288,157
86,1.2787315368652343,0.2517006759036505,0.0,0.0,0.01,"(32,)",10,"{'NN__alpha': 0.01, 'NN__hidden_layer_sizes': (32,), 'rp__n_components': 10}",0.9297831671423673,0.935319321519191,0.9247808504044565,0.9297311167724183,0.935295642812589,0.9309820197302043,0.003971801547141711,64
87,1.248652744293213,0.10901371044841947,0.004357671737670899,0.006117187709570175,0.01,"(32,)",11,"{'NN__alpha': 0.01, 'NN__hidden_layer_sizes': (32,), 'rp__n_components': 11}",0.9299358780596656,0.9311409094233125,0.9348218202081089,0.930733685765874,0.9259064741237041,0.9305077535161329,0.002848224597604127,74
88,1.317574691772461,0.16491750338266506,0.0,0.0,0.01,"(32,)",12,"{'NN__alpha': 0.01, 'NN__hidden_layer_sizes': (32,), 'rp__n_components': 12}",0.9263014552941534,0.9259108965670543,0.9237787786584221,0.9348720452188417,0.926557378755665,0.9274841108988273,0.0038221347597060464,128
89,0.9899850368499756,0.3629546923839223,0.003124713897705078,0.006249427795410156,0.01,"(32,)",13,"{'NN__alpha': 0.01, 'NN__hidden_layer_sizes': (32,), 'rp__n_components': 13}",0.9175551560273524,0.9288989270595492,0.9298722012276731,0.9342568505976842,0.9317386875418856,0.9284643644908289,0.005752491024662639,103
90,1.4265359878540038,0.4203479184395182,0.006252288818359375,0.007657459668371291,0.01,"(32,)",14,"{'NN__alpha': 0.01, 'NN__hidden_layer_sizes': (32,), 'rp__n_components': 14}",0.9334577544238591,0.9356852204660494,0.9291400071070455,0.938267689705047,0.9354575030780033,0.9344016349560009,0.003042514310735421,12
91,1.0902674674987793,0.1965419158449858,0.005187702178955078,0.006829675148334307,0.01,"(16,)",2,"{'NN__alpha': 0.01, 'NN__hidden_layer_sizes': (16,), 'rp__n_components': 2}",0.6841171328737573,0.6563150197376892,0.6533172691288164,0.6630535578613265,0.6620063683393057,0.6637618695881791,0.010793196792552813,254
92,1.317124032974243,0.14968022990344362,0.003124904632568359,0.0062498092651367175,0.01,"(16,)",3,"{'NN__alpha': 0.01, 'NN__hidden_layer_sizes': (16,), 'rp__n_components': 3}",0.8799894515655343,0.874096393061415,0.871021640250841,0.8675228089470428,0.8634790877803721,0.8712218763210411,0.005635728710029311,222
93,1.28717360496521,0.10223953789873433,0.0,0.0,0.01,"(16,)",4,"{'NN__alpha': 0.01, 'NN__hidden_layer_sizes': (16,), 'rp__n_components': 4}",0.8488335662657872,0.8504958683279208,0.8531034423518217,0.849048461048003,0.8471695487212767,0.849730177342962,0.0019895058166873154,233
94,1.8494709014892579,0.3146713335216118,0.0043274879455566405,0.006109148418478417,0.01,"(16,)",5,"{'NN__alpha': 0.01, 'NN__hidden_layer_sizes': (16,), 'rp__n_components': 5}",0.9123262412922066,0.9258121983864113,0.9059150330661021,0.9061103870731116,0.9049090929152395,0.9110145905466143,0.007848865204500849,195
95,1.0986763954162597,0.1789378222764562,0.0,0.0,0.01,"(16,)",6,"{'NN__alpha': 0.01, 'NN__hidden_layer_sizes': (16,), 'rp__n_components': 6}",0.9295129969743764,0.9276815913975766,0.9151858099799728,0.9298580158649361,0.9215631890714598,0.9247603206576643,0.005639169379089096,155
96,1.207174825668335,0.16972737138902433,0.0,0.0,0.01,"(16,)",7,"{'NN__alpha': 0.01, 'NN__hidden_layer_sizes': (16,), 'rp__n_components': 7}",0.9178813242458552,0.9289213300645178,0.9182727564065234,0.91889964104316,0.9200540874333504,0.9208058278386814,0.004123814017601946,170
97,1.2762506008148193,0.47980004123138276,0.0,0.0,0.01,"(16,)",8,"{'NN__alpha': 0.01, 'NN__hidden_layer_sizes': (16,), 'rp__n_components': 8}",0.9122122084544164,0.9197024574233189,0.919073612355644,0.9301047104695843,0.9229755209673183,0.9208137019340563,0.00581798534414893,169
98,1.3572004795074464,0.2226623483335083,0.0,0.0,0.01,"(16,)",9,"{'NN__alpha': 0.01, 'NN__hidden_layer_sizes': (16,), 'rp__n_components': 9}",0.9269721825978493,0.9313605715657589,0.9293349388809248,0.9318703781474015,0.919583823518549,0.9278243789420968,0.004467427704338887,117
99,1.1229936599731445,0.29128481586263216,0.0009031295776367188,0.0018062591552734375,0.01,"(16,)",10,"{'NN__alpha': 0.01, 'NN__hidden_layer_sizes': (16,), 'rp__n_components': 10}",0.9249204863676312,0.9355440587448811,0.9229845309310625,0.9327156247945841,0.923183258467476,0.9278695918611269,0.00523267123600649,116
100,1.5790229797363282,0.2743121383093887,0.006592607498168946,0.006558580073102152,0.01,"(16,)",11,"{'NN__alpha': 0.01, 'NN__hidden_layer_sizes': (16,), 'rp__n_components': 11}",0.9280046031269676,0.9320630965002973,0.9276881000643273,0.9323378174018112,0.930926421364773,0.9302040076916352,0.001984863129845322,78
101,0.9063924789428711,0.1715482979349533,0.0,0.0,0.01,"(16,)",12,"{'NN__alpha': 0.01, 'NN__hidden_layer_sizes': (16,), 'rp__n_components': 12}",0.9171598448981901,0.9331739549327491,0.9243265968626247,0.93036268593409,0.927162781412085,0.9264371728079478,0.005510784672133362,141
102,1.2215907096862793,0.23168835036497393,0.003124713897705078,0.006249427795410156,0.01,"(16,)",13,"{'NN__alpha': 0.01, 'NN__hidden_layer_sizes': (16,), 'rp__n_components': 13}",0.9201065154698379,0.9401806705934425,0.928225156364203,0.9273869342227158,0.9324484506363372,0.9296695454573074,0.006587172110448193,90
103,1.1580535411834716,0.24398362015239755,0.002002525329589844,0.004005050659179689,0.01,"(16,)",14,"{'NN__alpha': 0.01, 'NN__hidden_layer_sizes': (16,), 'rp__n_components': 14}",0.9237768024062453,0.9253347677271192,0.9267542324996625,0.9320152106481286,0.9334871589762345,0.9282736344514781,0.0038038729937613855,106
104,1.217092514038086,0.17212769483993842,0.0,0.0,0.01,"(16, 16)",2,"{'NN__alpha': 0.01, 'NN__hidden_layer_sizes': (16, 16), 'rp__n_components': 2}",0.6710725110709098,0.6618973108557599,0.6484016751388051,0.667317825574909,0.6638094278013889,0.6624997500883545,0.007714142703920653,260
105,1.2834580898284913,0.1207080440582182,0.003127384185791016,0.0062547683715820325,0.01,"(16, 16)",3,"{'NN__alpha': 0.01, 'NN__hidden_layer_sizes': (16, 16), 'rp__n_components': 3}",0.8848563597475838,0.8891720821225966,0.8772698270441445,0.8855552088735424,0.8828629550608345,0.8839432865697404,0.003910868887704167,210
106,1.0689216613769532,0.3075210066743305,0.0032271385192871095,0.006454277038574219,0.01,"(16, 16)",4,"{'NN__alpha': 0.01, 'NN__hidden_layer_sizes': (16, 16), 'rp__n_components': 4}",0.8491463176504385,0.850020553844553,0.844655393062019,0.8510657193488155,0.8565178516568763,0.8502811671125403,0.0038083301474952824,231
107,2.0389341354370116,0.31112694900649396,0.0,0.0,0.01,"(16, 16)",5,"{'NN__alpha': 0.01, 'NN__hidden_layer_sizes': (16, 16), 'rp__n_components': 5}",0.9122269176108257,0.9243356489902518,0.9096847935621969,0.9140687532017707,0.9049828406554398,0.9130597908040968,0.006410684687254404,188
108,1.5126051425933837,0.3934114119062539,0.006806325912475586,0.007699432520785689,0.01,"(16, 16)",6,"{'NN__alpha': 0.01, 'NN__hidden_layer_sizes': (16, 16), 'rp__n_components': 6}",0.929906927500605,0.9365953389061228,0.9274873911858812,0.9315920935031371,0.9299007595598843,0.9310965021311262,0.0030447786980144793,61
109,1.322084379196167,0.1680156376726807,0.0031261444091796875,0.006252288818359375,0.01,"(16, 16)",7,"{'NN__alpha': 0.01, 'NN__hidden_layer_sizes': (16, 16), 'rp__n_components': 7}",0.9257957237828764,0.9266868251537499,0.9143271446689989,0.91693964926924,0.9171005338173023,0.9201699753384334,0.005061887495236984,173
110,1.636139154434204,0.2908833505090435,0.003124856948852539,0.006249713897705078,0.01,"(16, 16)",8,"{'NN__alpha': 0.01, 'NN__hidden_layer_sizes': (16, 16), 'rp__n_components': 8}",0.9281338300513969,0.9341273514124484,0.9246855860743075,0.9324593129468627,0.9310601978424661,0.9300932556654964,0.003343332824369827,81
111,1.1993954181671143,0.05523417159778228,0.003124523162841797,0.006249046325683594,0.01,"(16, 16)",9,"{'NN__alpha': 0.01, 'NN__hidden_layer_sizes': (16, 16), 'rp__n_components': 9}",0.927237452054547,0.9281273036010705,0.92629206636452,0.9252193677615823,0.9238810776682813,0.9261514534900002,0.001491746540204542,145
112,1.0002015113830567,0.12320300351772592,0.0030571460723876954,0.006114292144775392,0.01,"(16, 16)",10,"{'NN__alpha': 0.01, 'NN__hidden_layer_sizes': (16, 16), 'rp__n_components': 10}",0.9285404531913108,0.9347169290538104,0.9288335679496424,0.9288361695482626,0.9194919771783937,0.928083819384284,0.004881691602162071,111
113,1.3296555042266847,0.07861860257284603,0.0008042335510253906,0.0016084671020507812,0.01,"(16, 16)",11,"{'NN__alpha': 0.01, 'NN__hidden_layer_sizes': (16, 16), 'rp__n_components': 11}",0.9272994559969298,0.9284305838481987,0.9268400616809321,0.9310298823067629,0.9262154382748298,0.9279630844215306,0.0016958569986126664,114
114,1.4271918773651122,0.39363745622520885,0.006249475479125977,0.007654013051230305,0.01,"(16, 16)",12,"{'NN__alpha': 0.01, 'NN__hidden_layer_sizes': (16, 16), 'rp__n_components': 12}",0.9235068212366171,0.9378281785514657,0.9273739717142004,0.9317961400631403,0.9333739898093192,0.9307758202749487,0.0049383846611902385,68
115,0.9899918556213378,0.18641572741019008,0.009375238418579101,0.007654850722077919,0.01,"(16, 16)",13,"{'NN__alpha': 0.01, 'NN__hidden_layer_sizes': (16, 16), 'rp__n_components': 13}",0.9192685847136581,0.9367965487350604,0.9283291985555594,0.9353219980108564,0.9300055344582331,0.9299443728946735,0.006204130040646781,83
116,1.4828806877136231,0.2461998631683576,0.007009458541870117,0.007171012874302103,0.01,"(16, 16)",14,"{'NN__alpha': 0.01, 'NN__hidden_layer_sizes': (16, 16), 'rp__n_components': 14}",0.9349810686338195,0.9324784533121849,0.9316762673831213,0.9352366756221508,0.9333240225166096,0.9335392974935772,0.0013858146642003303,27
117,1.723465585708618,0.5193155258849844,0.0,0.0,0.01,"(32, 16, 32)",2,"{'NN__alpha': 0.01, 'NN__hidden_layer_sizes': (32, 16, 32), 'rp__n_components': 2}",0.6921531716020085,0.671042427661862,0.6472932637017942,0.6758838571076006,0.673097985807374,0.6718941411761279,0.014378622863990463,242
118,1.4826791763305665,0.2175177208191214,0.0031248092651367187,0.006249618530273437,0.01,"(32, 16, 32)",3,"{'NN__alpha': 0.01, 'NN__hidden_layer_sizes': (32, 16, 32), 'rp__n_components': 3}",0.8846321935798745,0.8933451848404257,0.8845037222509619,0.8821845011900029,0.8878935875716496,0.886511837886583,0.003870278976898411,203
119,3.6103864669799806,1.621020471378419,0.0018268585205078124,0.0022549832670439775,0.01,"(32, 16, 32)",4,"{'NN__alpha': 0.01, 'NN__hidden_layer_sizes': (32, 16, 32), 'rp__n_components': 4}",0.8836114747667505,0.8500883060825797,0.8842559735059148,0.868699319624751,0.8858131921727453,0.8744936532305483,0.013680385959006506,217
120,1.6066894054412841,0.3872510058253832,0.0031259536743164064,0.006251907348632813,0.01,"(32, 16, 32)",5,"{'NN__alpha': 0.01, 'NN__hidden_layer_sizes': (32, 16, 32), 'rp__n_components': 5}",0.9132434587131962,0.9209992878761871,0.9068415949031011,0.90742535586638,0.9087928217780997,0.9114605038273927,0.005270684879380122,192
121,1.0875168800354005,0.1793962261661244,0.009584379196166993,0.007834497171756206,0.01,"(32, 16, 32)",6,"{'NN__alpha': 0.01, 'NN__hidden_layer_sizes': (32, 16, 32), 'rp__n_components': 6}",0.9253881334899173,0.9250574949127546,0.9249414083979485,0.9361394097711003,0.9225819206864736,0.9268216734516388,0.00476441965069786,139
122,1.6774758338928222,0.8690073413398197,0.0,0.0,0.01,"(32, 16, 32)",7,"{'NN__alpha': 0.01, 'NN__hidden_layer_sizes': (32, 16, 32), 'rp__n_components': 7}",0.9100904435369789,0.9465143014571809,0.9222316718919876,0.9270406794585908,0.9243250192284759,0.9260404231146427,0.011764618583152682,146
123,1.7743220329284668,0.47296083203707623,0.0037973403930664064,0.00648226188243206,0.01,"(32, 16, 32)",8,"{'NN__alpha': 0.01, 'NN__hidden_layer_sizes': (32, 16, 32), 'rp__n_components': 8}",0.9308515746107923,0.9376279623582439,0.9264933778485722,0.9285346567812629,0.930451852045927,0.9307918847289596,0.0037529556850494513,67
124,1.564396905899048,0.2141137279148574,0.003124046325683594,0.006248092651367188,0.01,"(32, 16, 32)",9,"{'NN__alpha': 0.01, 'NN__hidden_layer_sizes': (32, 16, 32), 'rp__n_components': 9}",0.9276203475894562,0.9352302168060648,0.9355059802441056,0.9352221433340253,0.9309308479688202,0.9329019071884945,0.0031421541709761493,34
125,1.3951775074005126,0.3144504547885608,0.0027645587921142577,0.005529117584228515,0.01,"(32, 16, 32)",10,"{'NN__alpha': 0.01, 'NN__hidden_layer_sizes': (32, 16, 32), 'rp__n_components': 10}",0.9304916963532327,0.9353141975471588,0.9342598060323737,0.9302607507615123,0.9327184029061049,0.9326089707200765,0.002002621908195626,35
126,1.8352644920349122,0.3152322995728282,0.003126859664916992,0.006253719329833984,0.01,"(32, 16, 32)",11,"{'NN__alpha': 0.01, 'NN__hidden_layer_sizes': (32, 16, 32), 'rp__n_components': 11}",0.9320366900641874,0.9365356922675158,0.9308272811034203,0.9341797338131861,0.9345772950778471,0.9336313384652314,0.002001823348386798,25
127,1.5126461505889892,0.1155419708317491,0.002644968032836914,0.005289936065673828,0.01,"(32, 16, 32)",12,"{'NN__alpha': 0.01, 'NN__hidden_layer_sizes': (32, 16, 32), 'rp__n_components': 12}",0.926434922451329,0.9343830553569087,0.9300820233047254,0.9344576125834456,0.9354960892993676,0.9321707405991553,0.003418900811632095,39
128,1.4297710418701173,0.21557379006957134,0.003124570846557617,0.006249141693115234,0.01,"(32, 16, 32)",13,"{'NN__alpha': 0.01, 'NN__hidden_layer_sizes': (32, 16, 32), 'rp__n_components': 13}",0.9298241413743153,0.9396081393707717,0.9300227742396142,0.9322411646473633,0.9357176965360965,0.9334827832336321,0.0037259566418176046,28
129,1.3062652587890624,0.23500746137784367,0.0032243251800537108,0.006202738619977094,0.01,"(32, 16, 32)",14,"{'NN__alpha': 0.01, 'NN__hidden_layer_sizes': (32, 16, 32), 'rp__n_components': 14}",0.9340169401718414,0.9360435380374011,0.9334938821069382,0.9355305656963527,0.9317701858892568,0.9341710223803581,0.0015232169279396446,17
130,1.2406057357788085,0.433868415491236,0.0,0.0,0.001,"(32, 32)",2,"{'NN__alpha': 0.001, 'NN__hidden_layer_sizes': (32, 32), 'rp__n_components': 2}",0.6800413035773852,0.6585539160946676,0.6580523039965543,0.6633810636082113,0.6696762843984759,0.6659409743350588,0.008199081876622915,247
131,1.3202003955841064,0.1497718592936927,0.0032555103302001954,0.00651102066040039,0.001,"(32, 32)",3,"{'NN__alpha': 0.001, 'NN__hidden_layer_sizes': (32, 32), 'rp__n_components': 3}",0.8794528580288351,0.8929442894689366,0.8838328145713386,0.8862842671755511,0.8851070007662484,0.8855242460021818,0.004371074536714104,205
132,1.3712846279144286,0.3491050038599304,0.0024000167846679687,0.0019596055065859066,0.001,"(32, 32)",4,"{'NN__alpha': 0.001, 'NN__hidden_layer_sizes': (32, 32), 'rp__n_components': 4}",0.8518818034433188,0.8536551941594802,0.8545633999472796,0.8522935876760708,0.851314911649303,0.8527417793750904,0.0011940698460772884,228
133,1.5903346538543701,0.31251768077484576,0.0031259536743164064,0.006251907348632813,0.001,"(32, 32)",5,"{'NN__alpha': 0.001, 'NN__hidden_layer_sizes': (32, 32), 'rp__n_components': 5}",0.9151498978500784,0.9230543682556142,0.9098716771498818,0.9112890509357149,0.9116485694903514,0.9142027127363281,0.0047543644608339045,183
134,1.3092266082763673,0.1966009941589473,0.0,0.0,0.001,"(32, 32)",6,"{'NN__alpha': 0.001, 'NN__hidden_layer_sizes': (32, 32), 'rp__n_components': 6}",0.9296744790851923,0.9353281589563208,0.927519634775153,0.9316826572600567,0.9246997656016982,0.9297809391356842,0.003614729179311191,88
135,2.0084836959838865,0.44595029961998744,0.008453130722045898,0.00710495018437794,0.001,"(32, 32)",7,"{'NN__alpha': 0.001, 'NN__hidden_layer_sizes': (32, 32), 'rp__n_components': 7}",0.9333637800942269,0.9331935128652533,0.9222947153696807,0.9250674776084002,0.9271968726800472,0.9282232717235217,0.004411086833205658,109
136,1.2121253490447998,0.4206900242810029,0.0,0.0,0.001,"(32, 32)",8,"{'NN__alpha': 0.001, 'NN__hidden_layer_sizes': (32, 32), 'rp__n_components': 8}",0.9304041207650281,0.9214271583594348,0.9307774949315234,0.9246711741244947,0.9287752901906974,0.9272110476742357,0.0036129337028793043,135
137,1.6179146766662598,0.32947760053359687,0.006392431259155273,0.00783234439280365,0.001,"(32, 32)",9,"{'NN__alpha': 0.001, 'NN__hidden_layer_sizes': (32, 32), 'rp__n_components': 9}",0.9298428708830788,0.9418874989819269,0.9270725031129844,0.9346492183320495,0.9379128954953291,0.9342729973610737,0.00534498220031709,15
138,1.1374844074249268,0.11943674297281591,0.0009026050567626954,0.0018052101135253907,0.001,"(32, 32)",10,"{'NN__alpha': 0.001, 'NN__hidden_layer_sizes': (32, 32), 'rp__n_components': 10}",0.9328486012133468,0.9315090251580825,0.9311135474493341,0.9322104537749384,0.9307559183565876,0.931687509190458,0.0007550835497998618,49
139,1.4930095195770263,0.5907899954161875,0.0070722103118896484,0.007148922947342918,0.001,"(32, 32)",11,"{'NN__alpha': 0.001, 'NN__hidden_layer_sizes': (32, 32), 'rp__n_components': 11}",0.9305132711608796,0.9334367116704272,0.9264362001932784,0.9301638381048672,0.9357644955598579,0.931262903337862,0.00316407115068361,54
140,1.6371588230133056,0.2233461564579806,0.00020346641540527343,0.00040693283081054686,0.001,"(32, 32)",12,"{'NN__alpha': 0.001, 'NN__hidden_layer_sizes': (32, 32), 'rp__n_components': 12}",0.931550985250848,0.9354518391599673,0.9299387947348394,0.9362014470877712,0.9327971703662646,0.9331880473199382,0.002349286318374007,29
141,1.2898317337036134,0.14059965745007286,0.0031244754791259766,0.006248950958251953,0.001,"(32, 32)",13,"{'NN__alpha': 0.001, 'NN__hidden_layer_sizes': (32, 32), 'rp__n_components': 13}",0.926612941979108,0.9382396498162985,0.9342426195767872,0.9336134063332184,0.937015875525231,0.9339448986461287,0.004045538285044285,22
142,1.442228651046753,0.38229690512643083,0.0031269550323486327,0.0062539100646972655,0.001,"(32, 32)",14,"{'NN__alpha': 0.001, 'NN__hidden_layer_sizes': (32, 32), 'rp__n_components': 14}",0.9367199256887837,0.9373463225160056,0.9364684926636048,0.9368031029893505,0.9334495484683609,0.9361574784652211,0.001383917828632011,2
143,1.0976326942443848,0.2846638736298637,0.0,0.0,0.001,"(32,)",2,"{'NN__alpha': 0.001, 'NN__hidden_layer_sizes': (32,), 'rp__n_components': 2}",0.6699728360265393,0.6626973921970111,0.6502029591467272,0.6762221343073679,0.6618984143124513,0.6641987471980194,0.008733036365217519,252
144,1.1100297927856446,0.08159651785680659,0.0011508941650390625,0.002301788330078125,0.001,"(32,)",3,"{'NN__alpha': 0.001, 'NN__hidden_layer_sizes': (32,), 'rp__n_components': 3}",0.8799933160409521,0.8815025673529272,0.8619507825787175,0.8754081162290205,0.8738247112443844,0.8745358986892005,0.006898834321160694,216
145,1.33557186126709,0.26952953561842413,0.0007171154022216797,0.0014342308044433595,0.001,"(32,)",4,"{'NN__alpha': 0.001, 'NN__hidden_layer_sizes': (32,), 'rp__n_components': 4}",0.8508060277302173,0.846816195487197,0.8534781765184953,0.8485343382555104,0.844876341111658,0.8489022158206156,0.0030086009373876538,236
146,1.4860248565673828,0.35865660513524034,9.9945068359375e-05,0.00019989013671875,0.001,"(32,)",5,"{'NN__alpha': 0.001, 'NN__hidden_layer_sizes': (32,), 'rp__n_components': 5}",0.9137818413814571,0.9232964901357801,0.8997507589620032,0.9108837934195407,0.8997245081218137,0.909487478404119,0.00895767099458593,197
147,1.1543076515197754,0.24055149470341647,0.003124570846557617,0.006249141693115234,0.001,"(32,)",6,"{'NN__alpha': 0.001, 'NN__hidden_layer_sizes': (32,), 'rp__n_components': 6}",0.924420826571887,0.9286093453757251,0.9259037573488417,0.9306595764540013,0.9282636588996658,0.9275714329300243,0.002181766794626608,125
148,1.1823881626129151,0.565862236455403,0.0033396244049072265,0.006432764092327045,0.001,"(32,)",7,"{'NN__alpha': 0.001, 'NN__hidden_layer_sizes': (32,), 'rp__n_components': 7}",0.9296496999851916,0.9188369103105556,0.9229796656639958,0.9103095131035226,0.9127764097817903,0.9189104397690112,0.006978509573623127,178
149,1.344749641418457,0.15131967099838,0.0,0.0,0.001,"(32,)",8,"{'NN__alpha': 0.001, 'NN__hidden_layer_sizes': (32,), 'rp__n_components': 8}",0.9265706379577023,0.9317508312222424,0.9170300543104524,0.9291094183381956,0.92497520076278,0.9258872285182745,0.0049902449226863505,151
150,1.2619581699371338,0.5623322833101625,0.0031271457672119142,0.0062542915344238285,0.001,"(32,)",9,"{'NN__alpha': 0.001, 'NN__hidden_layer_sizes': (32,), 'rp__n_components': 9}",0.9308300219274408,0.9231502346235959,0.9239263438185138,0.9352929026663876,0.9104271962056402,0.9247253398483158,0.008443894716921209,156
151,1.2255130767822267,0.20478216124381265,0.0064563751220703125,0.007913956946223889,0.001,"(32,)",10,"{'NN__alpha': 0.001, 'NN__hidden_layer_sizes': (32,), 'rp__n_components': 10}",0.9297831671423673,0.9347959830208908,0.9247808504044565,0.9297311167724183,0.9339019175435929,0.9305986069767451,0.0035719350293508265,72
152,1.2736135005950928,0.136607796728847,0.005128002166748047,0.006527060324367132,0.001,"(32,)",11,"{'NN__alpha': 0.001, 'NN__hidden_layer_sizes': (32,), 'rp__n_components': 11}",0.9317771611097677,0.9311409094233125,0.933662472707298,0.9297199726212237,0.9259064741237041,0.9304413979970614,0.0025974945900885697,76
153,1.3198802947998047,0.1519866940374086,0.0008033275604248047,0.0016066551208496094,0.001,"(32,)",12,"{'NN__alpha': 0.001, 'NN__hidden_layer_sizes': (32,), 'rp__n_components': 12}",0.9263014552941534,0.9259108965670543,0.923152212242382,0.9348720452188417,0.926557378755665,0.9273587976156193,0.003949706633914737,132
154,0.8609870433807373,0.2213307526897504,0.0031226634979248046,0.00624532699584961,0.001,"(32,)",13,"{'NN__alpha': 0.001, 'NN__hidden_layer_sizes': (32,), 'rp__n_components': 13}",0.9175551560273524,0.9288989270595492,0.926197864838717,0.9342568505976842,0.9317386875418856,0.9277294972130378,0.005760392899094554,121
155,1.4372565746307373,0.4178700662216882,0.003127002716064453,0.006254005432128907,0.001,"(32,)",14,"{'NN__alpha': 0.001, 'NN__hidden_layer_sizes': (32,), 'rp__n_components': 14}",0.9331703155046295,0.9359726593852788,0.9282237598493348,0.9377385891759463,0.9354575030780033,0.9341125653986385,0.0032858095226102986,19
156,1.0948545932769775,0.19367696603831813,0.0032268047332763674,0.006453609466552734,0.001,"(16,)",2,"{'NN__alpha': 0.001, 'NN__hidden_layer_sizes': (16,), 'rp__n_components': 2}",0.6834986456250626,0.6563150197376892,0.6527881685997158,0.6634407045899368,0.6622474504352265,0.6636579977975261,0.010656084459054346,255
157,1.3276237487792968,0.15352739327870082,0.0038277626037597655,0.006053953687505234,0.001,"(16,)",3,"{'NN__alpha': 0.001, 'NN__hidden_layer_sizes': (16,), 'rp__n_components': 3}",0.8799894515655343,0.8764404869524518,0.8703950738348009,0.8678108273802224,0.8628552574622187,0.8714982194390457,0.0060998625124259465,220
158,1.2737635135650636,0.07971772203667271,0.0,0.0,0.001,"(16,)",4,"{'NN__alpha': 0.001, 'NN__hidden_layer_sizes': (16,), 'rp__n_components': 4}",0.8488335662657872,0.84972366755572,0.8531034423518217,0.8497205713166016,0.8471695487212767,0.8497101592422414,0.0019358604398661402,234
159,1.825760507583618,0.3089736375033073,0.003124713897705078,0.006249427795410156,0.001,"(16,)",5,"{'NN__alpha': 0.001, 'NN__hidden_layer_sizes': (16,), 'rp__n_components': 5}",0.9130984420644074,0.9258121983864113,0.9066632169855995,0.9061103870731116,0.9049090929152395,0.9113186674849538,0.007786039890858734,193
160,1.0986670017242433,0.18116146799753943,0.0034183979034423826,0.006836795806884765,0.001,"(16,)",6,"{'NN__alpha': 0.001, 'NN__hidden_layer_sizes': (16,), 'rp__n_components': 6}",0.9292713353645055,0.9276815913975766,0.914682791871321,0.9298580158649361,0.9215631890714598,0.9246113847139596,0.005771254631185422,159
161,1.202280855178833,0.14681015412820667,0.0,0.0,0.001,"(16,)",7,"{'NN__alpha': 0.001, 'NN__hidden_layer_sizes': (16,), 'rp__n_components': 7}",0.9191565431267079,0.9289213300645178,0.9182727564065234,0.91889964104316,0.9200540874333504,0.9210608716148518,0.003971684590113651,167
162,1.3135993957519532,0.5106324751346585,0.0008656024932861328,0.0014564016457552006,0.001,"(16,)",8,"{'NN__alpha': 0.001, 'NN__hidden_layer_sizes': (16,), 'rp__n_components': 8}",0.9118250617258062,0.9197024574233189,0.9187855939224643,0.9294295453077944,0.9211040300128577,0.9201693376784483,0.005628228144403864,174
163,1.5650651454925537,0.4237025870260903,0.0,0.0,0.001,"(16,)",9,"{'NN__alpha': 0.001, 'NN__hidden_layer_sizes': (16,), 'rp__n_components': 9}",0.9269721825978493,0.9313605715657589,0.931322537069026,0.930021140547369,0.9226432150908183,0.9284639293741643,0.003319430788258639,104
164,1.1234197616577148,0.2876709721966656,0.0,0.0,0.001,"(16,)",10,"{'NN__alpha': 0.001, 'NN__hidden_layer_sizes': (16,), 'rp__n_components': 10}",0.9249204863676312,0.9354021049443907,0.9229845309310625,0.9327156247945841,0.9239554592396767,0.9279956412554691,0.005060134859331933,113
165,1.4793858528137207,0.2177993619452608,0.0,0.0,0.001,"(16,)",11,"{'NN__alpha': 0.001, 'NN__hidden_layer_sizes': (16,), 'rp__n_components': 11}",0.9275015850183157,0.9320630965002973,0.9276881000643273,0.9308362142451954,0.9313135680933833,0.9298805127843037,0.0019077030863871244,84
166,0.9077365875244141,0.17691034543313156,0.0,0.0,0.001,"(16,)",12,"{'NN__alpha': 0.001, 'NN__hidden_layer_sizes': (16,), 'rp__n_components': 12}",0.9171598448981901,0.9331739549327491,0.9243265968626247,0.93036268593409,0.927162781412085,0.9264371728079478,0.005510784672133362,141
167,1.215959119796753,0.22209139266760128,0.006250715255737305,0.007655531856292477,0.001,"(16,)",13,"{'NN__alpha': 0.001, 'NN__hidden_layer_sizes': (16,), 'rp__n_components': 13}",0.9201065154698379,0.9409528713656432,0.928225156364203,0.9273869342227158,0.9324484506363372,0.9298239856117474,0.006836148260285861,86
168,1.165008306503296,0.2604907628826359,0.0008019447326660156,0.0016038894653320312,0.001,"(16,)",14,"{'NN__alpha': 0.001, 'NN__hidden_layer_sizes': (16,), 'rp__n_components': 14}",0.9237768024062453,0.9253347677271192,0.9267542324996625,0.9320152106481286,0.9334871589762345,0.9282736344514781,0.0038038729937613855,106
169,1.157031202316284,0.19068415399001926,0.0031248092651367187,0.006249618530273437,0.001,"(16, 16)",2,"{'NN__alpha': 0.001, 'NN__hidden_layer_sizes': (16, 16), 'rp__n_components': 2}",0.6721783979082584,0.6608719132021978,0.6505102831525873,0.6704337746584086,0.6638094278013889,0.6635607593445683,0.007734451400518368,256
170,1.219248104095459,0.17657885598017672,0.00805668830871582,0.007009301806083623,0.001,"(16, 16)",3,"{'NN__alpha': 0.001, 'NN__hidden_layer_sizes': (16, 16), 'rp__n_components': 3}",0.8834910248812429,0.8829003959391751,0.8763552421949248,0.8844653140352916,0.8810709802291151,0.8816565914559499,0.0028722243160447538,211
171,0.9699916362762451,0.15646107835612,0.0,0.0,0.001,"(16, 16)",4,"{'NN__alpha': 0.001, 'NN__hidden_layer_sizes': (16, 16), 'rp__n_components': 4}",0.8503316428783505,0.850020553844553,0.8447545213574496,0.8522229741646067,0.8524993240250521,0.8499658032540024,0.0027859591985622064,232
172,2.088965892791748,0.21017043016734607,0.003125905990600586,0.006251811981201172,0.001,"(16, 16)",5,"{'NN__alpha': 0.001, 'NN__hidden_layer_sizes': (16, 16), 'rp__n_components': 5}",0.9101794979577723,0.9246230879094816,0.9092976468335867,0.9117089696414199,0.9074111368497736,0.9126440678384068,0.006148618307734666,191
173,1.4507041454315186,0.2648438985129762,0.0,0.0,0.001,"(16, 16)",6,"{'NN__alpha': 0.001, 'NN__hidden_layer_sizes': (16, 16), 'rp__n_components': 6}",0.929906927500605,0.9352386684715703,0.9274873911858812,0.9335122842931319,0.9295136128312741,0.9311317768564924,0.0028260796898593767,58
174,1.2998075008392334,0.17328438239809468,0.0032244205474853517,0.0064488410949707035,0.001,"(16, 16)",7,"{'NN__alpha': 0.001, 'NN__hidden_layer_sizes': (16, 16), 'rp__n_components': 7}",0.9257957237828764,0.9265925809003273,0.9140860625730779,0.9168421833823005,0.9170292925087419,0.9200691686294646,0.005114688265719338,176
175,1.7413469791412353,0.1433421502681556,0.005649471282958984,0.006983885609569274,0.001,"(16, 16)",8,"{'NN__alpha': 0.001, 'NN__hidden_layer_sizes': (16, 16), 'rp__n_components': 8}",0.9318265792138554,0.9339853976119579,0.9262350207363969,0.9323789175576553,0.9315892983715665,0.9312030426982864,0.002620817200635461,57
176,1.3229568004608154,0.2434009190007734,0.002304410934448242,0.0028619430794890387,0.001,"(16, 16)",9,"{'NN__alpha': 0.001, 'NN__hidden_layer_sizes': (16, 16), 'rp__n_components': 9}",0.927237452054547,0.9281273036010705,0.92629206636452,0.9245928013455422,0.9311223382201621,0.9274743923171684,0.0021675518139103313,130
177,1.1395434856414794,0.3152485947918304,0.006716537475585938,0.00825913386044265,0.001,"(16, 16)",10,"{'NN__alpha': 0.001, 'NN__hidden_layer_sizes': (16, 16), 'rp__n_components': 10}",0.9296460194295214,0.9344294901345808,0.9288335679496424,0.9338882605823426,0.9194919771783937,0.9292578630548963,0.005364504200275813,95
178,1.364013147354126,0.10971583358097407,0.0,0.0,0.001,"(16, 16)",11,"{'NN__alpha': 0.001, 'NN__hidden_layer_sizes': (16, 16), 'rp__n_components': 11}",0.9272994559969298,0.9273629337767698,0.927128080114112,0.9299696631013823,0.9258282915462196,0.9275176849070826,0.0013483034270752603,126
179,1.3935817718505858,0.27023044386860734,0.0,0.0,0.001,"(16, 16)",12,"{'NN__alpha': 0.001, 'NN__hidden_layer_sizes': (16, 16), 'rp__n_components': 12}",0.9217650967584742,0.937055977779265,0.9311569248101045,0.9320102994888467,0.9313964294281145,0.930676945652961,0.004952554309288423,70
180,1.0225782871246338,0.12241262522715327,0.0053288936614990234,0.006688111239415885,0.001,"(16, 16)",13,"{'NN__alpha': 0.001, 'NN__hidden_layer_sizes': (16, 16), 'rp__n_components': 13}",0.926441940543753,0.9344928805622362,0.9315041845861253,0.9353219980108564,0.9307312179728505,0.9316984443351644,0.00314779639948224,48
181,1.2919425964355469,0.12748913798214528,0.0,0.0,0.001,"(16, 16)",14,"{'NN__alpha': 0.001, 'NN__hidden_layer_sizes': (16, 16), 'rp__n_components': 14}",0.9275065801043232,0.9324784533121849,0.9309843591367201,0.9363536278944302,0.9340425826238159,0.9322731206142949,0.00297336548585876,38
182,1.6261390209198,0.6372869140947299,0.0031025886535644533,0.006205177307128907,0.001,"(32, 16, 32)",2,"{'NN__alpha': 0.001, 'NN__hidden_layer_sizes': (32, 16, 32), 'rp__n_components': 2}",0.6878720815932017,0.6701718084760886,0.6471941354063638,0.6809926616871864,0.6722743365063999,0.6717010047338481,0.013791971653684568,243
183,1.5131704807281494,0.21001111975583003,0.007353591918945313,0.00704930464768559,0.001,"(32, 16, 32)",3,"{'NN__alpha': 0.001, 'NN__hidden_layer_sizes': (32, 16, 32), 'rp__n_components': 3}",0.8831854071598338,0.894771443603101,0.8835388762475015,0.8821845011900029,0.8882329408484657,0.8863826338097809,0.004684640833688469,204
184,3.0341943740844726,1.5830166715559286,0.0061489582061767575,0.008394129739260982,0.001,"(32, 16, 32)",4,"{'NN__alpha': 0.001, 'NN__hidden_layer_sizes': (32, 16, 32), 'rp__n_components': 4}",0.8529169737194806,0.8947229412934065,0.887098615070839,0.869129291858421,0.8569755870075401,0.8721686817899374,0.016384711247835897,219
185,1.665485429763794,0.3289956762477821,0.006250905990600586,0.007655765508315171,0.001,"(32, 16, 32)",5,"{'NN__alpha': 0.001, 'NN__hidden_layer_sizes': (32, 16, 32), 'rp__n_components': 5}",0.9144965915452765,0.9209994371136085,0.9062421253954841,0.9164765268939019,0.9128169730970372,0.9142063308090617,0.004832043409264996,182
186,1.377614164352417,0.5812464765438072,0.006249046325683594,0.0076534874399548595,0.001,"(32, 16, 32)",6,"{'NN__alpha': 0.001, 'NN__hidden_layer_sizes': (32, 16, 32), 'rp__n_components': 6}",0.9331121710835164,0.9268636133160169,0.9241503718561168,0.9350959336503311,0.9225819206864736,0.9283608021184909,0.004925490263981416,105
187,1.8692806243896485,0.7086083868394476,0.0031248092651367187,0.006249618530273437,0.001,"(32, 16, 32)",7,"{'NN__alpha': 0.001, 'NN__hidden_layer_sizes': (32, 16, 32), 'rp__n_components': 7}",0.9106195440660794,0.9471104841794965,0.9303820883641571,0.9211249362842262,0.9277969159326542,0.9274067937653226,0.01198760589167374,131
188,1.744671630859375,0.47643711811307354,0.009581851959228515,0.00783274125748635,0.001,"(32, 16, 32)",8,"{'NN__alpha': 0.001, 'NN__hidden_layer_sizes': (32, 16, 32), 'rp__n_components': 8}",0.9307539594864314,0.9331688642949016,0.925043919229562,0.928921803509873,0.9308389987745371,0.929745509059061,0.002709815154200926,89
189,1.3968701362609863,0.3599103611997366,0.008404731750488281,0.00718194847908329,0.001,"(32, 16, 32)",9,"{'NN__alpha': 0.001, 'NN__hidden_layer_sizes': (32, 16, 32), 'rp__n_components': 9}",0.928392548361657,0.9357593173351654,0.9365433816200448,0.9284222014844954,0.9304740023204252,0.9319182902243576,0.0035463902603423835,44
190,1.3984532833099366,0.30219031103821614,0.005148553848266601,0.006731853798573774,0.001,"(32, 16, 32)",10,"{'NN__alpha': 0.001, 'NN__hidden_layer_sizes': (32, 16, 32), 'rp__n_components': 10}",0.9304916963532327,0.935074777859729,0.9334687694905422,0.9294885499893115,0.9321893023770044,0.932142619213964,0.0020063916835477216,40
191,1.8545951843261719,0.33596557008931915,0.0,0.0,0.001,"(32, 16, 32)",11,"{'NN__alpha': 0.001, 'NN__hidden_layer_sizes': (32, 16, 32), 'rp__n_components': 11}",0.934198393226632,0.9375212350898302,0.9318859124381501,0.9336767157045343,0.9344060683593213,0.9343376649636935,0.0018224784640153732,14
192,1.4302489757537842,0.20390193678485025,0.004028892517089844,0.0060589546382469875,0.001,"(32, 16, 32)",12,"{'NN__alpha': 0.001, 'NN__hidden_layer_sizes': (32, 16, 32), 'rp__n_components': 12}",0.9245056161007582,0.9346704942761384,0.9300820233047254,0.934556740878876,0.9330911871371997,0.9313812123395395,0.0038154707902992415,51
193,1.743821620941162,0.26420427094767673,0.006252813339233399,0.007658101069366155,0.001,"(32, 16, 32)",13,"{'NN__alpha': 0.001, 'NN__hidden_layer_sizes': (32, 16, 32), 'rp__n_components': 13}",0.9348236235838123,0.9435943477218083,0.9300227742396142,0.9322411646473633,0.9357176965360965,0.935279921345739,0.004613050589257999,6
194,1.440088415145874,0.20811311431393317,0.004789543151855469,0.0073352348713727825,0.001,"(32, 16, 32)",14,"{'NN__alpha': 0.001, 'NN__hidden_layer_sizes': (32, 16, 32), 'rp__n_components': 14}",0.9340169401718414,0.9412036597459791,0.93606145059235,0.9345168525517027,0.9309958924320366,0.935358959098782,0.0033526266994476604,5
195,1.2336191177368163,0.45239382680159784,0.006249713897705078,0.0076543050572464326,0.0001,"(32, 32)",2,"{'NN__alpha': 0.0001, 'NN__hidden_layer_sizes': (32, 32), 'rp__n_components': 2}",0.678740002276084,0.6588930435914782,0.6586283408629138,0.663198825819176,0.6707540047573416,0.6660428434613987,0.0077148662468491365,246
196,1.3905766963958741,0.17496390582157037,0.004726982116699219,0.006269744028472208,0.0001,"(32, 32)",3,"{'NN__alpha': 0.0001, 'NN__hidden_layer_sizes': (32, 32), 'rp__n_components': 3}",0.8857706921087486,0.8939559099285672,0.8747886649229756,0.8851546826508592,0.8847198540376381,0.8848779607297578,0.006084432489487639,207
197,1.7371496677398681,0.9256355607358411,0.002166414260864258,0.0026798974974204344,0.0001,"(32, 32)",4,"{'NN__alpha': 0.0001, 'NN__hidden_layer_sizes': (32, 32), 'rp__n_components': 4}",0.8555729759450157,0.871686010306723,0.8547355470004174,0.854173018528751,0.8509277649206928,0.85741906334032,0.007305187697125238,226
198,1.6436910152435302,0.24517523840616562,0.0031271457672119142,0.0062542915344238285,0.0001,"(32, 32)",5,"{'NN__alpha': 0.0001, 'NN__hidden_layer_sizes': (32, 32), 'rp__n_components': 5}",0.9143776970778775,0.9279075040268646,0.9098716771498818,0.9118181514648155,0.9119365879235312,0.9151823235285942,0.006521243143621754,181
199,1.4158538341522218,0.14899225959406537,0.006250953674316407,0.007655823788044129,0.0001,"(32, 32)",6,"{'NN__alpha': 0.0001, 'NN__hidden_layer_sizes': (32, 32), 'rp__n_components': 6}",0.9290181496930334,0.9330016174385343,0.9240423774588683,0.9358298388083086,0.9261725304251037,0.9296129027647696,0.004320979660799317,92
200,1.6402216911315919,0.5603329056098431,0.006281375885009766,0.007693241884285403,0.0001,"(32, 32)",7,"{'NN__alpha': 0.0001, 'NN__hidden_layer_sizes': (32, 32), 'rp__n_components': 7}",0.9303512954455839,0.9201406361059038,0.9222947153696807,0.919030565982048,0.9292215634367907,0.9242077552680016,0.004687980953477701,162
201,1.125838327407837,0.41024664885572637,0.0031246662139892576,0.006249332427978515,0.0001,"(32, 32)",8,"{'NN__alpha': 0.0001, 'NN__hidden_layer_sizes': (32, 32), 'rp__n_components': 8}",0.9304041207650281,0.9208005919433948,0.9251969749230373,0.9246711741244947,0.9283902361471068,0.9258926195806124,0.0033014035621317965,150
202,1.7860477924346925,0.3531878642876939,0.0,0.0,0.0001,"(32, 32)",9,"{'NN__alpha': 0.0001, 'NN__hidden_layer_sizes': (32, 32), 'rp__n_components': 9}",0.9298428708830788,0.9385883371694257,0.9292346094346833,0.9341588911734339,0.9379128954953291,0.9339475208311901,0.003908087382893678,21
203,1.1908088684082032,0.0626439620178114,0.0,0.0,0.0001,"(32, 32)",10,"{'NN__alpha': 0.0001, 'NN__hidden_layer_sizes': (32, 32), 'rp__n_components': 10}",0.9328486012133468,0.9322510006154879,0.9305844469202337,0.9322104537749384,0.9325952166898253,0.9320979438427663,0.0007921520772500668,41
204,1.332529640197754,0.2544727346845516,0.0031264305114746095,0.006252861022949219,0.0001,"(32, 32)",11,"{'NN__alpha': 0.0001, 'NN__hidden_layer_sizes': (32, 32), 'rp__n_components': 11}",0.9305132711608796,0.9330495649418171,0.9268233469218886,0.9295372716888272,0.9352624994409324,0.931037190830869,0.0029046036616105424,62
205,1.4254445075988769,0.2122027123675997,0.0,0.0,0.0001,"(32, 32)",12,"{'NN__alpha': 0.0001, 'NN__hidden_layer_sizes': (32, 32), 'rp__n_components': 12}",0.93039913688891,0.9329749982361415,0.9275098364579952,0.9349976116734094,0.9334829907014333,0.9318729147915779,0.0026373902558770607,45
206,1.2206713676452636,0.10748118364235763,0.011301660537719726,0.006133223443188326,0.0001,"(32, 32)",13,"{'NN__alpha': 0.0001, 'NN__hidden_layer_sizes': (32, 32), 'rp__n_components': 13}",0.9263255030598783,0.9382855763630786,0.9347456376854391,0.9343856071054192,0.93710571190539,0.934169607223841,0.004182591298054331,18
207,1.3887033939361573,0.2844410765244154,0.006451845169067383,0.00790815533724845,0.0001,"(32, 32)",14,"{'NN__alpha': 0.0001, 'NN__hidden_layer_sizes': (32, 32), 'rp__n_components': 14}",0.9367199256887837,0.9373463225160056,0.9337935870237731,0.9358885181401307,0.9334495484683609,0.9354395803674109,0.001558590127871959,4
208,1.0391860961914063,0.21378406092024543,0.0,0.0,0.0001,"(32,)",2,"{'NN__alpha': 0.0001, 'NN__hidden_layer_sizes': (32,), 'rp__n_components': 2}",0.6699728360265393,0.6614972373383197,0.650995762708782,0.6700340184923919,0.6610063709973976,0.6627012451126861,0.007042530101491545,259
209,1.1129762649536132,0.08737801239366749,0.0026021957397460937,0.005204391479492188,0.0001,"(32,)",3,"{'NN__alpha': 0.0001, 'NN__hidden_layer_sizes': (32,), 'rp__n_components': 3}",0.8799933160409521,0.8811154206243171,0.8619507825787175,0.8754081162290205,0.875781658406811,0.8748498587759637,0.006830497589350404,215
210,1.3105484962463378,0.2545511762818227,0.0018018245697021484,0.003603649139404297,0.0001,"(32,)",4,"{'NN__alpha': 0.0001, 'NN__hidden_layer_sizes': (32,), 'rp__n_components': 4}",0.8508060277302173,0.846816195487197,0.8526790327727887,0.8485343382555104,0.844876341111658,0.8487423870714743,0.0027732869248842905,238
211,1.4912739753723145,0.35335951296919327,0.0032246589660644533,0.0062025919334979165,0.0001,"(32,)",5,"{'NN__alpha': 0.0001, 'NN__hidden_layer_sizes': (32,), 'rp__n_components': 5}",0.9137818413814571,0.9232964901357801,0.8997507589620032,0.9108837934195407,0.8997245081218137,0.909487478404119,0.00895767099458593,197
212,1.1489976406097413,0.22856772208613893,0.004109096527099609,0.005322284404787536,0.0001,"(32,)",6,"{'NN__alpha': 0.0001, 'NN__hidden_layer_sizes': (32,), 'rp__n_components': 6}",0.924420826571887,0.9286093453757251,0.9259914265061411,0.9306595764540013,0.9282636588996658,0.9275889667614841,0.0021686066037844417,124
213,1.1885078430175782,0.5611559119818122,0.0031246662139892576,0.006249332427978515,0.0001,"(32,)",7,"{'NN__alpha': 0.0001, 'NN__hidden_layer_sizes': (32,), 'rp__n_components': 7}",0.9296496999851916,0.9188369103105556,0.9229796656639958,0.9103095131035226,0.9127764097817903,0.9189104397690112,0.006978509573623127,178
214,1.4675821781158447,0.39637300104250184,0.00367889404296875,0.0073577880859375,0.0001,"(32,)",8,"{'NN__alpha': 0.0001, 'NN__hidden_layer_sizes': (32,), 'rp__n_components': 8}",0.9277557408530668,0.932279931751343,0.9170300543104524,0.9291094183381956,0.92497520076278,0.9262300692031674,0.005165929366636201,143
215,1.2680151462554932,0.5593018870950635,0.006351375579833984,0.007577572193226833,0.0001,"(32,)",9,"{'NN__alpha': 0.0001, 'NN__hidden_layer_sizes': (32,), 'rp__n_components': 9}",0.9308300219274408,0.9227630878949857,0.9239263438185138,0.9352929026663876,0.9104271962056402,0.9246479105025938,0.008459743373102548,158
216,1.217330312728882,0.20572088809085917,0.006252813339233399,0.007658101072335215,0.0001,"(32,)",10,"{'NN__alpha': 0.0001, 'NN__hidden_layer_sizes': (32,), 'rp__n_components': 10}",0.9294957282231376,0.9347959830208908,0.9247808504044565,0.9297311167724183,0.9339019175435929,0.9305411191928993,0.0035868781541816713,73
217,1.4315488815307618,0.4263335328889508,0.002248859405517578,0.004497718811035156,0.0001,"(32,)",11,"{'NN__alpha': 0.0001, 'NN__hidden_layer_sizes': (32,), 'rp__n_components': 11}",0.9331978651093598,0.9311409094233125,0.933662472707298,0.9297199726212237,0.9259064741237041,0.9307255387969796,0.0027980371192935136,69
218,1.3197929382324218,0.16689396956392782,0.0,0.0,0.0001,"(32,)",12,"{'NN__alpha': 0.0001, 'NN__hidden_layer_sizes': (32,), 'rp__n_components': 12}",0.9263014552941534,0.9259108965670543,0.923152212242382,0.9348720452188417,0.926557378755665,0.9273587976156193,0.003949706633914737,132
219,0.866281270980835,0.22068062101900876,0.0011808395385742188,0.002361679077148438,0.0001,"(32,)",13,"{'NN__alpha': 0.0001, 'NN__hidden_layer_sizes': (32,), 'rp__n_components': 13}",0.9175551560273524,0.9288989270595492,0.926197864838717,0.9342568505976842,0.9317386875418856,0.9277294972130378,0.005760392899094554,121
220,1.535489559173584,0.48313427876234805,0.004499292373657227,0.006168165646007284,0.0001,"(32,)",14,"{'NN__alpha': 0.0001, 'NN__hidden_layer_sizes': (32,), 'rp__n_components': 14}",0.9331703155046295,0.9350151186630913,0.9285117782825146,0.9377385891759463,0.9354575030780033,0.9339786609408371,0.0030964013743038856,20
221,1.2278346061706542,0.4063916070283254,0.0,0.0,0.0001,"(16,)",2,"{'NN__alpha': 0.0001, 'NN__hidden_layer_sizes': (16,), 'rp__n_components': 2}",0.6834986456250626,0.6560275808184596,0.6524010218711057,0.6634407045899368,0.6713723788443007,0.6653480663497731,0.011170240008300547,249
222,1.330248975753784,0.14643965517370194,0.0005252838134765625,0.001050567626953125,0.0001,"(16,)",3,"{'NN__alpha': 0.0001, 'NN__hidden_layer_sizes': (16,), 'rp__n_components': 3}",0.8799894515655343,0.8760533402238416,0.8703950738348009,0.8678108273802224,0.8628552574622187,0.8714207900933235,0.006038787196525684,221
223,1.2924911499023437,0.0889802942310232,0.0,0.0,0.0001,"(16,)",4,"{'NN__alpha': 0.0001, 'NN__hidden_layer_sizes': (16,), 'rp__n_components': 4}",0.8488335662657872,0.84972366755572,0.8531034423518217,0.8486613143193928,0.8471695487212767,0.8494983078427996,0.001980572664501825,235
224,1.8316337585449218,0.29026668383848414,0.0018022537231445312,0.0036045074462890624,0.0001,"(16,)",5,"{'NN__alpha': 0.0001, 'NN__hidden_layer_sizes': (16,), 'rp__n_components': 5}",0.9130984420644074,0.9258121983864113,0.9066632169855995,0.9061103870731116,0.9049090929152395,0.9113186674849538,0.007786039890858734,193
225,1.1021753311157227,0.18293369173668084,0.0026025295257568358,0.005205059051513671,0.0001,"(16,)",6,"{'NN__alpha': 0.0001, 'NN__hidden_layer_sizes': (16,), 'rp__n_components': 6}",0.9292713353645055,0.9276815913975766,0.914682791871321,0.9298580158649361,0.9215631890714598,0.9246113847139596,0.005771254631185422,159
226,1.2016432762145997,0.16423555781159663,0.006249523162841797,0.007654071443818745,0.0001,"(16,)",7,"{'NN__alpha': 0.0001, 'NN__hidden_layer_sizes': (16,), 'rp__n_components': 7}",0.9191565431267079,0.9289213300645178,0.9182727564065234,0.91889964104316,0.9200540874333504,0.9210608716148518,0.003971684590113651,167
227,1.2959132194519043,0.48973501835890215,0.0011017799377441406,0.002203559875488281,0.0001,"(16,)",8,"{'NN__alpha': 0.0001, 'NN__hidden_layer_sizes': (16,), 'rp__n_components': 8}",0.9118250617258062,0.9197024574233189,0.9187855939224643,0.9294295453077944,0.9211040300128577,0.9201693376784483,0.005628228144403864,174
228,1.4817025184631347,0.2707336998850716,0.0012000083923339843,0.0014697041318732687,0.0001,"(16,)",9,"{'NN__alpha': 0.0001, 'NN__hidden_layer_sizes': (16,), 'rp__n_components': 9}",0.9269721825978493,0.9313605715657589,0.929088083544314,0.930021140547369,0.9226432150908183,0.9280170386692219,0.003043434827768453,112
229,1.148752498626709,0.32297974494281206,0.0,0.0,0.0001,"(16,)",10,"{'NN__alpha': 0.0001, 'NN__hidden_layer_sizes': (16,), 'rp__n_components': 10}",0.9249204863676312,0.9354021049443907,0.9229845309310625,0.9322595430231911,0.9239554592396767,0.9279044249011905,0.004977666833607041,115
230,1.5969904899597167,0.32285889088388525,0.0,0.0,0.0001,"(16,)",11,"{'NN__alpha': 0.0001, 'NN__hidden_layer_sizes': (16,), 'rp__n_components': 11}",0.9275015850183157,0.9320630965002973,0.9276881000643273,0.9316382322280636,0.9313135680933833,0.9300409163808775,0.0020121740044393337,82
231,0.9037664890289306,0.16150861694395433,0.0,0.0,0.0001,"(16,)",12,"{'NN__alpha': 0.0001, 'NN__hidden_layer_sizes': (16,), 'rp__n_components': 12}",0.9179320456703909,0.9331739549327491,0.9243265968626247,0.93036268593409,0.927162781412085,0.926591612962388,0.0052534341946467965,140
232,1.2099714279174805,0.2071188518173153,0.006249284744262696,0.007653779443743514,0.0001,"(16,)",13,"{'NN__alpha': 0.0001, 'NN__hidden_layer_sizes': (16,), 'rp__n_components': 13}",0.9201065154698379,0.9409528713656432,0.928225156364203,0.9273869342227158,0.9324484506363372,0.9298239856117474,0.006836148260285861,86
233,1.1619384765625,0.26596672214139677,0.0041008472442626955,0.00606218043241435,0.0001,"(16,)",14,"{'NN__alpha': 0.0001, 'NN__hidden_layer_sizes': (16,), 'rp__n_components': 14}",0.9237768024062453,0.9253347677271192,0.9267542324996625,0.9320152106481286,0.9334871589762345,0.9282736344514781,0.0038038729937613855,106
234,1.2561007022857666,0.2122384661235613,0.006636714935302735,0.006543640513586592,0.0001,"(16, 16)",2,"{'NN__alpha': 0.0001, 'NN__hidden_layer_sizes': (16, 16), 'rp__n_components': 2}",0.6704182743637701,0.6601165412623378,0.6484377171061755,0.6794252573972751,0.6676181105779068,0.665203180141493,0.010413944729111174,250
235,1.2139717102050782,0.22115167787204482,0.0,0.0,0.0001,"(16, 16)",3,"{'NN__alpha': 0.0001, 'NN__hidden_layer_sizes': (16, 16), 'rp__n_components': 3}",0.8694819059370216,0.8834389390547466,0.8758224611101538,0.8850428514290533,0.8820417252663553,0.8791655765594661,0.00576239734701307,212
236,0.9905457019805908,0.15197126319678045,0.013443183898925782,0.012267310074314162,0.0001,"(16, 16)",4,"{'NN__alpha': 0.0001, 'NN__hidden_layer_sizes': (16, 16), 'rp__n_components': 4}",0.8476099312691678,0.8525015230363132,0.8427975741950229,0.8563334308616095,0.8524001957296217,0.8503285310183472,0.0046728707746889146,230
237,2.201631689071655,0.2523160736722441,0.0031278133392333984,0.006255626678466797,0.0001,"(16, 16)",5,"{'NN__alpha': 0.0001, 'NN__hidden_layer_sizes': (16, 16), 'rp__n_components': 5}",0.9106642598107433,0.9246230879094816,0.9120223243334494,0.9115244316140354,0.9070239901211634,0.9131716187577746,0.005987494227733678,187
238,1.404631996154785,0.4629918865107375,0.003195667266845703,0.006391334533691406,0.0001,"(16, 16)",6,"{'NN__alpha': 0.0001, 'NN__hidden_layer_sizes': (16, 16), 'rp__n_components': 6}",0.9291933092955167,0.9388962824664325,0.9252601320321843,0.9302393430814169,0.9273561032566288,0.9301890340264357,0.004671825034225035,79
239,1.4489066123962402,0.12801173141595065,0.00312657356262207,0.00625314712524414,0.0001,"(16, 16)",7,"{'NN__alpha': 0.0001, 'NN__hidden_layer_sizes': (16, 16), 'rp__n_components': 7}",0.9255082848636469,0.9269742640729797,0.9229912133536688,0.9168421833823005,0.9170292925087419,0.9218690476362676,0.0042251421818053116,165
240,1.5485167980194092,0.2886323727180621,0.009383726119995116,0.007661790389225909,0.0001,"(16, 16)",8,"{'NN__alpha': 0.0001, 'NN__hidden_layer_sizes': (16, 16), 'rp__n_components': 8}",0.9277466833227868,0.9339853976119579,0.9246855860743075,0.9324780458530858,0.9315892983715665,0.9300970022467409,0.0034006869579923616,80
241,1.1745581150054931,0.05799951224159769,0.0019853591918945314,0.003970718383789063,0.0001,"(16, 16)",9,"{'NN__alpha': 0.0001, 'NN__hidden_layer_sizes': (16, 16), 'rp__n_components': 9}",0.927237452054547,0.9281273036010705,0.92629206636452,0.9245928013455422,0.9238810776682813,0.9260261402067922,0.0015879946038083645,147
242,1.091671085357666,0.30334457125621705,0.0,0.0,0.0001,"(16, 16)",10,"{'NN__alpha': 0.0001, 'NN__hidden_layer_sizes': (16, 16), 'rp__n_components': 10}",0.9285404531913108,0.9344294901345808,0.9288335679496424,0.9338882605823426,0.9194919771783937,0.9290367498072541,0.00536673239082549,97
243,1.435859203338623,0.12352052110167537,0.00010013580322265625,0.0002002716064453125,0.0001,"(16, 16)",11,"{'NN__alpha': 0.0001, 'NN__hidden_layer_sizes': (16, 16), 'rp__n_components': 11}",0.9272810423041721,0.9276401268203172,0.9270142707269765,0.9299696631013823,0.9268392685929832,0.9277488743091663,0.0011427703743744151,120
244,1.3638965606689453,0.27624421034233926,0.003245687484741211,0.006491374969482422,0.0001,"(16, 16)",12,"{'NN__alpha': 0.0001, 'NN__hidden_layer_sizes': (16, 16), 'rp__n_components': 12}",0.923022059383646,0.9373434166984945,0.9305547784060221,0.933277915980193,0.9313964294281145,0.931118919979294,0.004676751903906636,59
245,1.1144521713256836,0.17999749717884883,0.0021078109741210936,0.0015368070384391965,0.0001,"(16, 16)",13,"{'NN__alpha': 0.0001, 'NN__hidden_layer_sizes': (16, 16), 'rp__n_components': 13}",0.926202520856323,0.9358782087923302,0.9279420518269492,0.9353219980108564,0.9307312179728505,0.9312151994918618,0.0038648190297121145,56
246,1.3395799160003663,0.11629695215874704,0.0028436660766601564,0.005687332153320313,0.0001,"(16, 16)",14,"{'NN__alpha': 0.0001, 'NN__hidden_layer_sizes': (16, 16), 'rp__n_components': 14}",0.9277940190235529,0.9321910143929553,0.9306458111538596,0.9359664811658202,0.9336554358952058,0.9320505523262786,0.0027575805720610764,43
247,1.6769396305084228,0.4113423040507147,0.0031247615814208986,0.006249523162841797,0.0001,"(32, 16, 32)",2,"{'NN__alpha': 0.0001, 'NN__hidden_layer_sizes': (32, 16, 32), 'rp__n_components': 2}",0.6833636232850517,0.6821297764856422,0.6556120866808123,0.6829516195299282,0.6750158731925978,0.6758145958348065,0.010550694415993406,241
248,1.5423747539520263,0.3751218160791288,0.0031246185302734376,0.006249237060546875,0.0001,"(32, 16, 32)",3,"{'NN__alpha': 0.0001, 'NN__hidden_layer_sizes': (32, 16, 32), 'rp__n_components': 3}",0.8855018602390148,0.8955930170071242,0.886268749805081,0.8789764747869021,0.8887414281587882,0.887016305999382,0.005367071647092094,201
249,4.0978210926055905,1.4077683445327216,0.012561178207397461,0.006350405083109437,0.0001,"(32, 16, 32)",4,"{'NN__alpha': 0.0001, 'NN__hidden_layer_sizes': (32, 16, 32), 'rp__n_components': 4}",0.8781160532860721,0.8563879012479756,0.8848602125950166,0.8911413714279025,0.8831216141222653,0.8787254305358465,0.011920185607557247,213
250,1.4254065990447997,0.22615487507704307,0.009375572204589844,0.007655123054723099,0.0001,"(32, 16, 32)",5,"{'NN__alpha': 0.0001, 'NN__hidden_layer_sizes': (32, 16, 32), 'rp__n_components': 5}",0.9147430626593149,0.9209994371136085,0.9070998503601619,0.9075664347800539,0.913492138258827,0.9127801846343934,0.00512572462061281,189
251,1.2157140254974366,0.0732540115569043,0.006458711624145508,0.007917185945565822,0.0001,"(32, 16, 32)",6,"{'NN__alpha': 0.0001, 'NN__hidden_layer_sizes': (32, 16, 32), 'rp__n_components': 6}",0.9327866827531052,0.9273483751689879,0.9238811891925679,0.9358702271075514,0.9283322727985757,0.9296437494041576,0.004215278604919329,91
252,1.79252290725708,0.7643457572501616,0.006372594833374023,0.007807102211780138,0.0001,"(32, 16, 32)",7,"{'NN__alpha': 0.0001, 'NN__hidden_layer_sizes': (32, 16, 32), 'rp__n_components': 7}",0.9041303811049654,0.9438004493469504,0.9220860375358269,0.9250524854619285,0.9358530205466916,0.9261844747992726,0.013477870548969598,144
253,1.6122079849243165,0.2656749985471331,0.0004172325134277344,0.0008344650268554688,0.0001,"(32, 16, 32)",8,"{'NN__alpha': 0.0001, 'NN__hidden_layer_sizes': (32, 16, 32), 'rp__n_components': 8}",0.9321602954736803,0.9336718824035535,0.9259642773194716,0.9293068575534636,0.9310756823640803,0.93043579902285,0.0026504561694644085,77
254,1.364687967300415,0.393592973831934,0.003941631317138672,0.00605531656633164,0.0001,"(32, 16, 32)",9,"{'NN__alpha': 0.0001, 'NN__hidden_layer_sizes': (32, 16, 32), 'rp__n_components': 9}",0.9317584238076382,0.9369186648359762,0.9362814456073136,0.9284222014844954,0.9317835585279208,0.9330328588526688,0.003165308875748801,31
255,1.3141403675079346,0.19992841274346107,0.006365442276000976,0.007798200526590583,0.0001,"(32, 16, 32)",10,"{'NN__alpha': 0.0001, 'NN__hidden_layer_sizes': (32, 16, 32), 'rp__n_components': 10}",0.9294779832085824,0.935701344275769,0.9324883686887055,0.9312366208434427,0.9314171016048036,0.9320642837242608,0.0020591686871081075,42
256,2.005256748199463,0.24706704268356106,0.003382253646850586,0.006764507293701172,0.0001,"(32, 16, 32)",11,"{'NN__alpha': 0.0001, 'NN__hidden_layer_sizes': (32, 16, 32), 'rp__n_components': 11}",0.9295190842581735,0.93776642801795,0.936217983509374,0.9346970581798564,0.9348614438212796,0.9346123995573267,0.0027762149132175475,9
257,1.4693518161773682,0.19660754354418727,0.0,0.0,0.0001,"(32, 16, 32)",12,"{'NN__alpha': 0.0001, 'NN__hidden_layer_sizes': (32, 16, 32), 'rp__n_components': 12}",0.9237151590728767,0.9346704942761384,0.9304691700333356,0.9344576125834456,0.9342461228417027,0.9315117117614997,0.004195387220853475,50
258,1.4308051109313964,0.19885055722926379,0.005635976791381836,0.006450427441680371,0.0001,"(32, 16, 32)",13,"{'NN__alpha': 0.0001, 'NN__hidden_layer_sizes': (32, 16, 32), 'rp__n_components': 13}",0.9298241413743153,0.9396081393707717,0.9295197561309623,0.9318540179187531,0.935093866217943,0.9331799842025491,0.0037789220803080606,30
259,1.2439249992370605,0.20221394354341365,0.004482364654541016,0.003784638944664087,0.0001,"(32, 16, 32)",14,"{'NN__alpha': 0.0001, 'NN__hidden_layer_sizes': (32, 16, 32), 'rp__n_components': 14}",0.9323545745623786,0.9360504082590129,0.9324148271319267,0.934705742689452,0.9323260130826386,0.9335703131450817,0.001536328278581095,26
